h2s,nh3,temperature,humidity,cumulative_exposure,h2s_trend,risk_score,risk_status
37.454011884736246,47.53571532049581,34.6398788362281,59.93292420985183,1.5601864044243652,-6.880109593275947,26.409927541179734,SAFE
5.8083612168199465,43.308807288746756,32.022300234864176,65.40362888980228,0.20584494295802447,9.398197043239886,10.536707510154848,SAFE
83.24426408004217,10.616955533913808,23.636499344142013,39.17022549267169,3.0424224295953772,0.49512863264475726,47.70685140358261,WARNING
43.194501864211574,14.561457009902096,32.23705789444759,36.97469303260209,2.9214464853521815,-2.672763134126166,26.372312293666464,SAFE
45.606998421703594,39.25879806965068,23.993475643167194,55.71172192068058,5.924145688620425,-9.070991745600045,29.641848537208737,SAFE
60.75448519014384,8.526206184364577,21.30103185970559,77.44427686266667,9.656320330745594,6.167946962329221,37.54115513216675,WARNING
30.46137691733707,4.883605700319194,33.684660530243136,52.007624686980066,1.2203823484477883,-0.09646179777459629,17.83775125285086,SAFE
3.4388521115218396,45.4660201039391,25.17559963200034,63.1261142176991,3.1171107608941098,0.40136042355621626,7.339183986971843,SAFE
54.67102793432797,9.242722776276352,39.39169255529117,68.75664116805572,9.394989415641891,7.896547008552975,34.69981320016805,WARNING
59.78999788110851,46.093711751155844,21.76985004103839,39.79914312095726,0.45227288910538066,-3.4933933847347127,38.188033996080755,WARNING
38.8677289689482,13.567451588694796,36.57475018303859,47.83766633467947,2.8093450968738076,0.8539216631649698,23.732101871685632,SAFE
14.092422497476264,40.109849037701984,21.491012873595416,79.34434683002587,7.722447692966574,-6.025686369316552,13.790606359851996,SAFE
0.5522117123602399,40.77307142274171,34.13714687695234,66.45035840204937,7.712703466859457,-8.519106965318192,6.046034021365362,SAFE
35.84657285442726,5.793452976256486,37.26206851751187,61.1649063413779,3.308980248526492,-8.728832994279527,21.631758122931455,SAFE
31.09823217156622,16.259166101337353,34.59212356676128,61.87787356776066,8.872127425763265,-0.5557014967610137,20.247050532509416,SAFE
11.959424593830171,35.66223936114975,35.21570097233795,58.063859878474815,7.70967179954561,-0.12408807271218514,11.443369095239488,SAFE
52.27328293819941,21.37705091792748,20.508382534881903,35.39457134966522,0.3142918568673425,2.7282082252756084,32.404219251473556,WARNING
31.435598107632668,25.42853455823514,38.15132947852186,42.464611457443745,4.103829230356297,5.1110227708609735,22.094164331765395,SAFE
22.879816549162246,3.8489954914396494,25.79502905827536,38.06106436270022,9.29697652342573,6.162407591288339,15.302827230390912,SAFE
63.34037565104234,43.57302950938588,36.07344153798229,39.32850294430179,8.925589984899778,0.786844838313014,40.8854049556035,WARNING
80.74401551640625,44.80456499617466,26.360069499437277,35.50259622638384,2.279351625419417,-1.4578442274748742,49.79650627856456,WARNING
81.80147659224932,43.036529162817175,20.139042610623815,55.537365128878285,4.17411003148779,-5.557843790585395,50.023086669505965,WARNING
11.98653673336828,16.8807585701814,38.858194078250385,46.160146601037766,5.187906217433661,4.060379177903556,10.23704458068372,SAFE
36.3629602379294,48.589104136048036,39.24894589884222,42.58911479126821,4.972485058923855,-3.982433803664607,26.19015435279087,SAFE
28.484049437746762,1.8443473677266398,32.19128667959794,55.13395116144308,0.5147875124998935,-4.427070715267771,16.49266319521043,SAFE
90.82658859666537,11.97809453334862,22.897897441824462,54.472638013878154,9.856504541106007,-5.158894569769991,51.97399543715881,WARNING
67.21355474058785,38.08098076643588,24.752750879847994,66.41081743059297,3.677831327192532,2.646116611871589,42.32157140023811,WARNING
63.35297107608947,26.788734203737924,21.805795401088165,71.7651247794619,3.2078006497173583,-6.269629792002915,38.93136401362756,WARNING
4.077514155476392,29.54464715941209,33.55128723684565,30.82939144639281,5.12093058299281,-5.470084496041241,6.839238820125507,SAFE
64.51727904094498,8.718321450249572,33.81875476204932,49.33676731502687,9.367299887367345,-7.249581117080135,37.29879998426419,WARNING
34.10663510502585,5.673676062029454,38.49387236557126,73.86696766904905,2.579416277151556,3.19968092068358,21.962965913692475,SAFE
81.72222002012158,27.760040579973115,30.59301156712013,42.092614545022585,0.9310276780589921,7.944315159066534,50.03365933588532,WARNING
90.04180571633304,31.655072863663396,26.780595820974014,47.46047873063304,7.259556788702394,7.942205199051543,54.855925164111994,WARNING
88.70864242651173,38.99377729288119,32.84063292308576,34.206998249752445,1.6162871409461377,7.971083770541586,55.545843908691864,WARNING
60.642905965958995,0.4598525808314824,22.02943085732064,63.17508845540279,0.05061583846218687,-6.783838971650027,34.20939721118781,WARNING
54.87337893665861,34.59475988463466,33.03922519005201,41.21346547302799,7.121792213475358,-5.255018250063999,34.83721200015068,WARNING
32.539969815926774,37.32457025590121,32.992657980944294,72.4611705247089,6.576128923003433,1.3661720667094315,23.754172709124568,SAFE
9.367476782809248,18.385790152971676,25.30404735363451,42.19948216895418,9.730105547524456,-2.138045506664792,7.882424782452494,SAFE
89.20465551771133,31.556931299863145,35.89622607083297,55.1318546552596,5.769038846263591,-0.14964612362272156,53.30810964334537,WARNING
19.52429877980445,36.12260576307526,25.615447248817116,31.21579832157269,6.454722959071678,-6.457786411859021,15.643343499515781,SAFE
94.04585843529144,47.696428850129365,38.29728780440897,48.50793501277222,0.15456616528867428,8.566371251754507,58.9553352226204,WARNING
42.81841483173143,48.33274095218348,39.272399541785056,72.650472773368,2.944488920695857,-2.298045427961495,30.37677031446308,WARNING
85.11366715168569,15.846100257813884,23.38985493372185,57.840063122917506,9.36154774160781,3.9205959334994596,50.12183394244858,WARNING
57.0061170089365,4.8588246885384265,32.3001445339834,79.50269250521316,1.4008401523652403,0.3665930472747352,33.82274929280195,WARNING
87.73730719279554,37.03843088771022,33.94031481990536,65.12420419935546,3.5949115121975517,-4.128163114710133,53.342333571381495,WARNING
80.93611554785136,40.50566973395904,37.341446371602075,75.66202762782356,5.113423988609378,0.030325893743992083,50.7273406028647,WARNING
79.82951789667752,32.49819653888826,34.03933754515407,69.78963347180505,8.900053418175663,-3.240096862969284,49.042505718818205,WARNING
37.5582952639944,4.69909699204345,31.56560281992348,31.797113689837104,4.655980181324601,0.8528926941515316,22.768774098802123,SAFE
28.65412521282844,29.541663028450536,20.610004998780987,31.867409437460722,8.226005606596583,-2.7961871717747417,20.25136472841844,SAFE
12.706051265188478,26.112163002740218,35.39987106197222,40.791051374842155,6.228904758190002,-8.29305070012464,10.89143071839369,SAFE
5.16817211686077,26.5677315784074,30.81270243220213,61.87149507491033,7.260913337226615,9.517041589250692,8.649931682181256,SAFE
51.630034830119534,16.1478236470623,35.90372389537407,43.54161256310371,4.389714207056361,-8.430872373154681,31.09889279823831,WARNING
2.535074341545751,48.132420733896254,36.71960241024412,64.7987103046849,4.089529444142698,-6.534113598583085,7.737925069193375,SAFE
15.643704267108605,12.512144908229766,30.984533294122407,65.72979613500311,6.601973767177313,-4.401322061081143,11.271066997547852,SAFE
95.48652806631941,36.89484583478843,31.087081050228015,60.58603731171761,4.196000624277899,-5.045380209976851,57.2505309692657,WARNING
35.597267865126156,37.892305523218454,20.287869772595116,35.80363202534581,0.4600264202175275,-9.185423953620598,24.336154109255062,SAFE
85.54605840110072,35.18289296900118,29.483476581746505,34.89170803255007,4.916158751168323,-0.5305645843886868,51.79401778252377,WARNING
17.320186991001517,21.692582461898652,27.97009468794747,60.79250490261082,6.350936508676438,-9.09391980455911,12.701037896202438,SAFE
37.46126146264712,31.29299578571182,30.062725171601755,72.82449205941612,6.58693631618945,-6.741311458371406,25.456701060387466,SAFE
7.056874740042984,32.12096391031578,20.530226210832435,59.28877906367316,9.402302414249576,1.50948355751758,8.553316972913251,SAFE
38.816992620652194,32.16441092211766,29.165057809830333,57.280839465796745,9.41464808776525,-2.2779472439845154,25.60881430174009,SAFE
96.11905638239142,45.26753209780318,23.915822695785927,33.46806504375827,1.0077800137742665,-9.635563486969005,58.3234288338071,WARNING
9.44429607559284,34.150338670817845,21.42377296920458,45.948781514688065,8.448753109694545,-9.534561285283482,9.413206639947942,SAFE
81.44684825889358,14.092738738669997,22.363296552433127,64.83685826820754,6.28942846779884,7.549440270541059,48.90307797954535,WARNING
73.50710438038858,40.17404651924243,25.64069145142613,38.87197718898614,7.506147516408584,6.136694785345281,46.63739410714945,WARNING
99.05051420006733,20.630883845571326,27.440361715855666,68.82064803709984,3.4080354025301784,8.615146512071295,59.49735275478271,WARNING
85.84127518430118,21.44970136875092,35.017421355829946,67.72714370423412,1.031238688359326,8.051058133591333,52.40667330238019,WARNING
50.525237244785714,41.322873305387084,26.400992020612236,74.77616142481003,3.892016787341631,-9.783246970394032,33.42462632680905,WARNING
90.53819764192636,4.564333839306678,26.3862727518083,77.50309835254025,9.506071469375561,1.4687577624657226,52.46596576816951,WARNING
63.183721216979926,22.42227609891599,25.86421543396129,46.4332272684958,6.725184560770384,5.0474905887536,38.560581033293076,WARNING
79.15790437258485,39.48090713972769,21.824122060973806,54.72101523512907,0.5755876001664428,0.9905776464747102,48.10667768690547,WARNING
44.1530501373377,44.38520913791499,27.018300251041573,35.853350821380296,1.4299168205283586,5.230212634349446,30.64848432870661,WARNING
61.82180633162611,5.0561338061395125,21.682136122299948,65.048456572956,0.7276300636419353,6.437201185807126,36.749744625884645,WARNING
70.62422271564962,4.067439032094988,21.69675428170384,79.33197892505876,3.742707957561203,-2.587157058662182,41.0689630268626,WARNING
81.27995672575025,47.36242886919293,39.720021276457416,67.66890926294708,3.762595855309158,-8.329985666026625,51.24779540581762,WARNING
77.71469159274368,27.920212486790252,28.484440184939526,75.3177192547368,1.1119748230615134,-0.14749791418281788,47.03080833782494,WARNING
1.1353644767419069,23.433032099706313,21.126065513636746,35.9408958134036,1.1752624677710488,2.984206042321272,4.52000993767947,SAFE
74.60448792654233,29.168438254857982,39.24345096949084,48.7435289761852,2.8571208628186073,7.3719825637892065,46.341560840648135,WARNING
22.359583851945263,48.161126972030566,20.243089493796326,78.49394133538195,0.43159911950576113,7.822862273961423,20.362578818619806,SAFE
52.77011090862999,49.64823980596502,21.475931294707976,57.69271422006604,9.69302535619099,0.46195688340297636,35.126266771101044,WARNING
62.93986381352625,34.78743444923086,29.090821295355465,61.377904004203174,5.843143119231002,8.023160209819778,40.765894005265956,WARNING
4.5446380341457875,14.048159479611517,39.008229681531176,74.51318919454582,4.55656752785713,2.4026519560307342,6.538796578144188,SAFE
27.738118298113267,9.406057986188065,29.273968098799642,47.667611401302636,5.836561118508721,-8.445307260700304,16.81871675338139,SAFE
97.43948076661665,49.31053722398014,33.9632342803949,56.80481831720602,3.0952761628632777,6.275900394138972,60.72111466088818,DANGER
68.47311725538793,8.130846967244565,38.21854368987685,71.12686214615846,9.49799913291924,4.5143901677672,41.568347469189,WARNING
61.34151959357899,20.912151814530944,38.65456966708027,73.30319447502042,0.45218670106189407,-9.47266051005496,37.69954850007967,WARNING
37.64633668780496,40.52766653909165,39.74552258629889,37.52084455517641,5.941307153521351,-2.3821828673795693,26.416551091434087,SAFE
96.99143978146031,42.105946156785436,36.76657409422276,53.434657989748516,4.148195023376652,-4.531858561385875,58.523357850849116,WARNING
5.6375496650927115,43.23611881275266,36.258020182601555,79.98588366430653,9.966368370739055,1.108634112052549,10.206504630369125,SAFE
76.89874151805105,47.238286494121404,36.99294781354823,42.36740508715988,4.505441353100935,-7.4168116969701,48.22468568831469,WARNING
95.40510272587224,30.308731722544003,24.572856110069253,63.58503422029283,6.181282404578958,-2.8367456393431905,56.51335269722426,WARNING
11.355759219962902,33.57865977963998,30.406154018075867,68.61591958678196,5.201635011119934,7.043630006370801,12.473444981016645,SAFE
55.190683877448556,28.046898576769312,37.533072053166904,50.174143310619854,1.3401522845064073,-9.42434647373322,33.861934372688296,WARNING
75.5137255673619,31.015477567673233,34.08159536198447,40.64820807544554,1.3637147558676976,-9.709106686642361,45.623951920936705,WARNING
35.058755880659696,29.495884342731653,27.844880901994646,51.873746101186455,9.041586944937483,-3.0348906595339926,22.91991486604193,SAFE
51.39894891598108,39.18265063705715,27.930855646425403,61.10433501139367,8.623637087467452,8.990412473152844,35.118710849390204,WARNING
14.707348092903793,46.32938125807472,29.842325861590766,42.91221941494792,4.591357562382613,9.600651505709543,15.46818307849774,SAFE
49.26180939928696,16.437580514375412,32.668017086334515,42.00728093890965,0.7586332810866392,-7.4224055617870155,29.558721692470947,SAFE
12.804583895777244,7.595134675614718,22.776543452988204,62.04373724016073,1.8188008439914483,-3.086654333522736,8.606334341797156,SAFE
89.67884099060119,23.69808201314362,33.35115477042054,38.61599356008149,1.9228901880867078,-9.182627674670423,52.7760733160663,WARNING
16.893506307216455,13.92951695159793,23.540209685534936,34.43512668785278,1.206358711006008,-0.7844246393454846,11.59593128100976,SAFE
20.63337184057925,18.213493052403773,30.068345417097138,64.51974143146826,0.39312139841098936,5.988207978180853,15.366405825543959,SAFE
62.79003894909078,4.087951597443595,37.47157248213554,76.04362002659066,0.6107795985486375,-4.4624470370559255,36.89961518710804,WARNING
80.62012797930613,37.41298451918292,23.690420387127546,40.467466166835514,3.70472102791382,-0.30954029617957346,48.80971056423421,WARNING
61.825477153029595,18.445681978488622,29.25069432266296,67.37354690668784,0.366832028905979,-4.951261113119585,36.94813429492798,WARNING
71.33495858845524,44.76034188435997,30.233548842313322,56.60567426326578,1.0717201133977605,-1.0517526635309071,44.355808573035226,WARNING
53.261726645502314,12.123525181736483,25.38486461898762,48.86420815523113,0.20071197777726368,-3.5584166883364343,30.592370595276613,WARNING
21.144800699654464,16.374867608895734,22.395242636385024,74.52636403699475,5.935924535540487,3.582046382889793,15.636888719084999,SAFE
78.91712386073382,24.922109946452863,21.738405761748474,56.85532709092739,5.868411180208791,4.908789483686601,47.6776536402556,WARNING
43.16595462296794,6.379015139778188,25.67551811597449,48.154114819931756,6.459172413316012,1.4155660933782386,25.111318560753773,SAFE
35.60967258978462,49.32576243964898,32.11549638713774,41.86133958679972,1.0178247262040374,-6.94281721631336,25.331495244673548,SAFE
24.595772838450813,8.034068662977784,23.731340481026116,44.254758434692356,1.7337359529475482,7.9353084925285025,16.355525477812883,SAFE
8.023374566164222,26.225569478512732,28.20793653979323,79.11893084543033,1.1203890216805235,-2.042888019085167,8.7077757795868,SAFE
96.94704332753689,43.275356294699016,36.341441418985596,42.895141352246995,1.7088758739006582,3.3728643984886197,59.330741136344884,WARNING
92.93759891275857,27.83814465069649,31.432253789397997,43.998954683014205,7.694929331919369,-6.259125028849533,54.90590528900203,WARNING
32.367923640424365,21.27182193082084,30.1522075736891,42.12048662075401,1.1483682473920354,2.212400848832651,21.08102482509837,SAFE
28.863055324025577,29.061911071130613,23.087254305484045,54.05700509274087,5.325894325515859,-8.963529263551461,19.345653790965763,SAFE
33.660427819392055,6.720733846948712,21.267499409455354,79.49801161949726,3.2235384497472297,6.197488917092699,22.2475090017685,SAFE
25.464065476376383,34.075136111196464,35.20455719779373,59.781937030392214,4.715761885501584,-1.7631817170546285,18.647862428811035,SAFE
34.88682665429953,46.476457212391296,36.61238815575459,78.25134553332563,1.2429722348554473,4.617349504072886,26.81420557811523,SAFE
93.83404568210378,9.061653308283008,21.32992534733555,67.05603246450295,5.744731131799119,6.836575535165441,55.20574747546679,WARNING
13.97723766262895,39.76336559299451,24.032546400954892,38.18279714328523,1.6426579793099294,6.291494404627642,13.643481876424392,SAFE
66.51972206962002,26.153271238455964,27.17660968247005,73.86002704065541,3.924451074226354,6.331988789431541,41.96562640989051,WARNING
43.91349085702184,18.84722147124538,29.25359571339213,45.068893708207106,7.476093801762511,0.05440780184958349,26.88106346920385,SAFE
23.22126951468173,44.978728663728425,27.67782442746423,57.177643055699434,9.06472110964547,2.484759918279842,18.71253251274422,SAFE
11.689804070836407,46.991606180673756,32.55416106142836,46.745280732854305,1.3927207266338726,5.880503785405919,12.914733666868981,SAFE
62.00727559285135,26.673054598816076,37.87785166101915,69.42986056122655,1.5167487973275118,-3.765558644089035,38.46253008692851,WARNING
24.848913981446575,37.19731462863385,20.670648694715588,58.49448424356582,7.624586857406905,7.535312735234989,19.916117820018858,SAFE
34.20817487159075,41.06286523360064,22.212634739104146,72.3226145867259,1.2748866233198242,-2.0542541887926546,24.24002602628206,SAFE
79.72953657795536,7.4958713674386885,24.58502790465283,66.1126284196533,7.200365365460744,2.8229526577059456,46.35182108018357,WARNING
69.39484444671,27.13622216737981,25.035981178139053,47.28479967519597,1.8159771680142567,8.169011226672566,42.74294684131086,WARNING
58.339179476612046,20.042570838181994,29.240116072882653,77.36416698059077,1.533514031160802,1.7245966403359443,36.09261497825372,WARNING
50.5888678884466,30.57271177173239,20.36220367641681,73.60619544720757,9.321182824836123,1.3026636717841793,33.01993997995705,WARNING
69.66508238768922,46.124969058864785,34.14477268626797,37.62695214571307,5.762883601668132,2.1343009276571188,44.71918761175813,WARNING
42.4130671302386,36.82221178123614,38.687340295380295,76.27842564533881,4.508393714041321,-7.735239083184895,29.23311608249287,SAFE
98.48411989623345,41.94490432229671,22.493253624065336,76.04209413086862,8.698963620621283,0.3767611425214419,60.298498810033585,DANGER
59.127543574492925,19.95013519350651,21.095232776440625,46.759862082295044,8.028534485980114,-9.907359539907944,35.27383446668399,WARNING
33.34991716911442,19.908434679547167,30.74791205875846,75.99278082063802,3.4634599436596125,-3.0609359620754457,22.093505552120458,SAFE
73.75012481097484,22.610897044490358,24.49209645879964,52.621975806634666,1.4085702037979986,-6.472260269875534,43.05058082806685,WARNING
49.83677727394797,20.946272475227396,38.296918021362,48.119694955831655,5.805883502780435,2.6452857583906066,31.08306722828779,WARNING
1.3094456588333636,33.17686860083553,23.560719337395028,78.05351587347275,1.4866272775311296,-1.7075175254595258,5.5868531631223455,SAFE
8.534966807864386,49.843712592297365,30.04390020662485,59.76925086600219,0.6707647738842748,4.999209407983557,11.452640677477426,SAFE
20.990559309558577,44.90271447203569,24.102792809640142,39.534386033183324,0.3654966784809488,-0.5586610978000159,16.621494959243662,SAFE
56.48411332626164,3.2854319714176183,35.51055233390021,52.664441737401376,5.243902693275801,-1.1847450612354375,32.31575036481454,WARNING
40.0763060875326,27.982016565410895,23.10480491861425,39.09640652476355,8.617856210135173,8.922309242672654,27.69546409155642,SAFE
37.330931627975296,13.537233657177689,32.87999086478031,50.43670855490482,0.2538635566034486,-6.876948052676193,22.314263909918612,SAFE
71.59722288473975,32.94619709550757,20.541919850069668,41.098608096647474,2.310747965880714,3.4378548719745687,44.14417427151072,WARNING
1.9710537754364155,5.2054290992286925,35.99832170746379,38.927233102716684,6.527461078518747,-5.23634437906547,3.0345499705761907,SAFE
9.944139275934516,12.158609549972704,34.44533863711318,72.78482340531428,8.302198645669916,-2.056329407630903,8.711755591166124,SAFE
66.80851365706462,10.249214770791049,25.862954605220267,74.81679092605599,0.13001923510736035,-8.28982938291064,39.06009222678384,WARNING
20.78862551460273,1.3266101936909858,23.628708701795947,59.15207804848461,4.214245505924979,7.853434221539498,13.873972639339184,SAFE
81.7443561738441,17.0908675848938,25.188468668625852,48.98462040836334,5.902949425148077,-4.638727183542475,47.02382253837416,WARNING
62.4148907849134,20.470582609562022,31.040943617039606,51.80632645676583,2.9446575954191765,8.969066139243132,38.70865780396843,WARNING
76.36057941597608,7.005658788322627,37.36935951795826,54.37155991247568,8.945522268940914,5.997105118946305,45.182627666377115,WARNING
42.52135044692334,1.12346541600587,25.37354718769892,57.081710733043344,6.334782198261473,-4.842246291335954,24.188591293358613,SAFE
13.935607407282413,41.74651183996495,39.68804361407104,56.28450911513429,1.716792858483035,-4.553853469612621,12.973702537386242,SAFE
1.8390676547466733,45.71494032802495,22.355021657802823,58.82582377571268,2.74055220687206,1.0835600503158673,6.510260969215435,SAFE
65.14203883518643,41.48709018536008,24.128425435212066,30.549791432924025,1.3688563006880727,8.0003728369621,42.66143691690856,WARNING
87.38900775625153,29.870655108515415,32.010337208673064,63.25183372731277,1.753712786234496,8.288238918499196,53.80946174660073,WARNING
41.87705248920731,19.156926412474874,30.37835410565675,32.348298338752755,1.662833687560794,4.760672328527409,27.13485044874023,SAFE
8.279866792512646,30.15760547331941,24.90698219362642,49.46478070209883,2.8869373677069987,-2.8865456707010173,7.745446006812984,SAFE
71.90459051842456,14.85608578115875,31.328092805937942,53.80252010995498,6.636711653626481,8.73659478649516,43.61881854902438,WARNING
73.25720972102503,10.747018929537838,20.623662701225694,43.113202214991254,5.9507793070025485,-8.971483730314993,42.22686295905684,WARNING
49.636624720123635,29.84214244584446,26.684877816339217,68.54561018729109,1.065982531337718,-8.497244365283825,31.34918136740085,WARNING
72.81887562036033,24.774565810309923,33.76804792855472,51.74136693018731,2.464020332391068,6.382046353483993,44.452919202482626,WARNING
79.94158789689793,34.73482354272134,25.44290274459925,59.51153334345435,3.6097389694002677,-8.168358533467316,48.119564450438695,WARNING
91.73135754622427,6.84093154594807,39.00474707641605,52.30028864789779,1.8513292883861965,0.8380189475671624,52.2117618451666,WARNING
87.29458358764083,36.61124432047806,36.131222957229,62.93916833553587,6.922765645178525,6.983913031306386,54.61958585840871,WARNING
24.966800885918595,24.471248182157023,24.424188836392045,79.38340039983234,9.440593396866133,-9.211463772629882,18.14885555348625,SAFE
70.55751725156884,46.26241587078329,23.611506902546672,58.39726152763147,9.154882975880419,-9.321080428284024,44.379907955489465,WARNING
69.742026724684,14.867450368627539,38.48792390753061,78.55291225826838,9.442664891134338,-0.5157156668507241,42.41903478828562,WARNING
86.20426509893134,42.22746992675352,26.382009464865114,71.44577370753387,0.3700763471549262,1.92539756964106,53.180065286993496,WARNING
23.000883728770305,6.0283442888639405,21.539064032584182,64.81443879390699,3.3987496376806616,4.4953354305752296,15.236093785775282,SAFE
6.535634079894237,15.764516891530517,30.789825847506744,69.53615824194819,3.187525029320699,2.517827528740181,7.1002913947817,SAFE
88.5977748236187,30.79315940911523,24.659189495072674,31.2200390778269,8.700988739009299,-9.574611782992257,53.1991801022073,WARNING
87.47016726841994,26.4468567013606,38.781353970257925,69.93916178868326,9.979341105333376,-2.985763690965797,52.938270510980765,WARNING
76.71882889311269,20.096545680462107,29.597512406078177,61.3752731609185,8.736771141863388,9.681669383985902,47.37682217149837,WARNING
76.82734138645182,20.888339108366687,28.427140045541403,66.87911507944457,2.3877714576830233,-7.790517737372107,45.47857300251862,WARNING
35.462215764077655,14.361949582704087,25.9261624091198,41.680387552495496,0.42093189636361883,-9.642521305331723,21.423748966162517,SAFE
98.77223897360315,21.388656686793116,27.686532943193633,63.982364134653494,2.1825388786506417,8.999223679004508,59.20601363778684,WARNING
78.6345014415552,4.470550115612975,28.35161551569857,73.95591537810824,9.447320222914103,-0.6519697750026054,45.5337733602527,WARNING
61.34113892107077,8.35169730460376,39.82337252273953,41.58358506917217,9.427317741351256,2.992932979847369,36.80473799276471,WARNING
60.773679487885914,25.63442555082543,24.61339623435517,38.82640160027542,2.2048620907017535,-6.271234757114909,36.67721948622335,WARNING
77.95844735667534,17.506262958336507,21.156853531267927,78.45513150704056,8.837858849634257,8.55504566390426,48.39558831605628,WARNING
99.49078226464353,8.694762460974365,27.924840378053176,67.91192378520456,6.960206180537922,-6.922081873202899,56.979255008841164,WARNING
81.58331249906178,11.222028591833034,24.47635229645246,56.84872114467068,5.929399348417031,1.601724156756223,46.97845797485029,WARNING
9.148683739775487,43.87304313151902,25.312000851774123,36.47574606414021,8.887480798689772,9.113029964595068,12.37787314226362,SAFE
86.21276172654507,40.475803736243904,33.10483961278044,57.542868530456964,0.8698675991141014,-1.8309357385860263,52.29047811034176,WARNING
37.2688517012314,12.98768918801631,34.4684022737717,54.79378675393854,0.8104621590764793,-5.596335961003773,22.550269913818237,SAFE
68.32587636595959,3.8065429745150094,37.02413828097538,54.75732635069872,4.80586577326648,1.8481556931903516,39.40888395761437,WARNING
82.46809659251491,17.390460395109653,33.56032305118127,58.28659819978955,2.6702827016942132,7.57259972710316,49.58687930844805,WARNING
79.74260216069281,32.922591732921276,37.011634581884834,73.36471004799012,7.083629767150348,6.740266567273441,50.62174239497914,WARNING
69.74714616692836,34.00703858801502,32.372227564303685,67.63583197788206,1.586051052930737,7.617415183978569,44.61482281716364,WARNING
87.1843527745232,1.4623641517279573,36.516335011295254,36.44349337367226,3.351188542591419,4.870165125832155,50.49286497533771,WARNING
16.07598960483082,40.89835120595311,36.64268355915484,55.37338668804181,0.0638587171683358,-4.259237336501744,13.785625851470513,SAFE
61.69269183757422,49.059308901371175,32.63627054033337,42.99017905320799,6.340057030996114,0.799707594317109,40.046160345572446,WARNING
77.98453951511436,5.349031941347921,35.22055805004056,57.063328933805515,9.629920038589946,-3.1625566792262783,44.7720902785695,WARNING
63.26218931339481,46.60140527550087,22.050194559813583,76.86142436182256,6.878857223008134,-8.643258817896562,41.28884900116809,WARNING
30.096356694681624,35.40860443226408,21.347012029375435,59.10852300881366,3.4588305695295674,2.4183103553495418,21.3885357738196,SAFE
4.5742033812512854,43.576840307618816,39.46977938354794,78.44389276428458,7.496518317429247,-7.398275197387361,9.394005413713177,SAFE
75.82631959290225,1.2293458229400755,20.442471030579945,46.18051095747706,4.886431904046658,5.4081483561558645,43.572212525420895,WARNING
68.32953766065052,22.295135318837417,25.472533325633318,79.85622500788556,4.261813022359729,-0.97225951340649,41.540287813035455,WARNING
16.362382119166917,39.740477437496466,33.87364451562977,41.03848063943802,0.823810456158427,3.6099860414942615,14.628303834207815,SAFE
65.45112142811352,13.662976349910466,39.0172712450082,37.55289458904501,4.323348010426019,8.872318403351976,40.67826433444335,WARNING
41.97273169261223,31.92629738320428,27.951887959255885,43.7107601174335,9.839776479598282,-1.8133198736991396,27.23167738532819,SAFE
89.40992036791344,11.497730294554309,24.262094080501665,31.556704144225566,6.5166682537588505,-2.629473125524777,51.61012273325941,WARNING
86.4358249839637,23.66049533457786,39.363868558294435,39.27627578515606,8.686231679556109,5.531937055834835,52.70083190843951,WARNING
77.0921844644052,42.239161405844385,35.22047981885998,61.31101608157077,1.3124487768238757,-9.349476410174962,47.766814829870036,WARNING
92.08478478156869,30.832515726036902,35.93074581952352,54.07611757562751,1.1730818896239448,-7.496284155948992,54.53888046670522,WARNING
68.55652872289714,21.515294744973133,24.010494534006735,54.579727337071844,0.6420893707513409,1.639428038287976,40.49607198843916,WARNING
26.899340443509768,39.87795503185941,26.207239178471475,52.76100745409006,0.11620539908100636,-8.551062244108822,18.986655348698445,SAFE
39.24935564066848,23.996941735856176,32.00041096238607,44.58312893546516,6.949818861265426,7.20244794378409,26.39568440911942,SAFE
77.98509888933498,1.9809412674178573,29.610138945156578,35.246508920908745,2.4204501586252745,9.733251865342929,46.12575289808827,WARNING
14.249554290151323,24.944407672567802,32.36311468636238,65.12324852720519,5.5964868348691414,-9.804583051616326,11.735838129261843,SAFE
32.64613082439919,25.885582169235573,21.757329982896668,47.53134656045904,0.33203108791366565,-8.428430056899586,20.84609789757101,SAFE
39.69232762015961,6.635787702153017,31.35081696523116,64.47324845686329,8.005866991090828,-5.996995115103799,23.935855581962354,SAFE
16.748258225906977,5.228392016720012,32.72860499087273,65.32378632434506,0.3158614482564204,8.724244924873798,12.64764284906931,SAFE
5.1971283651472415,27.06481676505352,34.18121038901833,73.54845618730428,7.140869321324278,6.034561661395838,8.765341404497848,SAFE
33.94501925428061,40.74125568732561,21.6022969276935,74.74083280302638,5.475923761537363,6.345955399249874,25.693800220280387,SAFE
45.23182845183001,32.178884759826246,30.528053218722263,66.5794760877666,0.8162998203058958,-8.792958320188724,29.241585580828875,SAFE
24.710323401014644,7.977234005659417,37.435671331844034,40.960699367902215,9.758652558191313,-3.262084164577863,15.950082497230651,SAFE
18.211791568869927,39.484925357123956,33.17415551001752,54.90978582265695,5.553635509376313,4.384035565445277,15.77366385378245,SAFE
22.845474133129873,49.816695802837096,39.49586324293566,62.516284317346845,1.9954245092914513,3.6045648486258273,19.71797192670901,SAFE
7.219840897917584,1.5326251102903032,25.153657770224275,53.131147836965816,8.682725054083805,4.543381395326161,5.631227817012629,SAFE
74.2706521199981,21.27466672240377,26.91869985093926,48.55193814923014,9.876495637360579,-9.19781617175035,43.63848820519282,WARNING
86.70314961224486,28.93377042861967,28.77230838379181,66.26288302075682,4.866689414247029,7.468464761633211,53.318896322863054,WARNING
90.07018640112585,21.08604634367277,25.536555944701032,59.617516429668115,9.12363345616691,-5.786756219886668,52.611092446513304,WARNING
62.296658356348274,31.578011004626028,34.66226044830562,36.57838425636299,7.158249646820885,8.180650413312819,40.56919957105489,WARNING
17.968310887024195,11.877166246193882,39.42790188083279,39.04884763547449,8.543850933695792,-0.1544428710393042,12.766432871435402,SAFE
24.723107440317705,43.53749506362557,28.90610510005331,55.740867696484514,3.5923336939976567,1.859017028698549,18.98522732880378,SAFE
16.352387258502276,19.554076832588034,39.38824644670575,42.90667163505638,6.567366645412922,-3.496198715506102,12.35166774828817,SAFE
77.34731256866006,6.543683035917491,39.39642090157089,52.68947706918196,2.3605046334646396,-8.530065053399747,44.16771034656566,WARNING
16.975790508754073,25.988697427800883,26.740063528625726,71.44416829413046,4.308875236618059,-5.025714548247402,13.310209875563542,SAFE
61.714498660403,35.33886084427229,23.340838158018997,38.380960814415886,0.3667142693354297,4.728040301312809,39.10471417275647,WARNING
66.38045276218051,23.731543787490693,36.883408979383944,70.28350764750266,5.853543643967521,7.365425610265174,42.25651153354409,WARNING
20.584121003676824,5.595980969886394,25.394992230339792,32.854342804465745,5.31169528001032,8.732113845899228,14.769904653484957,SAFE
3.9343540668509647,6.10549570050134,29.043980565668704,76.69375087639524,3.161561049767505,0.14469617376784782,4.498348166163307,SAFE
4.15728590503921,7.417160048104443,39.73260245917694,78.25593482180227,0.04939980934409616,9.03623570846478,6.987367248791132,SAFE
63.91199378155004,43.39591472600111,29.09479711267718,55.779801428962514,4.888465802569202,3.337285150922087,40.8967982998475,WARNING
13.96512547563129,1.4986794936338976,26.158598831823817,65.23403813683234,2.0185345212294834,3.4686486664983462,9.44497526875455,SAFE
96.99120461072704,4.69503578947092,33.452042364502525,52.187510965228554,8.681422543775053,-6.457004211052282,54.78071490852227,WARNING
69.26259522261645,41.90576448240551,38.892284389480466,64.16240141448229,4.971747640084273,2.356944804024277,44.40771445368681,WARNING
86.89049844787182,28.530487331941483,20.607741193936736,76.54743477534889,6.895267510315612,3.5302677155449302,53.240624477219036,WARNING
21.567515239771716,32.94427351163286,27.877288113083168,62.561648852074605,1.0659303030799072,3.156906092060721,16.61318531486176,SAFE
99.94137257706666,2.4106019430278014,39.54348368442635,50.345398036143536,8.707534503372592,5.64770968116547,57.51817785911967,WARNING
56.70162609866678,36.92246046256633,37.57031122602696,50.20701608255165,3.270331615632387,3.3518677112716944,36.35089688898825,WARNING
80.78459419412586,38.11425673883079,35.95627297717269,51.77916574064665,8.178342161750216,-7.595818892587831,49.28864152463078,WARNING
54.448909796084955,0.2879330249060785,26.491716598005404,48.32307674356989,3.961726916092554,3.9093441337972443,31.11408085562319,WARNING
38.85581012703457,22.43468113112653,24.75088261748655,48.662589581467,2.2726962726315145,-8.536081524631127,23.80712488666557,SAFE
60.34485933813779,33.410639927750815,32.38980692019229,53.17470219002862,3.797857801792298,7.266672991436504,38.70218957263883,WARNING
51.908178513621806,23.95909388148655,20.512841316128714,47.06239138130782,3.8019561878585706,-2.0235443820619903,31.50674374516175,WARNING
58.017236922733225,26.680127336343922,32.15810185586889,68.2441630771064,8.129857387160936,4.362461524529888,37.126591462050456,WARNING
95.55236959549347,0.9116291338180815,23.915559713670923,30.378143748907107,6.47474714154603,7.960610978999739,55.59614057065156,WARNING
24.34822965762993,46.35172723981533,21.205347805791217,76.72180134027572,3.516226872396344,-7.97158343101567,19.728333056022034,SAFE
48.58717591863256,12.838828386025398,25.697458039238455,45.36449824631433,8.030258978326634,0.7832255335050888,28.831635639114005,SAFE
31.130769915600364,30.51668916554592,34.32301348446387,43.63120003667669,4.135491015253515,-7.562278133261049,21.164957593286832,SAFE
18.11493495346803,34.05589269824914,23.62876695391254,56.258169183353004,7.090462617224327,-7.862461538105123,14.10479673656557,SAFE
56.73122196289035,12.828139185068189,39.2585375047516,54.17728233599624,8.059925497751582,1.0045308431252344,34.01067943364653,WARNING
4.341253285481916,31.657568779701116,39.028066844133136,60.080591007316556,8.191888594267901,7.6841292669681565,8.705299360664677,SAFE
22.807977194893247,10.602241995411333,32.21961977701984,50.55142349033524,8.398613028667203,8.000462467960222,16.01318696512558,SAFE
35.34213793027181,11.843527948724104,35.61051030487724,43.740301777406806,8.226143185136785,-1.5252349270247443,21.87734624215227,SAFE
66.75498992914704,4.776765691733409,32.47718649353146,52.588383936861455,5.866084631754741,-6.639715845102732,37.989503783311605,WARNING
73.68737449441821,43.13985387716143,24.334796001815512,34.78572777600809,0.23638586046336396,2.839430008865321,46.21572046555121,WARNING
60.70940360887808,27.334870635703503,24.63894192231951,49.54529979527574,5.944763351861731,-0.06466282281661151,36.46168513016662,WARNING
98.77855202148874,6.8219876278366565,33.902891080951875,50.21593840521461,4.281996149256147,4.351955313163526,56.55083471900631,WARNING
69.24361513243696,49.56279968510942,22.567885789082503,35.20548246920832,7.243388171287411,1.567738340128182,44.57731695502673,WARNING
27.416066655980586,3.9709684494493303,21.71316499192861,74.70954373320592,1.918673247187429,-3.5325687576895852,16.97168610515749,SAFE
22.6656402226988,17.749815291596864,21.38847685492187,55.952989545413516,0.676125635922149,6.007130156447232,15.954541599254165,SAFE
23.3712081910433,27.00059573022553,37.60158175122916,62.54386845235971,5.329577865513353,-3.513324937692488,17.07797548155148,SAFE
33.300191305819794,33.474347759909506,39.88278722442335,63.09195949246893,5.577834173700249,4.613010204784922,24.26277107967845,SAFE
46.52056122837182,3.0071171300392607,31.245936317558197,77.881264225269,1.7530294235765964,3.800097816413315,28.441051450211283,SAFE
20.093368865905646,26.791384223654063,21.93352899293439,52.51854681290926,7.561633288952461,-3.0485695152203585,14.387823854059878,SAFE
66.4911724487218,39.77249803948646,38.54355638958906,41.73210409277267,3.993159158093081,-6.951679733391652,41.837625223491116,WARNING
99.24835021583752,46.35004839621477,30.79914260561119,72.10166471882107,5.209579772720422,2.471713760055195,61.37145956520079,DANGER
8.912443211601662,37.763521024840394,22.554269672704695,71.30338151262642,7.820280876703859,4.174893954859529,11.09164429566814,SAFE
3.6160380524762115,15.15641779726643,25.262251398216858,48.006820373575955,0.8764274676383854,8.739156460621256,5.408886925326776,SAFE
55.38022407123763,15.276215532901178,27.939630341485667,52.36012702524178,6.005943333606173,0.31358855392995544,32.614747538273484,WARNING
91.93919732144174,24.848174145291512,39.84316029646625,72.57124788725478,2.085105143573358,8.611904292878325,56.748732466262496,WARNING
11.636639788547608,40.87248542455958,27.6124658695316,73.89871602225347,8.680566901074503,6.118508002352424,13.47068946627061,SAFE
79.00304363070614,15.23395695490204,21.618385661025044,50.14900893825808,1.7352451498650867,3.899021778049235,46.01816746934334,WARNING
34.609972653778556,48.78051004299574,32.81944154690664,71.12402818171805,1.3252467274184843,7.2402896454524495,26.875029715770427,SAFE
92.27571905133944,24.353095940946794,32.12505875501955,68.24049004514977,1.7483862726041255,0.05132152926884892,54.552916131823814,WARNING
39.86630277723131,7.318699608112455,27.350688445830627,33.40861546927468,0.25811906949486985,-7.296674216903545,23.618346090591007,SAFE
96.31151115891738,27.476476794750848,39.3164432230644,51.6248939165066,3.1181613308525957,0.12283725680488189,56.69652119176182,WARNING
43.95116886329101,5.283234213087196,32.816526293804124,40.80190912547998,6.195879548978295,3.0040218479630667,26.46279550157651,SAFE
15.20248531286481,3.067481355533408,35.6152317213688,52.99002118846601,0.5816379550547579,9.897326343395342,11.356924869552536,SAFE
5.778056099636664,34.75176144292766,39.67357850526827,41.95900521079628,1.4224936868719618,-7.572301211551422,7.859960348160129,SAFE
30.327514756759555,5.052290550532335,33.84322683388264,33.114589906503134,5.094221281497897,9.933937077059536,20.713292497126766,SAFE
81.39702695060188,30.760971911550545,26.125072415732234,61.19479181458192,5.270414639116517,-1.4783323221925713,48.72397595745763,WARNING
13.071037674019948,44.330210762023334,28.99569297642645,39.73112559103825,3.677593508772896,-1.717404949421459,12.519199841621361,SAFE
82.75378955668742,36.6807190280701,35.386097872826795,30.55156322143236,4.161539981797615,-0.3731169672935266,50.882459890644704,WARNING
1.9192276823056686,12.99066043725171,35.2057964624427,36.855485286449955,5.353101314525917,-5.69596255965525,3.7898118935192224,SAFE
1.2120774643893273,12.060072879977074,39.517475098201075,70.07685559414948,9.595766443210334,-0.24291912147275063,4.082154750189882,SAFE
10.973619867750351,27.397974448684646,29.08754669119922,72.2178541369808,0.9808258078424459,-0.23517725956443591,10.13959970393228,SAFE
15.004866469398426,16.233796344503,34.747141547755994,53.80090646843833,3.7588828514576935,-2.110474428599294,10.741402736002037,SAFE
45.94467684059866,39.25082719185284,37.84169377880469,77.76673432519641,7.869033862552951,-3.6918620850397454,31.618528079842253,WARNING
68.81347060865421,21.880156202769598,25.09341244092102,72.04357897129613,0.38426348962324997,8.03523984270847,42.76853516867048,WARNING
46.147746462473414,31.86007384041402,33.187078444115656,74.75588703532682,6.366696821672074,2.2786716952012362,30.988485392497758,WARNING
6.665204056068996,25.920401097260203,23.003380016340834,66.87168843607428,5.122219208126745,3.6045555841670662,8.178339838790391,SAFE
4.167290060238427,4.239600802290161,34.326467761253646,33.60421679993367,0.712567277652586,-9.757830495302251,4.037710525308779,SAFE
95.65013982994802,36.875417972950345,27.065028170041284,44.82677906438276,3.4970322974584955,5.4930706236236375,57.93049689864703,WARNING
66.13706110704143,9.259778393373397,23.482186706681688,34.91978248566986,6.603027197013382,5.287453244434719,39.51890499733017,WARNING
26.5046428325004,1.0472480515456406,21.643433349528546,78.39300174225153,2.9544477747742026,5.384462956762672,17.494371762757183,SAFE
62.46635688542638,19.096981982644795,24.113745243911104,36.06932090797032,6.150129680388666,5.492675612755759,38.41308278422551,WARNING
64.39042535411306,26.515106662457917,20.839024468632726,78.42443887971919,7.987141916545745,-4.143559265980706,40.09487242738959,WARNING
97.99703293588506,30.094079481816106,31.64845316414493,67.4036589714766,8.117697880901375,3.1295721466300535,59.14218099307055,WARNING
12.809574636620003,16.91337529972492,38.561672806520995,41.230780592192595,3.7216702383751334,-1.3584623411160806,10.039231702748669,SAFE
43.940498969445215,30.646979124726276,38.861516754894154,42.034635591625246,1.2150137630091806,-6.050590202801254,28.384067091981404,SAFE
88.69249002092695,32.2905406327603,25.7181357847832,70.79734694843086,8.61369996363436,6.9302867738055625,54.902440064389396,WARNING
91.89265336395545,12.612051008668079,35.10083857492557,53.026974863707,8.419985528900614,4.569813543232264,53.79351710806542,WARNING
77.64474464997247,32.808091884053574,23.548575389394138,57.25134594484692,9.846697395245082,8.747761329942378,48.66244440941358,WARNING
4.317373579701167,8.240740786471857,22.63457546909124,66.29899549926478,8.17785329856945,-5.729772673786561,4.540743213919977,SAFE
50.5852692951829,42.03515140056,34.65603089532501,57.111860274592416,5.903476904587729,0.1672109383255993,33.19242384379697,WARNING
29.754845131882057,28.251099642950805,33.777706041001814,73.66614579304039,6.362913539792481,5.22243074086316,22.17509920369458,SAFE
16.0071634954573,23.077873720989494,20.186632396541867,42.33394322608115,7.264617151130048,9.83619902698727,14.06616917642327,SAFE
9.917809958721591,20.074715793064414,36.00141937398319,40.20178173144494,5.550849493022863,4.661425920593496,9.71207659750007,SAFE
61.5985450260179,9.401236730770806,27.107691373714786,69.18958922426987,5.542265141320167,-9.895407729141745,36.16130072435216,WARNING
76.09907600280938,1.7655677470119535,34.914675654624645,40.124028008261874,9.580734801193802,-2.6411849739583104,43.49961769862419,WARNING
32.69316163380791,7.444402516622234,26.112084309804295,73.83253809141003,9.963343376272473,-2.6338093898630337,20.471077439130912,SAFE
44.861063095454256,36.10354691013685,37.723915609301486,59.65221670933921,3.9152569817782936,-1.7475631830275251,29.598508858534476,SAFE
69.56181464968068,0.16091318021393408,32.39178674919681,47.77465052206787,7.941973312770843,-8.140187203537357,39.15304485234076,WARNING
58.82022669483905,24.04864449430619,32.84651051810455,33.24267972414842,5.799837874281312,1.2296917591904748,36.52211091684207,WARNING
56.06600944161709,30.17438332982274,33.529358744527244,70.24944998403848,2.6982072012821434,6.500988203601242,36.72779196308432,WARNING
49.82556822634536,3.8529139567165585,21.171018584879583,46.711915934803045,7.8489697711146755,4.153618694818315,29.368379421696872,SAFE
78.86149646724064,25.86345282208047,28.80397995910981,37.372626335314195,3.2819275360931153,-1.3196126765224943,46.945832397184844,WARNING
8.860042967961723,11.030597635560563,31.964505881274775,66.7831557119595,9.983475113929497,8.662266626871155,9.395093556667426,SAFE
64.25651995351916,21.0624026647036,32.72354729416465,69.2825809040116,1.1833619092338732,-1.8019022060742351,38.856800746276406,WARNING
83.98022856356172,19.1916475966522,31.437445424543732,59.38846804310991,1.8447625313363936,-2.7552911669542324,48.99182426957367,WARNING
33.451128874193216,1.3098354266032397,20.483835277827104,71.58485218378868,2.7307080997281243,0.36157532477630916,20.043005738706345,SAFE
29.872557358877305,47.03396225576702,25.185935177315475,51.482840636946754,8.727302504846019,6.838671335836175,23.02084095608187,SAFE
18.610141784627732,40.13216548978552,29.163737734757852,54.14844360426776,1.3347997241594378,-8.387969724857507,14.73114358368306,SAFE
72.79393069737652,24.823057617764988,28.737014052303593,66.47541143261984,7.6551289899110975,-6.821836646612929,43.912345369075325,WARNING
61.02251494776413,6.767704113884276,35.027501720580915,62.84775781335698,9.56614621083458,-8.620839672871575,35.86122391989732,WARNING
5.705472115125431,14.109353734660008,25.23411367471812,42.348939953599995,9.062545805210366,-5.009076003009878,5.396331013101412,SAFE
27.1949726128631,37.969913120898184,28.9947968490108,68.83552784775907,0.6536615756438524,-0.24857612653231342,19.92842556278521,SAFE
3.3613600183282633,3.132660172767726,38.12874906688822,36.96226855587976,5.324206822752171,-1.7780879479858687,3.7365483940453488,SAFE
34.73433262588427,44.99166728436362,20.43646793550979,63.189484308779456,9.633944342135504,1.2033636692368397,25.213070442290338,SAFE
93.68224620330918,2.6128939643011884,28.375866381483227,43.007889548102554,7.3082096498072975,9.625941809944933,54.59552249439856,WARNING
25.65300624442478,32.70873007370373,23.961952655194803,58.266512728580494,4.639324866883362,9.440106592630741,19.965242007343605,SAFE
60.85272726964666,17.475318604340938,22.281915697758667,37.56234143674673,2.2531692995123507,-4.98066677319404,36.0869774669901,WARNING
85.06160578411378,28.061139414126245,30.467818227487328,35.73844359346087,8.60139693349435,4.456286064169674,51.89779291388518,WARNING
6.766836190000158,35.39175486148844,30.870764346852923,34.08626728733891,4.583006415286564,-0.3060742573990609,8.57931056438896,SAFE
16.577454016327575,47.284907350014116,36.99950742961324,63.451116866455415,4.622955610006072,-1.764689168309829,15.349769439285316,SAFE
65.09734671509541,27.271593470345273,21.24546211763771,55.62513243851659,8.064036172328395,-0.8152024480608393,39.402885364997374,WARNING
5.195657755426842,39.31390996920165,24.027275642719488,42.93104174440194,1.647063534322959,-3.3956987025700496,7.273440069765005,SAFE
75.6751505688635,25.96929297519687,24.09762548301425,73.89150390760204,8.795818549515293,7.41156850092014,47.38006065928379,WARNING
23.87962113815393,22.561967209049406,39.6997931228175,68.60062381549952,0.2716742122555982,-8.695908174790159,17.06859290441823,SAFE
46.39313768123328,45.461010293078004,30.774035959054284,54.890625401714516,1.0547369995663058,3.135602094485881,31.275417090900042,WARNING
82.21031606002255,19.021000375378115,35.51223701850655,78.22383269504058,2.037664591276891,0.4665926238948259,49.24977911057039,WARNING
28.713795808457554,39.64272095169197,31.55186731762315,61.729120877515186,7.979141596158941,-2.0805905467509023,21.069866279385717,SAFE
91.50900684070432,26.651443362307,23.159096456706962,64.79495590844013,7.9326135043825445,-3.664766458649467,54.223521746423856,WARNING
85.7179256998753,45.30716273828832,25.538089747556178,79.1760736357611,1.4071152804875842,-5.9596866319502,53.23163934195048,WARNING
18.422483923802613,44.69948550039352,33.085851046499236,37.60521416111364,4.40323418368349,2.30596050139604,16.307700361863454,SAFE
8.34640849893833,44.12081842036694,36.07207070883071,55.260338678831914,9.671266152591704,-1.6447804144980065,10.302790293465494,SAFE
98.41103190364979,33.395999940181355,32.69342546507883,38.29774476478925,8.81927758304644,-1.450206241587697,58.87641545519232,WARNING
16.223340578247935,0.630375998787952,31.19511367276765,56.36998110613382,7.193536223691586,7.805161060356042,11.534838680116021,SAFE
7.9406584643029525,36.574824517018115,23.748238881951643,72.9088526578582,8.19063513861656,0.8158750997108868,9.80558207273677,SAFE
71.02427986233116,15.71750565918742,29.42335797865629,71.08184488552358,4.592651971732139,-2.844034693491164,42.139997231996475,WARNING
49.421244725029986,41.41246262186092,26.704160947417456,38.68807965678719,7.120140203307807,6.5195642541616365,33.63365478648182,WARNING
10.063747852353334,11.993705637797236,22.839439795219878,47.39707057910833,4.503509789054126,4.976526739266129,8.193087201163578,SAFE
65.11475848816741,31.046428373921557,27.047498932193086,72.072377654238,4.712871673981645,9.58209876030309,42.27581717096549,WARNING
63.41421382957368,6.313237078225137,33.523551241508684,46.25520077158495,6.8632719668609745,-8.607177036751885,36.46572243592728,WARNING
17.48814371759594,42.786862945289315,24.543591140470298,71.852056262147,2.792760884544104,2.8576382011741526,15.72375427975257,SAFE
69.4150573509831,25.632737657252648,26.106213533934625,40.632218818554804,0.3318935456242622,-3.921071975185524,41.28184972181618,WARNING
65.3162790531283,46.91524092242413,37.42408964526104,68.30323882676512,7.884473432532987,3.2996980695199056,43.20600728059491,WARNING
26.0286857566003,45.359751535291494,33.41464623811668,58.022031549021996,1.1098946921348107,-1.0588891238714915,19.72908094362299,SAFE
46.03582712019263,43.228180476133495,30.93296440375577,49.02002744852048,9.768003285106593,-7.785588133473686,30.47656997573639,WARNING
42.25484283119446,2.1012337585702645,34.798082415338605,75.90382760995753,2.8003732955048943,7.166833535982416,26.808767806250515,SAFE
29.221823046189776,45.53850808219576,35.07923807193568,70.24533884207193,0.180065556004545,9.25620714148052,24.002327035420667,SAFE
72.66709920703232,15.237554769306666,36.58789329717694,44.0760599207465,8.727538395661279,-7.74839219176126,42.80262862940303,WARNING
70.36859774607957,27.034923832245518,21.930689403908815,42.09469141294195,0.1240403627731479,-0.6246406907098834,41.961154120864435,WARNING
30.126526076000037,29.91787421488794,25.944756154172346,44.995955575349235,7.431931987316034,-9.03714328043293,20.23041339159577,SAFE
90.28949951919873,42.61319371955907,33.35609366452813,59.66107850536922,8.923024981396523,-6.293396409425711,55.26755396507991,WARNING
7.896916219082861,11.975508495476905,35.891565574003806,31.733513336324165,5.828068350834896,9.908750323826197,9.271910864234231,SAFE
85.56960938375394,26.072284452179474,21.272818185732845,71.5686757192855,5.989785081772105,-7.701340058808663,51.234795737048856,WARNING
9.38572848233562,45.48134097182962,33.38400525876157,71.46433996583778,8.789789002822673,1.4354470409664444,11.929280882031943,SAFE
51.74463517550413,21.521370516049508,26.338931755822387,51.729798042935585,7.738796557301564,2.0384686203026305,31.559756439995724,WARNING
89.2523289954846,22.169000718959385,32.14179157437508,61.56537765459944,5.916971623063255,4.052675461710326,53.34742315435643,WARNING
23.74334683748063,25.618188877289533,22.084496056166955,49.22556638224063,4.876670686212644,3.04448519090945,16.65788709891544,SAFE
95.05310525862035,30.032553327417794,34.87187832353119,55.313302974760134,6.341040313763314,-8.581355677324531,56.358774305585705,WARNING
25.439158084184697,18.092654660256933,29.44986710013027,32.282437275119186,1.4002409755331768,-4.463713844173885,16.979185952354495,SAFE
97.15326909010507,16.567350355152538,29.64082116224165,39.80488563691965,6.107800710757683,-4.386335689680514,56.13821984687703,WARNING
20.699257843842677,25.828631422298955,20.110115983208416,30.383201632461265,2.1906880910185778,-9.265572749983576,15.302323480110815,SAFE
10.802575413069137,16.94303246693758,36.051713591596254,58.60243216846504,5.126677259564164,-4.130223535837567,8.874760874863059,SAFE
93.17537194328163,19.850752061859584,21.74185533591543,60.853325805890066,1.138383934766014,-3.0955371439661583,53.994022495227895,WARNING
50.74119387178089,43.71112623425879,29.870931606802372,65.11293830158321,9.928168389990704,-7.370217602040368,33.774371167824185,WARNING
27.47315255195195,19.72880377988232,28.436563570776627,50.55105376327729,9.07611002556555,4.280652889337128,18.592431227410206,SAFE
60.79052140907037,15.468635893139105,36.475807684425895,77.75302557424945,8.211982825502265,-9.968697896170543,37.3536911685115,WARNING
63.6401370183407,2.5567690721050362,25.152144406674438,32.97623501738858,6.037954529493877,3.731798269852135,37.164805117207315,WARNING
11.448763806590511,19.191944152248976,29.12473017911084,48.452651088045826,1.2102500048519305,-1.621044196250491,8.560130963645527,SAFE
75.11780478084181,3.550383226662773,21.60360028163807,47.73856459179921,9.417257116189251,3.371452934458281,43.09787615115853,WARNING
67.86699566725648,18.09599954189325,31.87321582417077,30.50655920138717,6.360960464095422,8.265738951524735,42.42597621582929,WARNING
61.25734683448192,43.68492967331725,34.479461109321875,36.02792082018451,9.024533072858418,-8.671123112884501,39.683837394396576,WARNING
53.39674725477638,7.106856189672883,20.234132214618082,51.10171300638195,2.9504070765415626,-0.27999012404793966,30.519796002509572,WARNING
57.71998867345508,2.1869536154473677,22.460065902474913,57.93211982252127,3.4316735317265823,4.583469750988961,33.57656945473147,WARNING
65.22916485919397,42.28021814949534,33.849856533384504,51.49655386950741,6.729666223944324,-4.49237651489163,40.95786631884803,WARNING
30.63134987782127,39.44925799603966,28.928390328031643,69.91901702591763,8.224223736682784,7.151246753225674,23.825999137582404,SAFE
91.66352358412072,21.549261025664812,26.377336366422774,59.109937329705694,3.711724234376276,2.0214833360046587,53.68411063755906,WARNING
70.55858626438246,34.42025092460684,27.491057740402425,38.34301008493764,4.305293384622075,-7.148117118361825,43.17191458987538,WARNING
89.00970351838083,17.29387303689287,23.089194944466477,31.272387995287545,6.458223862864843,2.7380463490948657,52.587165554773264,WARNING
34.060416658129164,3.5855944423825505,28.19257789790464,45.56087475316968,6.7712063973500936,2.115584989053808,20.235051081124315,SAFE
36.459372819754,10.894627712749505,39.760719323111836,52.70008105980574,6.88274235780237,-7.1889406484327845,22.35929495917565,SAFE
48.55896996593978,1.3768359934732743,30.109102358209,78.20087035588512,3.8420671298580023,-9.220079748501767,28.702719072811817,SAFE
3.095579091934353,19.399337997343473,23.20049872926388,31.167604816409295,7.562136139501768,-0.8295398223621859,5.0522039299896715,SAFE
28.924477197265453,45.00415915082404,22.322779204010512,77.79594144776595,3.139667173773528,7.768073446173624,23.643134533689576,SAFE
60.294287647946156,41.33536798707437,39.68026326420929,44.420271890937286,9.61135485407593,-2.210362101951593,38.78896231644522,WARNING
38.55119047369223,17.019355212725284,30.8281521469517,37.707252158924355,5.537114853580112,0.8340962482000798,24.254810273523645,SAFE
76.190181260487,41.68249809687928,28.80882700624848,45.116662467574685,2.5933489731709445,-6.107523265902561,46.63712517854801,WARNING
5.764758219902488,17.122398941735668,25.404953842615665,78.32086929332037,5.577088262500439,-3.054459219389849,6.59800248504176,SAFE
58.0467600993696,6.959835067284775,28.88087498404406,61.31171607105319,4.888978317924514,-1.9644239869135145,33.62578003003284,WARNING
99.38483888996981,44.01573810744635,32.4681191631888,58.46886805911414,6.2066047982458405,-5.9737578435513345,60.17041480125547,DANGER
39.51377432643186,1.972976644544966,29.510920749736535,57.151229197883154,2.277497361032096,9.280576943310276,24.48297129808666,SAFE
90.9454610937242,36.107161772795294,30.66773257530725,73.49845798238425,1.3065234382346291,5.8101958854977,56.316394655723684,WARNING
12.48208139668483,39.71053312747027,25.51535136502714,73.85452905090945,9.440420938253979,-7.024080611897688,12.526713148633213,SAFE
46.267560506539354,49.049368908134255,29.668148719462934,73.17737612572725,5.887315221313198,-2.4934018416079624,32.03873717273524,WARNING
28.57835555258702,10.161154554304364,35.235963827553945,49.3270253411514,5.112754622007511,-0.15349039997636105,17.535295664773802,SAFE
57.727902923313124,43.27885728122761,39.614786871668585,50.37921042869085,8.27518922106303,5.2905558930943535,38.29980284063498,WARNING
57.352895145557326,47.80235718059666,24.009490310568054,35.46321051548107,8.539619669554222,-1.2170036673250344,37.527673990291454,WARNING
84.69688542070605,44.654510259770746,21.24915187238143,74.17323814930303,4.483190553694222,0.2086497800846452,52.71083180491313,WARNING
62.659251109321026,46.31913033650434,20.382321888595282,53.842173415890855,6.877220424305607,4.454139153964569,40.75218257214998,WARNING
69.2532431537108,6.721756470406093,25.987911767433623,47.935776270850674,8.04437207679505,-4.4248025517089395,39.31628476025045,WARNING
21.070496386720315,47.87240095190481,20.177265702269377,79.89104278409891,6.768212988573956,6.56938598898234,19.7639898092033,SAFE
29.461939634619316,0.7157638833529989,34.7573903712306,71.7072298500338,7.404761319535192,-7.142994253983228,18.219112264415905,SAFE
75.34279222569691,38.44613910538205,33.1708103134011,68.30579663977932,8.459214396777321,2.2720822847491675,47.484357159119234,WARNING
8.860471396967906,24.381390483360544,21.5529866934321,50.37715155162154,4.071064891256277,-8.679803117195169,7.706159804140689,SAFE
34.88205339694793,5.549904939565742,36.164704200184445,77.38440129822354,0.7231647525793861,9.10230414583403,23.524194203994107,SAFE
52.25765993367452,14.978283897693695,21.53724150552327,55.031213403520894,7.945155444907487,4.141729545333963,31.889843629502405,WARNING
5.022601146397376,3.645091768395176,28.05746565265274,44.76452470239717,2.3238432305604784,-4.379910021825728,3.657779016398877,SAFE
80.34827432968846,46.461402681592695,28.10205389055133,75.30555010662485,3.21495701247882,-0.47126027312416774,50.41881919997068,WARNING
22.602899781599973,32.0238021087922,39.57962230349618,60.17465480216893,3.5781408411354887,2.9563489198105675,17.64186577206135,SAFE
12.292067846538757,44.432954013269935,30.061679015596727,52.4674871019821,5.858647884535192,2.495677255788049,12.372458868186623,SAFE
7.177580622651303,34.13086106117012,24.83863360631059,65.69763162532949,8.225347943841967,6.0791701510504055,9.780806776928355,SAFE
55.25009674078891,26.008494615537558,22.857519226788234,68.76730752015678,2.7140938044671437,-0.06609154364106828,34.16959677387944,WARNING
28.42740929275167,6.691418149984657,32.59115393783473,32.71660174114519,7.486452341262,-3.6482640947776668,17.922267152909463,SAFE
0.013469300448532007,25.55645696186149,20.937038170552064,43.80847789104497,7.069764874557162,-8.746207567562683,3.429266252080848,SAFE
83.93384923560023,0.1909961329291554,24.936477384038046,67.04520280760357,3.162701497293068,-7.96215223867973,47.19628803891598,WARNING
36.02339188004279,13.519664319226276,36.8542380432111,45.66739587925716,7.889324717760072,7.8374428962146965,23.9361288892748,SAFE
43.381741957652956,45.4971571927196,27.546361079263857,78.20392082450542,0.8928952452557293,3.7403853300648553,30.739909719445308,WARNING
49.38140404569287,19.382440272782354,32.654237574972015,65.19285458171656,0.04363269650309087,-6.660938225056025,30.2425524950689,WARNING
71.30460506343186,33.31927067891032,39.32095010257355,68.05188951253915,9.50772707731338,4.050810030696139,45.45365019353909,WARNING
29.805220863944314,5.2682461125428235,35.63647726689871,62.2074610737958,0.4818601239329623,-2.798990681980433,18.085986009655034,SAFE
95.67998154842861,25.02005728551006,28.654582720394092,52.8849802579647,2.0888272400516374,-2.6258565827040954,55.557415091107266,WARNING
36.98132559871766,2.6177510093736203,35.351352570358365,50.82522159519395,8.221798868164234,7.006960022397909,22.972814836397486,SAFE
21.199405469865805,32.86767410850643,29.445636083259636,74.00783689607425,2.157406791764541,3.556264006200884,17.18823720907194,SAFE
60.775212225272256,14.76507387859164,22.732018073023454,62.58198802386383,7.385974581323307,-3.6874531247330005,36.014671338367094,WARNING
64.48326040223138,19.75654538057516,34.264137665652356,39.96076374470265,8.902150026361744,-4.251808070688405,38.85172395665035,WARNING
36.77859877561529,2.9045976040174892,22.230244246425528,55.793095135616404,2.675926767279715,6.709604514843889,22.422548872782468,SAFE
1.4693388654953843,18.95470243359681,26.746910935381855,30.96638154588005,1.2436839900051022,-1.7271465016272955,3.804817288357488,SAFE
49.28645844474466,20.214487362743455,30.61875356824188,59.756583745284075,0.0992382112783563,-0.7180968109299215,29.902729657124127,SAFE
96.34992408875883,25.951614006477435,33.55084534917906,45.59319289584416,7.739913781527625,5.458429637522302,57.714183888712675,WARNING
52.129604765413895,48.80069116396068,22.511004295253066,30.84738324447905,7.701582117570959,6.143110747297651,36.24713361572518,WARNING
12.020722912057625,13.279141647930304,20.35104726733258,44.665430539028236,7.731418739186715,0.3592105542515789,8.896900923916334,SAFE
34.80955931682881,18.586964745316514,20.027072514309364,44.990026378261796,6.464587416379305,9.483888876327143,23.723106300243334,SAFE
84.70608269838995,1.1797482322764563,37.97121209349679,69.15992066493129,7.803761235709804,-0.8400848199285704,48.70306500704902,WARNING
39.80052929545028,15.14578644165963,21.313897179087316,41.41176817468495,2.4660363497802464,-0.31845860579596774,24.141888306464015,SAFE
74.7444406596694,23.69049141989733,21.156888988943212,77.8894900494102,9.427243190941123,5.703790862968168,46.677241889971945,WARNING
99.13279015642206,27.224116640013147,39.25536700506412,33.78025203083754,3.656807482613713,-5.492374639864684,58.95204237287547,WARNING
19.583308413427,7.040147444633805,32.44827283131993,69.06609278736525,5.782983994203606,-7.060745808235806,13.089701852492672,SAFE
81.11237699334708,31.797735358186426,27.76331412253991,63.70651477680315,2.5990497924283282,-3.09615583011579,48.74502481674811,WARNING
91.74858431319902,14.52522528357102,29.399765363158732,74.50705686980073,7.077213502675274,-8.755935476705945,53.7134456873983,WARNING
14.730304427897034,0.3920795385958409,32.61843580458327,52.38367127052092,1.3427485090227553,9.15868242113541,10.539854652636384,SAFE
52.96597239456199,12.094664705644458,30.01207142309415,63.98101663675539,0.7623921797356448,-4.50592369904216,31.328525299552805,WARNING
80.69654908839937,22.983243520133062,30.931542840645896,51.640800110473464,0.4389994264300512,-6.685004403596881,47.08199346951044,WARNING
44.554163874189086,10.459273270396391,20.999580573193576,72.18248320259119,9.811925291641158,5.862857479934789,28.52303034988254,SAFE
85.3784921704667,12.098856515852269,39.212539510263994,39.84628522267142,9.514298103618323,9.89638587931902,51.84136114076627,WARNING
71.17228057460487,49.0571865895911,31.390795591342073,42.97708915880452,4.369958856656209,1.8712187075757196,45.313899980966625,WARNING
7.308156202701499,31.117163230862303,39.62355673524589,39.50538248918638,7.925951162883833,8.157975875592388,10.415003680137701,SAFE
94.37015928202209,48.00678022027236,30.42919277442944,78.86539539957519,7.573102071344389,-6.7665712752607625,58.79765013940684,WARNING
47.690010646797,35.9165587686002,24.946806316381668,62.03075917744437,6.666004790466192,-6.746005123828683,30.758659615174818,WARNING
56.50853124527563,38.581345548930386,29.97791329071884,30.60515583880537,0.09038469079292177,-2.859413120599756,36.16098384692996,WARNING
92.6194068431782,11.433838980180438,32.687273777433745,41.103793534666025,3.216699896595486,6.9608417920296795,54.46623502714016,WARNING
72.88614422699469,4.769963865660531,28.57404041972867,31.458488182263224,4.80890146603009,3.2486802340213607,42.56033444339218,WARNING
11.850262359815156,14.444246945458284,27.95673251004314,75.97655123280248,9.93255015422964,-9.101774020087683,9.905360687297927,SAFE
76.1007923495392,18.58620332011716,27.8491637245896,67.71324866735114,9.184264321454087,9.018571890050968,47.00510433793822,WARNING
57.712258603832076,17.85605796502514,35.750981717175584,42.55006916311501,5.640740288335177,-2.8284307695025372,34.71943067072994,WARNING
65.66310737078761,12.019945644675346,23.831858914696515,75.91195433377186,1.018036829495369,0.11915815469863311,38.74544186176898,WARNING
22.085278296300892,1.9464981662833725,20.72037636582853,38.76108860529136,8.667703545060002,-4.350425120459467,13.550864808290834,SAFE
95.04591705752958,29.08111464945968,28.732283795375324,59.00444173347273,5.166983852262677,5.175525075146503,57.11365633067208,WARNING
28.249606597285226,17.65251958001512,37.88188605066502,77.32282565752027,8.925582274864745,-1.611040120853728,19.75905028566089,SAFE
78.03655030068816,23.81678666505494,29.950797042922044,40.234005452864196,5.911303032585165,-6.277282044933042,46.333186063016136,WARNING
33.15646990671938,42.75151008099676,24.141516184217103,33.557914258671644,0.690075926128163,8.815690410062157,25.173879812969737,SAFE
50.69204379618346,20.470603590850917,36.21757162015837,71.79129639552579,3.321910331156046,3.872361149475905,32.51869559422319,WARNING
77.11228158518865,32.73253434329773,23.031901496001986,73.79415417585285,5.390945527360087,-4.350551472599927,47.24266821654409,WARNING
42.52281854376939,1.878554519945369,22.55733602444835,68.27733752579304,0.00011634755366141114,-1.6686834303541573,24.611411543512624,SAFE
52.251018108558846,2.7317210000486147,39.461563259446656,41.3062665624836,3.0419871963628085,-3.921149754899453,30.32109625437852,WARNING
23.04166621173499,0.0736911043155708,34.58689588175993,78.34227498996427,2.242934832850451,3.2609438360684493,15.341079579328227,SAFE
74.18963269587151,42.421268954526234,28.452583940272184,45.146545282021464,3.252951340230311,4.252426661970256,46.474859710500056,WARNING
81.6779466505636,9.080698387830132,27.418820163155303,75.0970098374575,8.066935196947393,9.697168055249517,49.549512367520904,WARNING
75.42482596820807,19.659760051396113,31.812756679892757,63.050712712366014,0.7845581631712395,0.8899391820773026,44.660019501841006,WARNING
70.93208284726096,8.366065200053018,35.61263434851114,59.188639025705584,9.522217856975946,-9.151554035862166,41.31542664755847,WARNING
26.5326137555467,30.077693964991205,25.93119824411861,65.72120820356211,7.59005282521931,-7.9496807186705105,18.81282992569481,SAFE
51.38544642067677,25.444527779552793,27.38561540431082,76.6462431284836,8.275063198732212,3.9441876381927354,33.46063192354239,WARNING
71.43266357349975,23.085807190655956,38.41989042193151,64.72977136266427,7.289810616558165,7.233818075746903,44.81528291969754,WARNING
27.4071589342191,40.35354519333515,23.904812059129842,47.26709761224439,3.356104542698427,9.570509367782812,21.38260355027679,SAFE
85.65372237479268,35.058493079512985,34.5411352323078,58.103639720128555,9.47090667108519,-0.0748249423527696,51.97118069526336,WARNING
38.05177098698945,8.15176684657955,35.72411304522116,66.72219660377957,3.8435503852413486,-9.496131720815413,23.308143729214258,SAFE
83.89973277180107,0.5708991727036816,34.07399559258102,78.51285548630285,4.376613281482035,-5.300531900080944,48.30011615977926,WARNING
70.48710100433817,40.85640710077926,30.92860632155695,78.35176376280731,0.516687216579611,0.09591196609056318,44.61258152072922,WARNING
71.845394732255,43.13202355745895,23.5851122381558,70.00017408818407,5.527070757185452,-2.068926360200736,45.175276088846836,WARNING
13.171502857909356,43.26478794544562,23.14546416359431,45.489392960454964,2.9004553196243688,7.428280683817086,13.519741412936881,SAFE
67.2702994208898,39.834069859568615,25.00935797584998,61.243704980349946,5.717459831437487,6.656607535765421,43.16191931398121,WARNING
90.60870604812605,0.6078385738693404,33.48039838117585,32.59178995598645,5.488586650773559,-4.247345419126436,51.46443193765442,WARNING
30.67765995221412,17.64792517261783,32.4258489809922,46.70249828343846,7.326990505902804,-1.9094522885226066,19.540022551152372,SAFE
6.835320030995861,39.187992124205365,25.71516649185412,51.63834397996313,6.8544388322190155,-3.35087685702576,8.138622694670074,SAFE
5.658565614671563,18.69605235064068,38.88897165388607,62.08671986492791,6.71479148667207,2.6456430727527973,7.145469087958289,SAFE
19.899213895943678,20.916693205114008,35.018795967266364,35.06864487765796,2.7785277608971226,-4.473617830682928,14.422670905805699,SAFE
43.2018927594506,49.01843704710925,21.35005093367644,55.93504971902975,1.7936468201221045,9.413530908194883,31.114523184321502,WARNING
11.33035047274642,20.180050118079564,34.75769969669212,65.22772140137226,4.227286368939323,-3.0695166409456354,9.710333145168674,SAFE
39.76123785528706,13.213813157931964,24.106658774135994,54.1519848779445,2.685337560676073,-4.250766702054998,23.576595319425305,SAFE
65.67560634745571,48.42686658499461,32.0727440111875,33.84897335324831,0.7558361385406698,9.02846441691132,43.96894337280636,WARNING
29.729079030733363,4.603349304123771,31.980891743007632,61.182438914513305,6.485048201186881,-4.651959442849174,18.043747340251116,SAFE
1.5110684214475034,48.25076847272359,25.017860913822048,63.801314402627376,7.0662986987870955,2.2001483415897134,7.140467848148255,SAFE
31.290739421364822,13.554812688203288,31.95336565405406,73.30478168058457,9.467337289233956,-7.881883911924847,20.55166218176461,SAFE
15.482861259771985,47.236812939153985,34.73070456669585,74.14969124148865,2.026326341353432,1.7517174221880367,15.384934578704495,SAFE
70.11395944174737,34.00559427234863,28.16303381733396,30.769744584565423,5.829260568042631,-4.937969216407825,43.37436461023647,WARNING
45.02542461428904,47.879050754190864,27.980706352848692,71.99008033322133,1.8854060574925113,3.4492099605005766,31.5845402425563,WARNING
97.70069544389435,5.094655043646839,20.166398844543842,51.67913963163072,0.926254830513672,4.967686993524627,55.61033517809153,WARNING
91.45486638485589,21.701048635437942,25.17423284310882,51.72016595033049,7.2344781785000105,-9.81891676839258,52.926725223811495,WARNING
58.945398948469716,30.664584244368953,32.75376493791871,42.10110399904386,7.140527233781268,-8.172170273364472,36.62608725472805,WARNING
19.92703364668008,43.873502332724094,34.77446301453133,30.68727770056726,2.4837626036980023,-5.711870340136709,16.92576613482956,SAFE
27.080632803697256,12.377988513994321,21.250525914856915,52.94702582984102,7.327334747861651,2.1346344943487274,17.260265525444957,SAFE
67.28716685980798,4.057458926811957,39.02981420353574,71.92459169215124,8.050903184956628,6.459676100835349,40.90588833977483,WARNING
93.27105081327613,27.212698305684885,24.00564035735252,60.83918039262706,7.42881493667939,4.7583478670805075,55.93513509988416,WARNING
52.14490241668801,3.422935966678903,27.422258768602557,76.03833042316786,5.84448909757426,0.7666388651142686,30.890571613336384,WARNING
26.885351438219352,18.422445995828944,37.90692178306338,63.32315237634179,7.873870267523328,-0.9130915386468974,18.334385111949963,SAFE
63.024721945615795,12.419180437160376,34.10921660566973,51.38006668516687,4.4254551481474556,2.9864464915376328,37.24854133406146,WARNING
93.62806214689266,3.200317330431046,36.49486474694015,44.61915552060965,4.439194545063778,-9.56173342449982,52.88121110240378,WARNING
30.1046077834313,25.131562131506524,21.12352154694878,54.55478646915826,9.271106288584273,-7.892135637843896,19.95580905457756,SAFE
76.44407280755044,20.483552668799632,33.10347429048676,43.01182989926147,1.5949226254135829,-6.790747714575471,44.926923661864656,WARNING
7.049194564314465,9.282335245062152,33.284387699779366,74.08453059217541,8.141256855911617,3.7026861974896814,7.571336531770427,SAFE
11.043186341110268,14.459372314797491,26.19613750644938,42.49784731988106,5.150056597097231,0.7110762975934506,8.354322317792363,SAFE
35.68859751711102,17.6894579368218,36.57111195812163,69.46464241598429,3.0779583168074565,8.275768877465186,24.758513838131943,SAFE
95.2815017002506,16.33712710150204,27.088498975861096,55.28170767109794,9.411208125336735,7.52638866284623,56.38288711647208,WARNING
10.25679625835898,19.63653716357081,31.067423794995435,55.156623627577005,1.9386306793689267,7.176335423363092,9.698292648224209,SAFE
67.69407829968374,41.89541874259018,37.175285586989446,67.41779268328699,4.392106012497173,2.2109351003084914,43.56273117328546,WARNING
16.036540611974313,33.68227087374539,23.585065114785614,64.69747952550784,2.2959816075396864,-7.6489739969956005,13.108744224873506,SAFE
16.52844901429574,0.0996067609535134,34.3747923570706,66.62005245291896,5.149333499132594,-6.772743978892326,10.657816549414116,SAFE
8.355433751068976,0.9564483218643505,23.314963539304415,74.54277674915733,2.4153684170168175,-2.9145734556556864,6.123292476617859,SAFE
10.534548448133318,11.118065237408514,30.384491415604103,60.38763415478263,2.4535231416621106,-8.845356815497656,7.8170906058166185,SAFE
39.10328691273987,11.710168546316707,24.39107846459604,77.99314013567276,6.16300485925724,1.137568863441917,24.64359175584368,SAFE
41.57751035233219,21.447216671507213,30.818100076761617,64.82149035180535,7.021460961818295,-6.566121845891009,26.395404930452692,SAFE
50.0112752076627,20.597904751705098,37.41053932538769,61.57094606091882,5.325040664159818,-7.6921071564216525,31.03131814190831,WARNING
60.56378893234115,5.860195284011671,26.74413151131504,37.14209824071659,6.920736470243689,-5.874957723276948,34.97224192823091,WARNING
39.1859373188026,44.783738880938934,24.086327667979404,55.39025319793896,4.19271661166022,-9.637519179085405,26.555471520516313,SAFE
79.27581135728128,3.4522953157299865,29.485100419539073,58.033914746947495,6.284264566145871,3.7726325861575116,45.641616281940834,WARNING
25.327238352271507,0.49893883292246866,34.46887324709824,56.78282996737893,8.361177032072488,6.427767258013887,16.496072440971837,SAFE
84.33261677878832,24.25473299897701,26.672567916737314,69.5779101295685,4.51294113029255,-6.33115607193131,50.0965834870612,WARNING
85.49740195614743,44.127993838617364,29.3261951228034,33.784986365489374,3.8782608991693124,6.070753189252066,53.871494580417405,WARNING
90.17740285462287,10.173637124879791,21.33947224050543,73.86752265664194,3.894049389788753,0.8352192853512648,52.35308412989708,WARNING
96.80658120507589,3.3282363957111425,32.96636014904191,33.705271128743355,3.7546892846650035,6.076290903868934,56.19249039838483,WARNING
43.34722327556344,49.85911769514752,31.181185698932044,46.058107631797675,2.2011132590475313,-2.9895893142767633,29.44309413738374,SAFE
37.25332737595508,3.4356838861980488,27.391483988535462,53.21192598696125,7.227377522388046,3.13458969443216,22.101355759175767,SAFE
70.87656552291543,0.41818409384285493,24.353347991610722,63.084214419992826,4.839893681797472,-9.893730486633082,39.952467452496755,WARNING
80.44946424318223,38.64047866451687,30.968383259871253,33.3231662888136,7.665150495325847,1.674271754627279,49.961625924446544,WARNING
78.19599771579591,37.58734961979202,36.06004143915674,55.90040332023124,1.40324518193515,3.423149467593774,48.36934809625186,WARNING
62.04737850519706,37.11265935995436,23.397620121014707,39.74875999501446,8.904095172193285,4.999555969041417,39.8751210604703,WARNING
90.82284887003229,37.93576605819604,31.94310611980604,62.70663685139368,8.891279239400099,1.576135090238811,55.48842161291512,WARNING
63.239132432838744,7.823835800180029,29.478424402322055,65.81985559790495,2.709426983163654,-5.954916389509302,36.71429176724885,WARNING
31.382680822441557,12.075031399641672,24.298252740727918,51.24254214340435,9.07838513883534,0.14119293477436656,19.047349906337487,SAFE
18.792038081532304,3.848583469043704,33.92312290275851,49.13993822181939,8.218309465853594,3.1902153728154037,12.258597073649852,SAFE
79.62414505413685,13.597301970922437,33.84717844922116,43.203099234685936,9.390684794502915,2.7274856306674877,46.95024530345291,WARNING
32.451180017534206,13.475593114613632,23.81853170143287,64.7320479446864,2.187156129979273,1.906065318549782,20.481955003476777,SAFE
26.463502692535734,33.09844723969343,36.298794570810784,68.90126215723265,7.608513309307817,-6.245551886154958,19.755199706731563,SAFE
8.838494698451871,34.94744142436928,27.366944275887025,51.61731132016736,0.31149092793391064,-4.808471014499016,8.570703552784874,SAFE
3.3676403874464023,43.95928863006238,24.86793366437061,57.8668584786504,0.3897932066113041,3.3369478261131604,7.334956542368948,SAFE
32.30273457540939,44.89595934788329,37.762363778680715,46.26453091808739,9.009608956904678,9.923153469975578,25.516102736133508,SAFE
82.5415664123948,42.24356738776145,24.9801747221818,58.835119942887815,0.6725591396736785,-8.101641263566606,50.09859348361228,WARNING
99.88926120332906,16.331962471295547,34.963678240976925,70.33325265134081,8.580232710072291,9.95256594804313,60.50666127868867,DANGER
24.149648525686786,2.0175413429849853,28.22383035989172,36.504033491447345,0.22425889162055124,-2.791463457170278,14.331263611429478,SAFE
78.37382510752364,28.309034561253544,26.25555978420708,62.71710027463598,2.320181803088107,-9.712371078558299,46.751149358359925,WARNING
76.43533864364274,31.187154243200453,35.246052490019196,31.946900834383282,8.371196278306522,2.3905240007260673,47.469773875165885,WARNING
56.33953507126401,31.23070240572658,37.28866493736729,59.34682532794535,5.809503798881793,9.813583141315316,37.44478086124066,WARNING
75.6730167068568,22.114690272556764,34.14794000065855,49.46152358458943,2.28875462483499,1.937037537755188,44.81779427562316,WARNING
92.81820981139515,46.45697600077314,26.838105562109806,56.38387331108475,2.116358985698612,9.912622189977668,58.19515432728485,WARNING
98.11179078679358,32.475446485372366,36.08828119354946,65.755008064185,5.931582190394682,-8.933040060222046,58.84777315368017,WARNING
45.476434255266106,33.739315108370526,33.55063227767369,48.65613092111918,9.416919866580306,-6.65285935526438,29.351541412390155,SAFE
50.03594462155606,34.54419882754114,33.942716117836184,62.43194783844078,2.7528821345186016,-6.875868626267561,32.180566729149724,WARNING
63.594032682671084,29.965105806971888,23.58712020578482,65.25695727852818,4.551719917336564,3.355211832063059,39.7053487720829,WARNING
83.73670797701507,8.486421428846159,20.382897359936734,68.95512931978934,6.096974251526159,3.9927913924424345,49.18585011930033,WARNING
83.81549749886426,40.14054674122502,39.21840293857649,56.79675394260591,4.884956326599053,-1.9622560021853985,51.40758395888692,WARNING
15.369104284420454,28.63036164410112,25.540250486519575,76.06537561064877,5.8319080427709755,1.8568036101622027,13.30928094987077,SAFE
35.492466087701004,2.5994675988853744,20.634875307459772,51.16675720765987,0.8456537809723785,2.136939110802782,20.527067714343275,SAFE
88.09730056396575,44.14574082593611,33.180908202644645,40.56159157364655,8.629968313588721,7.721868706264164,55.724927381156945,WARNING
19.66535849529587,36.871304288533864,25.73039097854246,70.13201561764649,9.972378999036026,-9.399479893412144,16.044816881027362,SAFE
89.73658657909318,31.131526679932904,39.467652383296425,53.25047587632138,8.473879305713737,-8.752118628034456,53.777875664761126,WARNING
33.527905007829574,3.3508268875604985,39.50686266958141,70.84869536359184,8.525474212459706,8.759304628677885,22.721342981079545,SAFE
8.510348611978536,19.27987962566667,21.420697780880044,40.53965507750143,2.293657770376724,-0.6178557790484263,7.375344944754626,SAFE
26.856216745364257,5.048905340888055,23.349821781882156,37.363778177604544,9.730767979122984,5.185850138369473,17.513838172694857,SAFE
96.7761465269562,21.987024325395428,25.567369633253133,69.91465986045932,3.262539180411468,-4.012332525893035,56.61281145607165,WARNING
23.25059922078312,6.483948911211767,25.12926122033532,47.76598742369438,6.739942081457304,-8.748703155610968,13.891385256456807,SAFE
21.050693966534297,40.45118201458382,22.938438471675415,47.13225732612608,8.6465892185814,-6.901493777131147,16.301794554091238,SAFE
8.27368356181899,24.22689975400054,26.048390225570728,58.1704182241927,8.038048904834751,-7.257030236945137,7.836058802130408,SAFE
58.0699084554285,25.275438019493198,22.881575720263992,61.199924276449124,2.7364041786077165,-0.24331362911975063,35.26873108917464,WARNING
8.227232427706188,22.979202860681152,26.129269360856405,71.11906055926772,0.5697872699736828,-1.6278545016334007,7.963803980811409,SAFE
45.8431424131438,36.250303814955934,31.48575150180422,63.360616859709054,7.770492856517562,7.244059473163777,31.66841366425898,WARNING
31.38754967224705,26.901135268195148,36.802161568784,79.47255654825283,8.895193110437631,-2.5706547475124637,22.46176140792912,SAFE
19.516651721865042,24.469626870329435,34.832829036720845,54.62845353766488,4.831808633136685,6.764608421636012,15.498697378762042,SAFE
36.14037790671863,42.98973374058228,28.136096019034472,46.41165528391697,4.53989911199699,5.248939173497369,25.789186049808674,SAFE
12.600202786399429,9.82096079360087,39.02889651326184,38.77458136906787,5.6772731793105455,1.5862893332387564,9.77604489470275,SAFE
48.96244620502448,32.23726242884093,24.59653451595237,57.633113388837415,3.7217325524689713,3.23334519258378,31.387656265432014,WARNING
14.122354337314945,28.543870841973813,23.705407107666474,43.93215315575182,2.1870980032358323,-6.343244402623657,11.099158856711478,SAFE
82.5710951560667,14.285378383044517,38.54247563728899,78.49632626725955,5.712604699370973,-7.139977546685472,49.230210504337116,WARNING
37.45482433795813,39.8866131674107,27.34781457394141,34.350860915139435,5.567849109281879,6.902417029920695,27.147538247006374,SAFE
79.59263871435024,8.756157006517661,33.45529228824933,41.025213171782354,2.1820753455217226,7.481435466103704,47.12846180986458,WARNING
24.966895274023017,13.16236732590056,20.01306781522599,73.53345170627588,7.925948132091348,2.5465787018135604,17.37966147482249,SAFE
75.02657639388423,7.60242837122459,29.16647189175151,47.56096936743904,0.9377652625701649,-0.27739029570151885,42.402023243102924,WARNING
92.07396503426354,2.002955952534724,25.829218269875877,40.37704681028517,2.381466536656963,8.168691037587507,53.11639647142831,WARNING
46.806905423429015,23.31497064699094,35.211512849105645,37.72461020024629,4.872653541000508,-1.400295717578805,29.44327285707805,SAFE
59.69106905466561,49.97788516252193,35.38897788164094,49.893285150871364,8.27553052274047,-6.585832733750396,38.76643765899378,WARNING
3.0463686308960125,10.222418623213652,26.808231122285193,55.529037872977995,6.151291405411998,8.212114344288434,5.014595498205619,SAFE
50.98540095504577,25.063782231286467,21.004860196459642,31.74557763281119,5.511599619163721,-1.2364277350331108,31.936406837898463,WARNING
83.91803949802986,8.033979235592259,20.49943324234099,52.45193839650629,2.374785567522575,-9.007712533223252,47.42468418356004,WARNING
72.4598286847629,5.579649997862374,32.16639000015543,44.052487508344456,1.7349605035502202,-2.404969541613651,41.153313926173894,WARNING
80.14457762229537,19.604678845228634,35.015392984221116,36.27431483995753,7.727714196650791,-5.261333501867027,47.61342519383104,WARNING
67.73931298888728,28.289077742049816,38.58289434423375,49.3661258987657,0.6616518883444045,-9.616890288974941,40.82945093478361,WARNING
82.6858560972753,26.236781883071608,35.50488103669899,41.72128000057573,3.450837455132337,-9.397922555773622,49.21262096637136,WARNING
96.14923245741122,33.39339533504067,38.664101755186124,43.274820371453615,6.114636112256608,3.5699993658527553,58.26061313305024,WARNING
31.754970025758844,42.405461750781505,38.943229258004955,74.24275588480022,7.390669759393726,-4.450706405500919,23.984612434355462,SAFE
28.161604210563173,48.1680160223019,20.20568991871384,65.80249866210723,7.062461625552622,2.453790818995948,22.179405600286422,SAFE
99.01088460868658,15.593971788186261,26.799437275864964,33.946970147327775,4.4279813654373745,-4.779029475303038,57.12940613829498,WARNING
34.338670217764424,41.72858951278138,38.70969027054991,39.286653600259285,3.7250893155346585,8.572611242307882,26.18105611880141,SAFE
6.180846068922263,4.6180264055689255,23.255819784124586,59.76064170634373,1.5047227100599747,9.36152762901467,6.384050735881028,SAFE
44.671452725852035,25.07589801750832,24.93317231610813,53.548012621736675,6.619136326370115,5.023542739080856,28.593296180385558,SAFE
75.3868082709913,28.894555634704417,38.08719549987714,70.87039236530546,7.570481146986254,-8.887889566390788,46.4286035631241,WARNING
0.6877962219649314,10.622363859773648,33.27047187826905,50.55987444412729,4.0240625929931175,7.6917377645922755,3.621592306746005,SAFE
89.55628481318388,45.458763202679286,26.277561530300545,64.5527906369631,2.7163318127436966,-6.187803338511005,54.72916716651943,WARNING
18.463245734736923,17.1053810431797,28.599152395596434,71.54745855275343,1.198910934727121,4.698516947897884,14.122302742156707,SAFE
53.14549141893053,14.397267133799623,29.856391690656494,44.99710348885113,5.96081955238306,-1.323121542895116,31.46075238150118,WARNING
16.440552907887874,5.829153727784836,30.9339136414426,75.12065166430517,3.4395768655768553,4.660002144452465,12.28192700957354,SAFE
65.8661354939767,46.57774571547405,36.41962034598282,58.33026294527315,6.570304982341073,7.967729331680697,43.79370437325059,WARNING
39.95187845869348,16.339735292888868,20.216221672703927,71.32755370957321,8.009807004033648,-7.910909637996973,25.31356363361545,SAFE
57.68573811327003,23.199084908344368,22.37418191018223,79.02841135303618,2.1469588746335546,-8.655316398188777,35.73712386900733,WARNING
59.48473795019096,36.943333856651634,20.64886892094374,62.93588193635111,5.322918759514544,-7.934699822499032,37.54143584701629,WARNING
17.252387694636205,28.398714865804024,25.92715227026577,76.9157864325658,8.187402294840508,9.671344130273262,16.064470594568572,SAFE
25.967083895041398,48.48618163989885,28.624677395831156,47.37593976568773,0.5034952696935324,-8.944694842807948,19.468125951254503,SAFE
69.20112559466547,22.896449721701394,24.530432520722115,60.698515316261634,2.528581182501112,1.5526350868884524,41.34562426551587,WARNING
35.92087469826903,41.17761133059095,36.413923215335586,53.867519906120066,3.508191093350156,-2.7488040688181092,24.813723927847352,SAFE
80.57145256682179,16.4089741398806,24.18118747413692,34.234417093765344,4.666931208844084,-0.35735802160316155,47.017762657787145,WARNING
84.09087104029072,11.061934822303199,27.619825473367996,70.42028694468455,8.236236107489734,-2.307778480424636,48.91998998066733,WARNING
45.91240232866809,15.164294542464146,38.65109756838624,35.932188287079015,9.3374942300147,3.6773290367068654,29.356536717921333,SAFE
53.15721526867312,1.6329530392247937,29.511923836440168,50.38740525013661,1.6121881197512256,3.1281920700131387,30.35097797601172,WARNING
97.11509073682858,28.109440553226257,34.295065528878915,33.42252262830084,4.176669958169947,-7.6728302967100825,57.72670460351575,WARNING
61.27958355365104,46.92410791070773,33.23555464943277,33.84015241572108,3.5466620498508283,1.0132675888170297,39.99593847752038,WARNING
40.320775613325225,41.68220052375862,36.29342009419979,60.59155100516107,3.7345794513270523,-4.893272524735117,27.625624167239135,SAFE
10.587431821312931,17.7448841743277,28.263450344154393,63.79114625520368,6.581598242975735,-8.59783720717486,8.779385661271574,SAFE
39.525931543115775,9.088943360868097,23.136254106336114,71.36510748686229,0.4191521671625753,-1.6163424819575738,23.83055696218492,SAFE
16.82036557665182,43.9665107839237,31.140810265500704,41.569031818842404,5.024272871663764,4.6297271940623155,15.55360015027944,SAFE
95.81180089194338,11.022300212270947,37.723635442586904,76.71520570837451,9.164205445320663,2.7082871372381963,56.77053026905771,WARNING
62.982065443470766,20.16053165919114,35.04795764607576,56.564700917546595,6.7743807122829445,-1.43084192302409,37.8255411236233,WARNING
73.14964640431391,41.22357588022745,22.92872513205632,71.6464857787114,5.402965317903073,6.893318181804485,47.1893630449842,WARNING
43.13017063410146,18.952024269151753,38.30121465034445,42.55846337742007,8.442123252861432,-0.3195885498119182,27.076040001960273,SAFE
51.40954425512597,15.4234140744742,31.460844012380313,46.260559813810566,0.3926941424165231,-4.5600278931128795,30.347239664816023,WARNING
0.6379043406590679,48.91773935284283,39.31494419639495,49.75776487361525,7.28370854339646,-3.0838780317915004,6.3346657159555795,SAFE
67.1093157085976,40.27150215229896,38.935124893844815,50.010613792483596,7.832979829560477,-4.681430987357624,42.02620978075302,WARNING
99.03323037936484,1.2884799382175571,32.07057613002242,62.97529908256636,6.880455570741288,-7.592248424218219,55.94344124163893,WARNING
93.85297834731304,9.05916395250414,32.45506806479682,41.133803956154246,3.0721641702127087,0.9291708345624876,53.68056006712786,WARNING
41.719341856457646,8.011280048825315,23.418728048416966,50.907239408139986,7.572829782755007,7.9592929369557694,25.841691670449293,SAFE
8.412766225938284,19.655195377970053,22.004911274457534,30.829624031629894,6.617186826439566,2.0489888393317557,8.44147130594702,SAFE
16.301911381488623,11.690641654653206,20.47415507289037,71.74736028472019,9.746905960485515,-7.2908092641061835,11.936120983899828,SAFE
23.147521376529813,43.4204761973467,38.529275959123694,50.98136914034052,0.5062247226907413,-9.212163326143612,17.824027867933818,SAFE
57.39498660690104,19.64475544465895,20.57304855155309,59.16261961562784,0.11302536589022472,5.74743916298546,35.36633583235681,WARNING
30.643282270337156,2.012900150461605,31.767044419663065,49.88422072165274,9.738004133571495,0.8839732500740443,18.0629313053255,SAFE
27.52391810370083,35.47194323169874,25.429840050854224,75.21216457037826,3.747219705073764,0.9973712555241043,20.35428474762546,SAFE
5.0573103824228856,21.30606189761154,36.6472707932199,70.2824402681671,2.2431855885352627,-5.478418579788746,6.620771732589854,SAFE
81.73053122132367,46.51992100846628,21.907218425460073,52.50293197131126,3.3745427896422897,7.413769109148788,51.535050911179084,WARNING
8.352491468001876,10.556297127901871,35.049366751729885,32.56469244906078,4.925353807142892,-1.1578593064055998,7.270001425681819,SAFE
33.44011789887487,19.728615765946188,30.59881173860466,38.06836791941916,5.719958782835928,6.108646585999725,22.74917586827681,SAFE
76.01609297901591,7.694995234688684,22.984989394829476,43.40871838724567,3.610747263410372,-1.8308883718303477,43.18920263599438,WARNING
67.96972168333453,2.83402160829177,20.693454084521328,49.59552814719545,6.971636921379805,-6.131293140870349,38.250881821146315,WARNING
64.15044812562518,12.991406897014974,37.721722176270326,74.78449721333082,2.9728720428132647,-5.400124920735189,38.60584173041607,WARNING
41.13039720662313,12.026579259007436,33.44767686583407,71.30323422741428,6.73092130911217,6.487008944986989,26.94586979865889,SAFE
39.69921622074742,7.815848535443043,34.759018947951844,48.02372525707769,6.712708252291325,-4.587121160364687,23.53855387211366,SAFE
8.122963480667266,49.62908977438817,23.124030158611987,79.42104969817404,9.772799325664472,5.876362078160792,12.659302250699296,SAFE
65.94229620819976,28.890352512554234,37.322030907556695,44.4719760809744,4.67681212484877,2.3877993873300376,40.76120139080286,WARNING
41.11904758694911,21.3743227045134,26.60569335004169,58.2115908342268,8.50574528015116,-5.969432439873743,25.66905991649433,SAFE
93.44330387534414,34.45438268741148,36.4654642536006,57.80953463150058,7.795167014240635,-9.675992053210656,56.19276369514752,WARNING
81.83804247795352,2.006942954268326,37.79826752725725,79.59813736193217,2.940674621767778,-5.793628874284127,47.47847163384914,WARNING
76.53633638580408,12.651317046012661,37.31124766344407,35.142129607873834,1.2595519637935826,9.583031102012313,46.69815643816416,WARNING
67.38388982700046,42.34436122144764,26.48658754703036,63.82418747603022,5.942418273085972,2.06300240245894,42.77083567229414,WARNING
68.25324595377215,28.76795865645493,28.58124738605332,43.79613471902734,7.68581330913202,-5.474551399936276,41.28962743902808,WARNING
69.23543061544142,11.666641132466331,32.50660339908908,67.35391335645144,2.187138889065392,-8.801133982773834,40.59853373396971,WARNING
13.097374299417408,30.299848363551273,36.988928124514715,32.24984106177122,7.341512590416462,-3.1736270809989575,12.087570683692702,SAFE
47.85283699195225,46.44297749227828,26.639430094716907,53.2668466969743,0.13682414760681105,-8.368025599903232,31.215513141766465,WARNING
25.859159113478402,1.3926120410537202,32.62750652096502,51.319917840081125,5.48145202728022,-6.507056282073409,15.083242535934813,SAFE
29.593202943661613,33.191223742636254,39.306054472608,32.52083868011046,8.903843208552662,1.5376240262241687,21.937361748574858,SAFE
56.39195667556237,25.013926760388017,21.38788171808367,34.493842586808036,6.009120056590861,-3.180828571288834,34.77333863518306,WARNING
91.72680665776807,20.329526867973613,22.86562917405282,65.7359416751018,2.9335342144100984,0.509406147117863,53.62476991376633,WARNING
69.783278550517,45.01320556010352,35.84382389603352,63.818053393636205,6.796331823951435,8.918492880641729,46.23873279060411,WARNING
29.582409749653603,0.05560470980937038,25.439091187963975,40.8945689813372,6.618345851139981,2.6742319953105813,17.618875635240876,SAFE
59.34613827047238,0.812172160472685,34.57556108901295,46.17652062427457,6.650559890066311,1.1315685700430667,33.950386996555935,WARNING
34.27309254279072,6.7288133552053875,21.88837795320962,71.57591665561118,9.18397542081558,2.9957609352859915,21.815810127273494,SAFE
10.343411486048337,20.101360844412035,34.57878400210315,68.99104420050341,1.182186222910886,-9.999385623092351,9.186613123043662,SAFE
71.2137045880605,17.829808799310282,25.089626632365203,30.64487348947627,5.402994067614997,7.023014708519636,43.597508705593434,WARNING
95.76316462725879,28.287247530664462,30.289226554797885,34.252819274462055,5.488728015425997,-2.400418420692107,56.824722062846874,WARNING
60.71352808835769,19.436317393827334,24.805982469007333,34.748263761418826,3.1491844458889573,-8.067103314244955,36.26581909875261,WARNING
17.689695082398394,49.366807928977295,28.882071138132375,56.59358832525083,8.736185287372153,9.911378009813756,17.608880927717365,SAFE
58.27144493446815,40.623691052208585,26.538820486733506,45.28719787236456,4.027037209945602,3.450145253472982,37.31562586108868,WARNING
68.21916892550988,15.76197173247254,22.664198482732573,61.619812823275424,1.2832586218876452,1.569850164586601,40.172653763316525,WARNING
69.3422128056309,35.03057481972258,35.069442213191934,73.64297107828322,4.999589919647884,4.604983790591424,44.49787144374368,WARNING
61.91727353658367,9.331996989884129,20.513792897388164,44.22706928384669,4.430337063376194,2.3421188885731254,36.19059766593112,WARNING
84.99593305032053,9.812285835308282,22.510995797969542,78.17399737371638,1.0804455937640711,-0.4301785978562158,49.31616411968267,WARNING
58.55637287933019,27.068721045371912,21.720643140658865,32.85134570018097,1.0548342746103567,1.7117536774522506,36.32937019534777,WARNING
54.43448876343211,11.687039601837213,32.75548283691183,71.00337510278247,0.41578959846593766,-0.037401129039151826,32.5664051569794,WARNING
68.93104121026903,12.615596353484355,26.15541810586298,60.68189514946919,8.979352934437369,6.198488406057987,41.454163291696474,WARNING
58.31302190995835,36.51108588786246,27.29644940415597,62.04827640493789,4.6618159112755695,-6.201277270848782,36.67359772528181,WARNING
70.17382738772572,27.823231867441102,27.172431639071828,75.56695950393154,0.20934117826733267,-3.6845369750100794,42.77536486605679,WARNING
5.688139777764656,38.32636581108136,34.042149082275856,46.56761093681585,6.75662902207073,-2.0812554760810027,7.922671817255234,SAFE
75.62537914224343,22.709183136835303,28.24559455663331,76.73649577441505,2.5087909989070023,-7.591053200068691,45.48942090841519,WARNING
58.45431132594582,48.466090614208944,27.556784274543734,33.10183818143908,3.3930526730956743,0.11863308639116887,38.162606846279346,WARNING
16.19230066322137,32.9051109028246,39.95498778020401,52.58697379907219,3.5472855673021266,-1.9859166633106682,13.250738812383132,SAFE
11.514617839520113,44.16368007131119,28.29651311042704,49.36372057124207,6.596902729304743,-1.1593315813775291,11.275892582291668,SAFE
64.8233468807846,3.0723145065393753,36.27446687444455,77.02519764397013,6.487653861593859,9.091318577176214,40.01770186952114,WARNING
15.143231436996329,23.870809474017683,32.036134678908944,59.08683237105933,4.014617790890433,-3.2383118126747723,11.722737479792684,SAFE
12.68240225504188,19.58712252811391,23.253216302109703,66.71828382461092,2.0883093549459,-8.828693894309323,9.961702336956783,SAFE
55.236613781723435,29.76148663597008,37.438261225610105,58.849080620884095,3.4548085372344572,6.060237630526409,35.80544128883662,WARNING
54.027889318742105,3.964014231559587,31.317011206264933,75.40092727108312,3.9631262549822055,-4.073483962003999,31.895793785080627,WARNING
14.346945701802005,7.572276096767866,28.655429686836378,59.78399120807647,0.8061540516960175,8.791371780503315,11.118600849098998,SAFE
75.51336174451959,29.331195914183134,36.56877341877981,34.00933784060567,4.768388777331244,2.601862537233268,46.60223227612601,WARNING
82.86529061182893,39.17347800246338,25.541384994267993,77.0440084779602,1.2434584143087035,7.502672372423042,52.43523470556371,WARNING
97.09402496046185,8.857676161131279,34.441321284075705,32.01427593889992,4.0542282513915495,0.32566598395348123,55.92667822098622,WARNING
58.064522590963406,46.79686241242798,33.4450137458839,54.06389756096185,8.096750362658893,9.010656419088178,39.447588033565545,WARNING
2.2066148682290843,49.126063612801936,21.722642781273606,70.71933896343808,2.803347525514125,-7.3564068449225655,7.466246724190119,SAFE
43.98556397138349,32.19782897238068,27.6190369004695,32.72827041413495,5.994611396587166,8.048065522213495,30.315725080087773,WARNING
38.32153659472517,10.816638881541351,28.851546918656307,32.41813555243904,8.204875844802748,6.526816219003734,24.94578661960473,SAFE
58.800046342962844,17.655144446919476,35.99566728891567,57.73435123941836,8.259323085500162,2.6291758516604133,35.980842184345306,WARNING
78.44054732127972,29.928149660888,28.282821364313325,77.89729299630687,5.411138248788447,2.101790370810768,48.385036697425235,WARNING
22.048763941474924,31.282539471363823,31.432152989658878,39.241919897351245,0.5958709735314371,2.087186394295422,16.561816597098627,SAFE
76.36922693503206,26.17006854610041,24.535452506392915,63.326098834651745,0.8010572660960225,-1.1633259039609083,45.34966684859542,WARNING
16.33667583984202,9.222952552994169,24.045878983164073,49.335352852198895,0.5115020562039763,-2.0441311814180363,10.01398047825458,SAFE
51.170744711470086,24.164714248316262,27.65568200806081,71.95733040353763,1.453266924205041,0.1139348756274785,31.886481958055846,WARNING
6.20414169565543,3.5577839438954872,31.477316993541926,58.30092124439105,8.78033512844457,1.157473513201463,5.177479697959205,SAFE
95.97910204048502,2.434742419996488,21.96015369561482,32.20329307851907,1.8527685033354002,0.8254022188335615,54.331526894493194,WARNING
64.5572181427428,2.27925789743344,38.919417796911986,72.10826883251906,2.966124821570931,-8.45624939547064,37.68408634080198,WARNING
16.98870732190573,6.347220687748633,22.465675585978936,55.9280844332867,2.458474424934003,-2.837205669417111,10.524555259435104,SAFE
98.95053333843225,34.21571244626724,38.97961334094003,37.12782775165578,3.8213947483256927,1.0946360656470855,59.59695081077439,WARNING
7.675806188873802,0.20937218139789326,33.40868667593835,62.09097584007176,4.107888099996117,-0.20711847935934813,5.473008152820692,SAFE
41.54430005920896,1.2002522422444428,26.707432124349246,38.85411276986449,0.9842418910136874,9.134408677786997,25.4881500546217,SAFE
59.935972504216565,36.432814211830134,26.30727486532235,49.65735647470076,2.369239938967235,-8.060686580691506,36.80902421498156,WARNING
17.90316374415838,39.87570226482429,33.55091610367552,57.34644379927384,4.75089872866768,8.44868567312249,16.55646035197489,SAFE
7.273494777866841,14.030040661895798,26.998757071414282,69.12129061063939,9.925146201619713,-5.186589704856939,6.955685888200013,SAFE
87.43073341370805,41.53113802158956,24.493147952835333,49.966629009961125,4.096728692925192,9.564413370531167,54.38474744031107,WARNING
18.089190137889833,39.957898555239105,26.683854283462196,66.54351728880802,4.200110042956629,1.5671952623308005,15.37965756459082,SAFE
83.26117733261312,40.20827824919421,37.32846367079401,32.980866267232955,6.920505530397448,-7.200252465564743,51.62788050455457,WARNING
41.5818568018411,27.429420752734423,28.054789694936616,55.980583790150376,9.965263087986191,-7.2956537257429055,26.56299514493971,SAFE
67.54560453364256,19.800048319280762,22.660195978146575,37.936838168715475,9.49273106245617,7.592029934235242,41.84327815805824,WARNING
90.70419604150219,49.57663879136933,24.166307800170358,47.77196686820309,6.692190299248667,-0.3239492027870554,55.3326674835069,WARNING
41.83895333783335,17.890562466779652,31.875612638869043,58.7796714320041,1.6145783406424008,-0.5652032496312192,25.663973703062087,SAFE
55.347177620984986,28.514346936569524,24.202143858247034,67.11356961261434,0.25199094821069634,-2.903362889136747,34.2005532203276,WARNING
78.02126485356335,28.194646052770118,25.223248650217204,64.74765596715238,5.673909441560734,5.924872189127743,47.94837541550892,WARNING
73.50251861898234,30.505396101811733,29.76355350621628,36.65910628337617,2.613330178853838,-1.618010541658295,44.51281372070616,WARNING
59.92992870063887,25.68539276076524,25.76369051919059,30.323217889485527,4.962392219008139,-4.287480228755138,36.80014330386356,WARNING
73.46083007105351,1.1973132635241746,31.696556226115817,77.07371187530327,1.744092671114995,-0.5670101849880922,42.29890590405856,WARNING
9.142199181713817,31.28409561306763,31.01063361192451,50.36827621064162,5.213770214737412,7.931493169380204,10.32255174699058,SAFE
19.629430231106703,1.1282255852673617,37.233297693982024,58.855854119395325,8.906584554618425,1.938904468263452,12.796576897687903,SAFE
81.01610899597024,21.483668167757397,34.99719862576538,75.6520733444928,5.721229637222063,-6.384296988752409,48.775751844933396,WARNING
26.879761503019818,9.93222884487029,24.93714055191466,45.32077246755182,5.551337867531885,1.7598325892766553,16.643729471406534,SAFE
42.649974724186116,30.77103899104177,21.631498512227317,34.389411852908,1.7182946035765845,0.3615499608068955,27.641769201489982,SAFE
21.399467869831355,14.164220174628866,28.00625672345988,70.59330620051898,0.13862135912860118,2.9875764047324473,14.970553840971995,SAFE
66.88765310406853,39.93278901783183,38.655058781206264,31.00689244746449,1.5378370551321618,7.723425881119862,44.03547345468856,WARNING
45.851856218701535,28.229531946673177,33.26054407446295,63.95333022478187,9.317404033165083,9.938988348233394,31.60583570122034,WARNING
72.01574609309402,14.36106046025754,37.59504804588687,32.46104572703808,2.3108085287449622,7.947714349274296,44.256549809462015,WARNING
25.619151443935493,11.032552981087424,22.762505862804943,72.95558788234582,5.000582591910867,3.4978640610830958,17.40304463506247,SAFE
23.906638407502967,37.902021050560826,35.20011089924197,45.629901245415006,4.1068263301028285,-5.806194451395983,17.872705028379205,SAFE
97.65610233229043,32.28012885292058,38.69087761431031,45.16927718145666,7.8189091299688975,5.317172877694841,59.3193292217319,WARNING
69.16556518665415,48.28194876334002,27.87110672212631,36.53586617948787,6.717088592440607,4.586196009544123,44.93911138765657,WARNING
57.506057345881466,10.340894656669814,30.089118833387108,45.60948682845647,4.27466528166689,2.9043715168932778,33.931010173610325,WARNING
74.52147426908346,11.611234545067155,28.106507212939068,43.45807854958146,1.9863161386186912,5.667744399916767,43.86322042258479,WARNING
90.92526944369924,18.511609284228836,35.025578487475336,74.84976446822056,8.461242105302315,-6.343732229215481,54.02688837550738,WARNING
95.62918815133614,18.833822021473125,26.784813223476725,33.121566363889016,4.86173654104883,-7.819727687181426,55.65568485541402,WARNING
24.853982092742598,15.847131088364069,36.17652646983368,73.77443251979483,3.024663174614697,7.173962424891478,18.587976853035293,SAFE
85.72309373697911,38.232547519243674,22.93390228030363,64.51614234503646,9.450240645805687,3.650809575343141,53.002742257858436,WARNING
33.16168491078339,25.028965871541565,32.914500867021076,55.52852043642518,1.1995294173096982,-3.758719106959587,21.473950824122824,SAFE
80.23960305536325,43.07090230477587,22.746000654311405,77.61933761993623,3.2882261784860933,3.246274774614399,50.7462050230558,WARNING
75.18251459566811,40.59731173189417,38.91499404451861,45.64597740144113,8.585064545515545,-7.36626193127586,46.75281826023654,WARNING
70.50409063535928,37.098886475699295,33.55446482402641,42.61573680675765,8.730431470152034,-6.622830732592099,43.72059647138858,WARNING
5.363479152083084,35.87324953059561,29.509514304654672,72.4549009979338,3.8339714105825893,-6.634428229845744,8.07715782236381,SAFE
83.64421924698698,27.445481582003584,23.783915847807098,66.0191999293223,5.111136384895005,2.086259644806397,50.283441696324985,WARNING
46.089833820658185,41.43544919090032,36.591254313661,65.46944109121931,1.0540137739646227,6.777077238081375,32.25410442701056,WARNING
67.10129805329098,34.85120830021498,27.25965680807743,73.96397780785034,7.2537160023485745,-7.748190669416111,42.06470229024536,WARNING
40.77780344061627,44.319018098007085,20.94393403394758,78.07083098210248,6.791625683195628,2.6275195528675326,29.33112374428069,SAFE
27.05592564879914,12.439589436958853,38.841164389771905,44.91362271170614,7.755052967189994,-2.137564035858417,17.4588477827982,SAFE
13.925407078470398,0.5357648847679475,30.885146740305018,78.78894092744663,3.6913619380920446,-2.8561533201391036,9.6308228619277,SAFE
34.40916178494421,26.027191865242923,28.813297668485873,73.99573133635073,5.0552079172349025,0.15515676377137666,23.202001367101463,SAFE
13.83715947205566,49.136977045519295,24.999457817376594,33.66820337298013,6.631462489752088,1.9073274031374527,14.053790959779803,SAFE
41.514565399274574,21.1096116940339,35.701278420928624,39.78563200498245,8.202533189448896,2.9749422779003627,26.994869574854235,SAFE
41.89697737795244,22.90143082919343,25.132944143721915,67.60571663484873,5.128747423052678,-3.5829091450031285,26.47685105087435,SAFE
59.60501157609502,49.78672260256615,28.705245593131075,76.03457003893098,3.450168399245661,-8.905345861500283,39.42092782867427,WARNING
20.424210636842886,20.93475716638421,24.39269857189138,30.011351910912776,9.150015377475272,6.877588224618581,16.18960745655928,SAFE
74.22922314869471,8.390729782301431,22.40727152419972,33.38023747361916,7.240291887729212,8.576159213757705,44.703016697259294,WARNING
43.053582091303696,5.957033599802408,30.24785641464213,47.4415953729315,3.748249243499977,2.4266124831141447,25.338221521080634,SAFE
71.87181132622024,5.530179943658043,20.711804616129527,79.71651513428574,2.3272834891555183,-8.923389501830819,41.89911392415252,WARNING
18.987532909591998,1.947892317423211,27.836217892343434,70.12008922256621,3.412444497577206,-1.11633186243267,11.956369912642263,SAFE
67.55867735674389,25.444703503494008,37.22891372042648,73.30178375228783,0.09910695491153643,5.560926129663983,42.59541834387264,WARNING
46.073360024167386,49.442027065183154,29.664641517508702,79.34479726941487,7.545693612057366,-5.027902307733873,32.362307339759425,WARNING
53.83949792869577,49.60678197392914,37.15061215503847,34.868344689561056,7.063719968099961,-3.088408282583739,36.28970142985446,WARNING
0.6982261880348117,20.17404845134998,24.695088434499425,70.94346352602358,3.373306088457655,6.550473879076343,4.942608083368504,SAFE
0.05979388347953085,15.390957501305957,24.82330428615524,41.678368053430546,0.681866197654627,-6.257514591789965,2.0309920789477798,SAFE
55.55495698856199,14.568053641887225,28.34789564658296,48.84334401735943,8.759049249998945,8.10597998021031,34.29640774790101,WARNING
49.295697165586006,16.50779751578022,22.13601408004727,77.67014396910474,0.6022694490029745,-4.046994448634392,30.32023315955335,WARNING
29.806620117000413,16.020064307010745,23.285736865448186,69.15807154618486,1.2249786196598922,2.6981331830632556,19.64013979668378,SAFE
12.384602670581746,3.526781879647828,38.188590073717535,39.506438315935284,8.212501545597043,0.8926174221427168,8.937465806382253,SAFE
7.78565196087696,47.772409571903374,24.939223339837852,72.98226726763033,1.6881000578456418,7.0788576428370575,11.711678263521984,SAFE
1.3228812905293985,25.589022828474032,35.38885158843114,76.73977587463916,9.09202136206487,6.392497390952897,6.876018912085911,SAFE
88.8191349661304,9.960984291853825,25.683685914234573,44.448426246052925,3.7705393100169884,-2.1335865922962256,50.34691260946704,WARNING
54.45553246546755,7.993988168322069,33.824933275719786,38.37832696522533,3.103084821045475,0.06690261212308002,31.94080675184097,WARNING
79.64405615234773,36.97346166193636,32.91068712821044,37.78866302900851,5.470453456155777,-8.25106996400229,48.78120092775277,WARNING
37.73631767966508,20.67582651449796,20.796228788915077,43.69940497349859,9.556494672664893,9.07265215659379,25.640130852096913,SAFE
35.23270542525393,2.155005447416203,23.58189878656363,49.61088967167701,9.477796979692299,-7.176018729256302,20.157738954703866,SAFE
76.35158436682123,5.434126968734604,39.62515154782554,49.08082495545675,7.752345388990561,-3.1481783437773636,43.70161769769311,WARNING
62.76688771588087,9.600804237001837,22.920420385939252,76.90320697840656,9.176472779044335,7.7493788042576455,38.939707396861785,WARNING
62.543345016659345,40.413410560813915,21.3807387382275,46.73945209453396,3.1370312475715623,2.712906439052265,39.48360412379499,WARNING
35.59577734706405,7.42533908218404,31.929341508270873,70.71919603345407,3.821234944599732,-7.354625698030366,21.89370007341987,SAFE
19.668819731282305,11.8741652584692,25.997951859890726,62.139753525315456,6.00945484537719,3.921597231340783,13.746944835849513,SAFE
36.25019845315131,41.199882593998915,24.081753223115207,53.45203737590769,8.009387215414304,-6.3968270453476155,24.676580977043457,SAFE
10.986311374078294,44.18419838439949,26.85859325518392,64.1935062454516,0.2534860426393848,3.8009377681889926,12.036357924984557,SAFE
31.61013115469705,2.787042679372087,32.196255230962336,42.04019080365866,3.8680724205188,-8.388383754269729,18.61548324541171,SAFE
14.716325109494532,14.898861774792188,21.795190011203143,75.54131323431577,0.06047043183978418,-0.3227956227137714,11.024194670448832,SAFE
12.324745813255145,15.383954473897427,38.52119119636531,38.08472766369934,9.658323197183327,-5.884112460211566,10.071744981172538,SAFE
74.15661084668295,27.333863244865586,37.68957455193518,57.69966277515655,5.345592191563087,-6.090839992632002,44.80626376609492,WARNING
16.62293620516587,45.82445755577571,26.55676397700068,48.6041127481448,7.5982365842838835,-3.223530351543853,14.25260505907579,SAFE
95.20624466390028,36.89638844994001,31.9485848514684,74.04475802723763,0.4960590834948275,-4.858746156215825,57.6275435082492,WARNING
46.50363342209099,11.34892697357605,34.87810374604304,75.96040155268625,4.2377011993092335,-3.157347997762101,28.715701404409575,SAFE
96.15507321375662,22.242621641377042,29.780968008985663,47.58249361709527,9.095484730121385,1.3791096656370154,56.200072320931845,WARNING
76.21745871816447,40.590335917544316,26.836980838345163,51.684716566019006,8.484717744062646,-2.7348929664837947,46.57895664416623,WARNING
79.39351334518513,47.04961612872186,32.46420746136014,67.08136437259444,8.05097312041135,6.900792977932852,51.381379796028874,WARNING
39.505333785679596,2.5631729587999086,28.03752542473479,63.68781148920449,4.503503857807928,4.9792630172079715,24.041545520032724,SAFE
35.69824294686639,31.737207055201477,23.728396097079493,67.46847183224784,5.456959688130258,-5.918712229067989,24.01760609746159,SAFE
29.191117349780725,37.43043542909162,29.652024713230414,40.80157201965361,9.672711903702977,4.302500396337759,21.834816394420102,SAFE
95.71348325397962,21.35525226801716,29.50200681383441,74.89776080925097,5.250493402453847,4.145578238113343,57.33956971539014,WARNING
25.217287749552998,22.336323435132027,22.4689973162071,40.299001793848085,0.00943415267631087,-9.214698967026795,16.71521235789841,SAFE
97.72838231769293,12.117684756838115,33.266214190080035,71.95498493998058,5.506604592365642,-6.937109998320876,56.748768936536244,WARNING
72.81164373361663,30.012570504979152,34.6250117869475,68.48733114285436,9.754103676847452,1.471265600534199,45.23523655442637,WARNING
34.164111269060186,32.42322784501185,21.36881418485252,74.8698659160793,1.1938101133819679,-3.443143242283635,23.51732707471473,SAFE
81.57453806261209,29.865618916535592,27.872710405548844,53.671782968751074,8.545473932021803,-3.1999122788021577,48.6070561914063,WARNING
86.96496848121713,4.406721548834574,35.535968744172614,72.37738165273682,1.8181765283733875,-1.3930693525559903,50.00798116581703,WARNING
16.54997746636556,35.330206449710886,30.706955361233135,61.76616733541605,1.9648696695621115,-5.76508275895161,13.607407869782712,SAFE
4.149732550990636,16.103376759786485,31.1948932266735,72.89674569986644,6.669274474586807,-1.2920735320049719,5.680736249079836,SAFE
95.31201143941378,35.96226002879159,38.603304057251,56.379398663608285,2.589042747931396,-8.94346627270556,57.14641956799627,WARNING
72.60848514838504,6.065149900276706,26.055502565439344,56.62354539419487,5.644165877797477,2.0116639397427214,41.609675301459575,WARNING
16.625533034970065,18.98687024108244,32.34388454233933,78.49094323168924,7.276311376996887,8.452075141879156,14.888702179268886,SAFE
76.2212058314177,29.585848444620023,23.840467382726892,63.334282594625655,6.233795659599071,2.049383409145328,46.326505277145706,WARNING
48.978586798824075,26.43283019946378,26.688850542362083,55.965634632115155,1.9755590567847825,6.103487947207537,31.283705560304227,WARNING
18.577695469870783,4.248314494473321,28.724920527143148,62.915371975303096,4.377168249335414,-4.464917360973828,11.693436995465346,SAFE
55.817118389044076,17.350116770609997,38.65735380253266,76.1322569801786,5.023718199720955,-3.4423201196348296,34.675093240156855,WARNING
73.71324139566391,1.835647174153332,29.495380120873023,46.81616971351667,9.205358851025547,-9.759939454546348,41.57007594794958,WARNING
55.28148757183491,37.0331790533313,29.700359750480825,34.27015150813608,9.724613900279023,0.36020862752195804,35.68791890247791,WARNING
61.41862443190114,11.830489135375366,29.669961702136078,51.45747459791609,0.7489584200198374,-7.876792929050655,35.307112087086765,WARNING
83.74725196187745,11.990997610329512,23.899165429972612,55.245572562506965,7.68747131362513,-8.761069628420241,47.96178226237354,WARNING
57.680791963825584,5.960522142028668,20.72922101651237,32.63719760811087,8.341641082084413,-7.640550327438769,33.819248917180005,WARNING
4.515136441229195,21.894994357145613,36.879869438840494,43.1204188244651,4.217126175259164,-9.201549348724976,5.821653317872347,SAFE
44.907851413487585,28.880654031856682,31.418141075042897,46.62133460871826,3.155331806631355,-7.867527621268042,28.234990594251638,SAFE
36.67983206462684,4.9747334436482324,35.33191889424103,78.31371488740929,9.700744566667069,7.301421987507876,24.54898429482703,SAFE
60.07921493396191,35.043284862194,25.70411605360828,61.53852100863104,4.556495494398774,-0.35965320446134896,37.38785332773036,WARNING
75.7776560375158,14.095917779862582,26.360792233890397,76.23208955643183,0.5622429485097225,-0.28731403173319237,44.49505883556155,WARNING
91.28008004078617,30.51815039090785,30.92814148424264,42.48720896146776,3.4327548906444827,7.04096831609386,55.50773709541293,WARNING
55.921813176845816,25.737109687838995,21.99159427080058,30.801407822756158,9.636851886870492,-2.4602766542631667,34.92290070571479,WARNING
60.32130620995043,3.9857536593642493,33.662285714460936,76.62833543529806,5.756652529974197,-7.477693552491789,35.62765746539582,WARNING
58.172152747347674,38.31736065523262,28.128330731480375,73.99188739707338,6.486829533573645,7.984978365784052,39.10376813282767,WARNING
62.35053112473372,6.564398600241211,26.19383422210378,40.08974741262284,9.088264977168624,5.208001345749654,37.00044983711008,WARNING
67.6398368910006,15.048315981581084,23.68089544100427,67.8225543994456,4.741579458790797,-5.484208956987418,39.90090380907005,WARNING
61.66219781652751,2.0166926069225988,26.52340508256507,53.42784972955673,1.4795833410940584,9.69308955181679,36.37603787780654,WARNING
20.909736458961426,6.517656502163277,24.07069747773793,68.45305665798621,4.255056592718428,1.3083187950507593,13.595655250303599,SAFE
2.1009156986360744,1.7215654286657278,28.916510996540325,70.83276216008117,8.852388787075652,-8.265868648087196,3.007743274301271,SAFE
53.836310210102276,45.66148431396353,27.759455087957726,71.47829157141842,1.336956543994362,8.707889793355974,37.196432165792324,WARNING
75.14233175313026,47.06671963934508,33.532344671050126,48.17019659997135,9.381811725247225,-4.4886644738164305,47.022152417972464,WARNING
33.21725220617326,35.040420900087014,35.30632599050772,76.47017419245769,2.048024090562095,5.9599607043844784,24.906749157957268,SAFE
73.85460533969635,3.1897278126798936,27.74446282420414,44.13827285300493,3.044904243540304,9.658937591094016,43.453347947056756,WARNING
64.27774134799279,35.883807889674976,39.532352746300184,48.86008912288193,8.01840168452806,-1.3093807339100927,40.12567179576085,WARNING
86.95336718149798,9.03287706556516,38.95372354128559,40.93858542054399,3.2622050698093155,5.12384468213561,51.06627575233507,WARNING
39.37551415654067,30.410568838322334,28.89147002138857,67.1184968544891,2.2833125236861083,-8.83084025526246,25.86225363990779,SAFE
29.992939747306625,23.715433243421515,23.36040104385357,47.739864482819435,3.9998301829356855,-8.85216312623453,19.262638418173932,SAFE
58.33072481842046,44.217171398564375,23.03485825906105,59.8904006700757,6.647392049108463,-1.613306391614234,37.42876251299384,WARNING
70.109758736427,20.5365771745506,30.0927457595487,30.36765222772135,6.917201141346888,3.226853578894488,42.84151047192752,WARNING
3.8400877326344562,18.412505369756655,39.580636815833344,51.03682812843084,5.019454051318418,8.19860316319437,6.624865372342621,SAFE
71.72618758657563,29.10350655621118,35.95609362682145,73.21831332279866,4.568880717372669,-0.4978327013632917,44.296918211587354,WARNING
38.60509356518358,48.33530700092303,33.943325085807004,34.16115331040361,8.629596233130185,-0.388801183274639,27.736920561369956,SAFE
6.875390642248746,27.485862758165553,28.343285579514042,73.88747024313125,2.0399460360938737,6.529292189843659,9.299444659959056,SAFE
55.768869118545275,2.7305151606734523,39.43690602650969,55.630762205159996,2.908768542315825,-0.6118631602148383,32.094751369966524,WARNING
85.7857783517489,15.245156219253175,23.853527929734007,36.453562346544075,2.9785939839021127,5.600961740800869,50.710461248928596,WARNING
47.16263651952617,11.374080184676998,23.323699992194985,46.636473825518955,9.399243728857089,-3.1394657481995125,27.79881159976425,SAFE
98.81240759546354,24.261522788267808,23.583278365803018,74.55700458967547,4.603553731348269,4.193426870090489,59.14052582811087,WARNING
98.37115832091517,2.5087675159987,21.933891195751343,66.02283707313781,2.8182500329547198,-6.313972060998019,55.45037362362028,WARNING
3.9361879819729495,1.0923355993100903,35.48971206239582,36.7216713684775,4.677206159711509,2.1179363035896603,4.119986553415554,SAFE
42.835180056884624,1.3553326168116553,35.670030051758175,30.525661227082676,7.61889894377484,7.866089875762455,27.156263656542716,SAFE
43.28399210571723,26.777123654889913,29.539667852353077,49.46043093117194,8.874245353703603,7.878670213399811,28.757316180057664,SAFE
33.581636464153455,30.7534877007349,38.53815124291728,78.10292494706758,5.089590404220475,-0.9435038943134639,23.88178215506816,SAFE
27.869431592852578,47.9435936595205,22.85628608945735,58.991478802386254,2.8255026751863888,-4.419834193044068,20.82058151142673,SAFE
40.496858737618844,49.939646790782724,21.099326136796442,58.927090910176574,0.8257215803527718,-6.909583400189621,27.94991130245528,SAFE
43.95629417728987,25.523006567322064,25.175848167290482,45.82285654372081,0.8696702025593306,-3.9356043231149895,26.98939554554809,SAFE
96.6558439380544,47.235369083624086,26.6975658027397,58.54269681393808,9.095953911109444,-9.876323547182066,58.85106190068169,WARNING
81.06835703375918,47.418477639445946,21.826514686671143,38.07238430164605,9.607463027713553,0.7508028728069256,50.71503290904335,WARNING
1.4196634471723701,12.881599938176457,28.998873485377192,64.64544555123838,7.3316037813679955,9.90843025850912,5.349457082363452,SAFE
28.7511199383759,26.91100509342376,30.6664709571921,50.28226297236188,1.691618938424202,9.549131263676852,20.796060371583405,SAFE
85.3317186666586,24.91665141471186,32.064908453680594,41.36305267798311,5.4378707039174685,3.899402662429516,51.26097726460008,WARNING
51.51670283865888,49.514258529247066,32.226833124954524,48.54868562960846,7.721520276158381,-6.590749768367159,34.10559580276231,WARNING
38.451581370626656,17.34794751887929,28.636141902155543,69.08899129643632,4.841730321634074,5.880289005319256,25.437565482807738,SAFE
57.64889031398659,17.103471732877768,36.19957487366945,41.91448352765458,2.2438297979979547,0.09005848109671533,34.511694599400386,WARNING
26.084924596208893,0.4543517475608161,32.96595054597603,55.5546910736199,4.455178144931612,9.339370292366308,17.15880874937061,SAFE
57.11991839629137,43.171578889469224,22.789004724103204,58.46032315647139,8.67979626730903,1.6621151455979604,37.033091771010625,WARNING
71.80141781270015,18.60217839061037,21.84899034074133,52.895014756353575,3.9447939083885752,7.341203647578947,43.318779281761955,WARNING
24.399530235247223,48.3367113767554,39.162762396089924,42.381582153571934,3.480519554773205,7.911114817477699,21.098720720421614,SAFE
96.66222208961075,22.1719551418022,26.419940912817957,56.304700662577105,6.8776920636573475,-4.530509692500404,56.11153434541876,WARNING
73.64731746190728,2.5828678557320517,20.985889855288328,49.314385257277266,3.534731920607206,-3.687335692656955,41.176034230024285,WARNING
49.101976266891,16.03667911557856,23.84515836936184,45.473477454430046,9.74904272810235,-1.7777316601030275,29.381275203563433,SAFE
44.47127768583358,28.827249497557002,39.66681536828453,42.08006382178815,6.812821105324338,4.319693870834483,29.675845083722105,SAFE
60.73244167930659,4.428916981832204,33.53744551655153,33.204735551808774,5.961426495498969,4.791623544434852,36.368766153700896,WARNING
21.096989061995043,42.0811003771387,20.607076110660085,72.1906431829153,4.603290506427651,-5.64824120136711,17.370796900745287,SAFE
13.3778144993968,47.66535837911863,21.453311751623133,39.95467099679628,3.4782234743304596,2.4046969792224093,13.458785244720138,SAFE
54.480108527609836,6.282174620615699,25.794559674764294,41.9375885543012,2.135428544903414,-1.7771132704002586,31.141897135515308,WARNING
70.40314525916568,10.872646610861796,27.333577594059626,49.54587134205811,9.764565294354101,9.093327137581376,42.25527355846136,WARNING
80.01375827520759,12.082946040959259,21.360746281833393,45.845206886031235,2.6679454943383085,0.118516002927878,45.76266447236936,WARNING
77.7727910067793,42.9161469439429,36.89728170821017,47.98377806115339,6.8723434346068295,-3.743316049515599,48.105942102206086,WARNING
6.090554323518271,35.07826328014711,20.19655105139576,50.45912937292443,3.293792693020757,3.867550770377049,8.058959910752641,SAFE
76.62454727603789,15.204731798564191,36.23254028889707,44.69583802524669,4.463263599865613,4.540370540282678,45.6220465829096,WARNING
69.29202292247886,49.36842361561,24.50322048431864,63.115895676979115,6.096819082757774,8.301969089800597,45.69332350065541,WARNING
15.636214164487505,37.58990817934665,31.36537232537537,43.73329348939527,4.744349141471741,-3.324468058604044,13.227730007275385,SAFE
57.931340278846086,44.450030540733295,31.38609968824404,61.58612091632921,5.187478471147094,-8.976689871090482,37.465225161224694,WARNING
23.285855687609423,24.600086471604136,26.204705674894093,39.08817988805971,5.041328419184383,-3.543804131042993,16.125121985646537,SAFE
25.810764317341473,23.19927087201904,22.665685161643463,76.38728665377036,8.67702097919239,4.152411714810707,19.216260928267822,SAFE
10.621382758845622,38.79386272348465,36.15914656218038,68.3882308857169,1.1396588711924116,2.878159141355294,11.831130433939101,SAFE
83.43247957493986,28.867670060983386,32.92814750456178,52.91817397131531,5.287073198840526,-9.312462832965496,49.58130050605115,WARNING
63.89630219732846,4.07236064455796,28.700291886804468,44.632754883370396,5.454279502117131,-7.331673289535859,36.27629309826402,WARNING
69.16434019733182,39.75057684642352,23.26708899486313,35.215654367594105,1.4551548278735915,7.542551237970034,44.42257561403969,WARNING
52.81892617563562,23.36304980037513,22.134236382047085,62.47780033784809,8.6799959189509,6.563717386469058,33.90063584766852,WARNING
62.60547089808013,3.763935832583681,22.247940543520258,32.46544935549123,2.574792164924693,-7.286770656792445,35.9524726904981,WARNING
26.004804025243388,19.252902785948084,38.85965568142271,60.518802989084605,8.349737856829623,4.207030014246644,18.705748321694845,SAFE
11.250313052663174,36.796020318697444,25.501977631182488,61.95539234973532,3.4096197364298853,9.953445265293183,12.651312749760512,SAFE
26.355147949677782,13.956523538713483,38.61344511124797,31.232220231816132,6.966889878731969,4.506527814717563,18.759695027045833,SAFE
83.63785774103994,48.721965531923765,39.512038383133046,33.263837878323194,8.218393227529026,2.926198673147626,53.43158773201082,WARNING
64.73421343730912,6.41749633073474,33.00374332891307,79.12412903006239,9.11818569539447,-1.21738678390299,38.557869926311994,WARNING
3.994797328609434,18.114674500010242,36.5278062320111,65.07495507325831,4.593436555939564,-8.897969296823378,5.5684158737966625,SAFE
42.68947278233026,23.451246985894176,38.57111065788272,62.05430517910797,3.116529166546489,0.5063652890144272,27.362705036850812,SAFE
6.605530782216007,48.62841178248684,27.20119803861452,53.89336774565679,3.552839742369226,3.6502346023240033,9.708300305264315,SAFE
66.2232158329593,35.76611552645678,25.362864592238417,45.783424058203295,1.2525123109620795,3.110199436922251,40.913017790407615,WARNING
3.979712733565255,29.884116776172952,37.39391769703268,74.54160741448167,4.490377603699617,-0.8139262357385242,7.248548816838884,SAFE
7.696918300801736,33.53825127215179,36.425188407456915,42.23275273023565,4.213008816333646,6.776786735305407,10.112759764394962,SAFE
87.7120467662288,12.158999013211297,31.011412690827285,39.62465753179136,1.0187876413955654,8.22241002783915,51.97228476833638,WARNING
82.05075042321091,38.00174509015869,20.975326376262807,72.18643963551287,4.380440759053838,-3.1520975340828077,50.457664942697065,WARNING
54.647636102537646,4.567662136177791,35.13293098704798,59.1217538444148,1.8659009687316752,-6.235356004619089,31.568995360023212,WARNING
18.424865157267423,2.850119377596699,31.755968987433697,72.0174088794254,0.174982139873886,-9.019907100574528,11.866105774593402,SAFE
57.27702766869458,40.97478426930262,26.53477781137267,47.48071994038611,5.963464974967759,-4.51574221751706,36.10071978701,WARNING
2.660836607768413,36.761425905079804,32.512998258829064,59.037799952782954,7.416841289918231,3.50461675124075,7.03890805010527,SAFE
20.588198817832115,17.624052347167556,22.5222028335725,36.49285067089405,6.761957463565392,7.172002139649965,15.657660210409357,SAFE
96.27325838611391,31.417355877472218,23.68202646721914,35.28251727244653,8.128509715367578,1.5751295271999854,57.61525190433497,WARNING
61.82850210137198,39.07310443773546,34.06554455464903,71.72291264280483,0.5621390545987848,4.950412734930097,40.47059895911679,WARNING
85.08527573220954,14.306752122915716,32.80894547986506,45.70810319184861,9.57971066482454,-9.331528551289924,49.31160451264888,WARNING
57.97928438329551,8.325177352475755,34.244404103543175,38.794514170933105,2.3538326189835757,-0.1125837790848383,33.861310273639795,WARNING
91.4834949996878,10.585718607398542,22.88480042236207,67.94884159270154,5.00619532333931,8.235702247635427,54.27514638477918,WARNING
14.661455715984228,32.296394651151964,24.6575829230363,37.83802143258197,6.834294151572705,1.873692398174665,12.63511307833918,SAFE
75.48274583623312,15.473128822309118,28.9594331276438,50.273583816520926,9.840894639665143,-4.155020865212242,43.766518671350624,WARNING
29.481723834676686,17.72741044143037,31.291881625806433,42.61613721318726,9.15289940379274,-4.68628870267473,19.12912134403581,SAFE
89.58157315601947,5.173753182329232,33.131254047993046,75.34927592191218,1.6874943839822953,9.366539201985098,53.41894961213503,WARNING
45.28833604155117,47.285755422051224,33.536400872600936,45.07934349367758,1.8830252491710642,-3.925299075498012,30.404164496462986,WARNING
9.301740926267499,7.193398317166489,22.093208806929624,51.14717718707789,7.955783762575864,-7.172328915673196,6.43578494829998,SAFE
13.032043317233589,32.171447475866536,23.943659639361325,34.88050190544958,1.6684857820557764,8.474627917535521,12.971910367434479,SAFE
82.14712527761908,17.703228117754705,33.11641534654785,56.863783683401905,6.771242634825639,3.6534230492551867,48.76949840755578,WARNING
62.8734015059993,13.305068426865429,20.780128415256364,52.778339099505445,8.909738846907038,1.3899451703715187,36.98426418161827,WARNING
83.23910417019079,49.581217148061405,23.272324082765525,64.58888195709912,6.742935737000247,9.599108947165568,53.81242547841089,WARNING
98.56007339528003,34.33393058620647,24.872295839643886,69.92779190652996,1.070291342110381,5.613986083432573,59.820520013160994,WARNING
91.01961241446965,19.14166973842176,32.612705899661606,51.507136604841314,4.3776505498812845,-3.792582217837599,52.6498284545197,WARNING
76.21296204503246,46.80882820832526,38.815017184689225,38.73906424374669,8.74743649656566,4.748628828542444,49.238907183184274,WARNING
25.283740069028926,3.3642306460757276,25.35994533768756,75.61041183907628,6.331786748957723,4.421093217957438,16.741805942451048,SAFE
25.715235110909585,35.969407778741015,20.562430125558475,48.76606728865069,6.2675334854233125,-7.0780686891735956,18.337271892435083,SAFE
82.30035744469347,11.751564940595932,33.04562225636893,50.259857128766484,5.960435954776472,-7.850988947421838,47.15364885563661,WARNING
1.6912799921607324,45.47822136901506,25.392600175343656,70.98385013902296,9.993503004722001,-5.771374840021776,7.04652379854434,SAFE
26.51707411833556,33.14298938173329,39.308972692012425,75.7907174095372,5.028755200655849,5.902205650534494,21.335553098475067,SAFE
13.574585309990105,48.87190921020061,39.28706468071973,38.186447893958544,2.994231248031066,-7.996900049864662,13.80795524325423,SAFE
27.17175988981797,40.79778947076033,27.56631214330519,34.41984835733792,3.4222552477890456,9.627666684825602,22.028216175128854,SAFE
62.96835952592029,20.80804732030789,23.3307702699454,79.30883986418473,8.208490092631287,-4.370453950981612,38.672730455630486,WARNING
7.006869572118946,2.8312778688779017,22.407562990110677,59.03842918072108,9.287634212054924,-0.06513143988031089,5.182831071686477,SAFE
84.29454824561972,22.294330992990393,34.1716709153565,66.59363686432505,1.7396370590333865,-2.7756788204837646,49.96668187632563,WARNING
63.73021565380239,3.5348304092183094,27.23080375525913,56.739973314059625,9.962244930446387,-0.5093287475511854,36.3517527505014,WARNING
81.60567571143235,21.603364253330888,35.92781445239417,59.77074008100542,8.865954415023984,-1.7811489529978015,48.52168351404207,WARNING
60.43044198214788,31.50093403094137,28.347658836009465,37.21560218437408,0.9355940691233555,-9.666568988007338,37.240219029313415,WARNING
87.35342642452146,11.823745611934728,24.23013498563536,66.80177002130327,3.2001611308739175,0.12089384823673122,50.289527672654714,WARNING
16.25110652974563,47.98728607309846,37.031628000344746,73.18948114825017,4.067737485720052,5.247224274143456,16.750724385214383,SAFE
14.387615538978016,0.4309501295890139,20.39945865156056,59.33008687022802,4.553949052479408,0.3603069781703958,8.952573818588235,SAFE
0.7463140417219405,21.134330982871287,34.36136322401722,52.13468509837179,7.322192063122222,-5.339620712063304,3.464817840509758,SAFE
81.31420044817254,29.421562022672614,24.215261988598122,41.83602379269165,6.28030464569537,6.5987918642488665,49.74617576483222,WARNING
41.56277820291552,12.91502145637961,37.34023213821201,63.46341458754175,4.480854872830765,-0.2419960944139632,25.665255237170722,SAFE
20.42564679363964,31.340131503242198,27.174850210857773,79.78225883371746,4.801835152618878,-0.2822878762077359,16.20606609668573,SAFE
56.58517874106719,45.83780015593734,36.016361997195006,52.55650348989207,7.186992659727959,1.7247099756152338,37.088563225644485,WARNING
49.23670487012489,9.615788639217527,29.27872526909782,42.29092935112873,9.148421498516546,-3.291863730073061,29.09857741331472,SAFE
95.22640145333723,26.65276450473556,32.63088757352321,57.14702222446639,1.293806169667009,-2.483575619841181,55.84338304819186,WARNING
9.914611227762393,31.147702209169086,28.93748390400878,68.89924857854683,2.2047048099936983,-6.708678831413302,9.81987826081369,SAFE
40.63322309637678,46.329269160919054,34.20843630024824,50.94618123964594,5.172721697543105,-8.315739776458033,27.747566580971004,SAFE
98.4575896376113,33.32036523474595,25.70808136926845,59.290419710762215,1.0948236606899397,9.31673337615167,59.90172373642717,WARNING
17.478498788336594,32.40151590276071,24.909089250778607,65.87806913242679,7.76821367240281,3.4683945782286525,14.73386451720948,SAFE
61.44994602551925,44.623454697600586,21.57253421979516,46.54573828900976,2.48287479630846,9.760279241308432,40.68010174643251,WARNING
38.93897796668735,36.63063496201994,33.69450327762009,40.604061873868886,2.3899768021155134,-4.374308728939318,26.103522288173373,SAFE
41.112727825937924,11.71625328252634,20.393029654936957,73.96965284035977,9.65609831380884,-3.1685922593686406,25.695261707480075,SAFE
33.85068794254729,0.35459063871854934,33.605013766607485,71.27199478743144,1.4660830036000316,-6.806673012656985,20.220492010154814,SAFE
79.00832499714377,30.814537417707232,20.89721115255434,61.127349523114084,3.0891772284376606,-2.625496890583081,47.45199827014967,WARNING
76.97314182968802,40.54675963363053,28.00713253679661,77.35764680031774,4.0646271795207225,5.436720704602198,49.198718436443656,WARNING
48.38772645642591,44.8766163261042,38.155224873003576,34.37084039355419,9.364933313102258,6.510696830408314,34.31051643935392,WARNING
79.13107143126669,10.045566984276121,36.1023841750933,72.50663673425184,2.8915033445415093,9.045201567246476,48.160712511767926,WARNING
4.986014639916425,7.495462662356983,30.751622761030287,58.78962355611549,6.4515008330090335,-9.660617413690671,4.541491675697473,SAFE
96.03667746221302,2.2294046367071996,22.861239054468047,30.700725876302847,5.668584332940947,8.645337678419445,56.12751157368028,WARNING
66.59471660804643,41.13287342402137,20.2656240691716,57.100764923986304,4.595629775055219,-0.020641115584139058,41.561920008321174,WARNING
7.221318533518795,34.221768053465375,30.06440829717269,68.2574424930632,4.852906340617153,-7.012367275471359,8.802639855324527,SAFE
64.8256954077822,8.619318105258312,37.447891267096296,60.65581195346208,1.5720388355695425,9.246761149624135,39.59920361753728,WARNING
51.83654633353206,3.6449225935827503,32.536658088301344,42.65994535064051,8.036934518773025,6.356441471323812,31.29156339988737,WARNING
97.89473558546618,25.093476551225187,29.09913759455474,67.67378027232402,1.3247065634192656,0.9383102758624844,57.69399550381632,WARNING
54.624760013085094,4.473656140519361,28.359681710138272,72.6642399283601,8.561536219946603,-8.01524670160638,32.220256514170984,WARNING
9.072088274783086,13.134773850096765,37.49532125107987,36.44512925367495,7.199968026274463,-7.976687607737936,7.965633937324342,SAFE
62.31378537478254,17.80336495595724,35.778279259317344,41.68452244126818,6.392018293899598,-5.286349308482301,37.32720720732357,WARNING
71.36602831121537,43.68390172803744,22.5360359825352,73.32978442977517,5.9357525441429795,-7.4577901826595205,45.20618079354136,WARNING
42.7541855359712,8.043014674254895,34.006957777331394,67.94340672089749,1.0579652027279896,0.12279705389288686,25.74407940803607,SAFE
81.46250560259172,46.80815207754983,30.270357334835403,77.51396118057036,5.356889704560298,-2.116190108001841,51.392253700178735,WARNING
84.82031285528954,24.64913552290445,29.43805021129046,54.51562447049142,8.467850018697455,6.638830833761041,51.314928024475876,WARNING
40.35199924402112,16.66499299352625,29.838560480782586,58.63862548685545,2.3833721062799693,5.879101694311812,25.828947126122507,SAFE
48.648276573242285,16.70227742099798,22.136419859279812,41.94225802018035,9.492811717559837,-3.898006263609468,29.447486549288044,SAFE
16.885928936703532,23.03363958274966,26.141754867204973,31.757962513559708,3.2314521727941727,0.8821724787893714,12.897821595541757,SAFE
55.17123720199669,17.827946058844436,28.946055125052013,78.27589591173832,3.7734847723031164,-4.83546373480034,33.9267468574373,WARNING
24.34670440667601,22.888230635206707,35.19040297433888,40.29940920942366,7.092961271407681,-9.577003533011673,17.028708239008623,SAFE
41.8932977983946,38.793253260139345,26.774659115488628,58.18685507226998,2.049792328259108,4.839907822523447,28.48918600543654,SAFE
5.227910326875962,42.627132243775016,23.96392772843336,73.71990158541654,3.5252924130051735,4.453671489489732,9.442861515556645,SAFE
31.922529778618845,45.29558356173238,22.532742510367488,38.92598946362993,4.930301251588023,-8.361231219237077,23.01052819829313,SAFE
19.598018470176193,47.188319110600716,39.52979322295774,48.8129664665211,9.232860210139357,0.8964935134686343,16.924525120679505,SAFE
26.974246587376705,35.119936054029935,33.178036131497144,79.45626595543666,2.650472874092833,3.441190053234708,21.050305987158456,SAFE
5.202375502944689,5.68230193483597,20.078367499021866,79.97303405298365,8.022736971474778,5.734460294670816,6.722298955309169,SAFE
50.97260752881797,15.003354145271997,23.02528568925352,44.23373694232318,3.759712219291391,5.126201939605881,31.135544422683996,WARNING
53.96617889031524,3.874181327774134,20.360580179178246,35.116608976703155,4.104987136973794,8.663858340980365,32.98297808970149,WARNING
63.74024812092216,40.091294993775755,29.327491890090972,48.08330415975214,1.0840037271662273,7.518660443724098,40.936407627504835,WARNING
78.31600290279029,8.405904879886256,30.24521127752521,54.36874039606224,6.2509155268652865,8.923737879825225,46.49238302051097,WARNING
57.97714417624796,27.01086333893093,21.00645865869328,33.1453738009012,1.8734679132678889,-9.350584566165034,35.72459740351315,WARNING
74.33528955700123,36.16651519969815,22.72112468863286,71.80394503976405,1.5478603484611198,-3.9764882600528235,45.78259481130011,WARNING
24.8976899161365,18.61535492865239,25.09327531779924,54.4475463219226,4.074078813546854,9.731389815586532,17.932287932521056,SAFE
5.592635012822567,7.109068819367581,21.05651787817205,61.29205974911879,0.5450927741371958,6.728794747522468,5.921646820747861,SAFE
51.19386306819278,26.350381229076685,31.231890154243885,38.54068531531054,1.9769030311448754,-3.6236535425399063,31.77506820391761,WARNING
59.34964158218514,10.505888797010726,22.326634542665225,78.50584432092161,0.21981814809622913,6.0539481067204335,36.47363276756462,WARNING
78.8035149575022,14.8607056922548,22.712532320146266,37.28143233527117,6.974316172371925,2.856131821723473,46.498247736044114,WARNING
78.27456742513867,46.874058619955235,33.83854726533184,37.79257682757218,2.434426167654107,6.843874617462291,50.28121269958494,WARNING
20.93060758342086,3.626115847724071,34.06560108084501,50.1263177745071,9.200400525459036,3.0051014218732313,13.395082009069085,SAFE
9.041897779166074,47.392828362683034,25.171145272804917,46.86062452031429,4.022604136835421,-8.975514071913736,10.078982859275946,SAFE
49.65154222306049,6.165924553764612,28.019406533767036,47.53548939960422,7.728400834265034,6.063410232654622,29.79823862301205,SAFE
15.3412882389088,18.32755936896131,27.467063220636632,37.570522196804255,7.984535050511905,4.144566566708466,12.243431585354879,SAFE
19.038178629703474,18.33609542968995,22.116100497130283,61.4103298546522,1.2137192454861967,9.718683372498354,15.023741893955984,SAFE
78.06820746878623,19.511927479199752,31.57127864558709,75.56709081082045,5.540992803958261,-6.510030272040897,46.772674968770694,WARNING
37.87033555811593,42.15724325148727,32.88426031979236,62.536219216690014,8.668214856884891,7.879461149250094,28.074735831630875,SAFE
91.97925717794362,4.742459662657805,30.88252003926202,67.02547606091593,7.569268451270138,2.1343240394000773,53.013565449587205,WARNING
16.678733518367416,39.871027697083214,34.402226670298916,34.30678857745181,4.638098246743763,-6.520452009563929,14.647083021789944,SAFE
33.74770457129719,0.9040546102842717,28.006597368215164,57.49384605781052,6.195825928270868,3.269806902574201,20.14041782347155,SAFE
83.629131310246,10.773145363786501,22.40963644876936,72.57685859489628,1.5661281489264989,9.495201626723905,50.3090445971114,WARNING
84.2538229398637,25.043830294479957,39.628428498440506,34.86883645540021,3.0306576117510167,2.7644883008122285,51.03639578927504,WARNING
35.00068684731787,46.41862759903959,21.31252176355635,57.47059160304823,5.908662673951145,3.0545624755444827,25.356489646709836,SAFE
25.566622333181442,18.22832137599322,36.87361059329955,39.74713844850799,8.26867847173362,1.2531084580548484,17.654853643286348,SAFE
76.21875111940821,35.680368313173574,24.15022990769758,58.440636821693644,8.677231528050925,-1.3576752639614131,46.38673186909423,WARNING
96.65907702233167,22.610755005085903,22.855712733357695,49.47173400388366,9.517024063905371,-3.6055830132029154,56.03304672912421,WARNING
86.80981598670628,44.06253408409449,27.00373048663922,34.16288290253161,7.245579091588183,-3.7697540197202795,53.4059735348827,WARNING
78.29236142575724,22.132742413021656,29.70533484685243,68.89547033742684,3.823633310616279,-1.1374530935417084,46.645294950213426,WARNING
37.619046876962216,18.367025763864,30.518931538029186,70.43997222505755,3.6176831192256587,0.4850944107547335,24.10302658498219,SAFE
67.07273254426008,13.47197231518275,25.550456098047853,76.67065635117274,7.235345733310886,1.5437335244661767,40.268769744881126,WARNING
64.7720054420612,1.4649721551709183,32.362059311233935,55.47544366121009,5.457496797794357,-2.811523463383658,36.68585019716268,WARNING
8.14738977129419,9.66696168060261,39.014894264253435,50.4349781135467,4.666831558308642,-8.945804202931221,6.403595739077504,SAFE
3.756622954398059,35.85907235233788,30.761893282422225,55.435299210813334,2.431245304226687,4.8950146325984445,7.312474676545523,SAFE
16.82365791084919,9.496737183051001,29.21424342696551,44.31399310559705,2.4746298123314636,2.9047528910666323,11.402380154170475,SAFE
65.09717452185446,41.22585348999646,28.35417133945952,33.65425455130751,2.736663849214577,9.60010926393634,42.9678822206752,WARNING
59.62585752327021,35.48685424005102,20.147156592508292,55.91028660912605,0.3752865753180312,1.38460424182896,37.1767487397663,WARNING
92.07708496360753,48.420956525020394,30.81105350777848,52.9102402626108,9.45017094248494,3.4721966399339017,57.08750494611668,WARNING
6.489927953840946,23.286278883374877,24.804900369286077,53.49021607243408,4.554655720063617,1.6428960562948411,6.638666045369558,SAFE
35.677049034925126,8.213522472796402,30.074388691799125,71.5101442172881,6.640122280676023,-3.2326426814956832,22.10496197597663,SAFE
93.55230227588572,45.61037856245911,24.186967987681975,31.970879256018147,7.413087083507622,6.552205226983066,58.63800714537005,WARNING
96.78645659513553,44.49181970441553,32.010695364128296,56.50261696061904,0.2784105126258629,-5.066871063104443,58.37131923963476,WARNING
45.96147517329264,31.42519500417839,31.145036666368213,67.13179948408452,2.7976693088704083,1.2990521530494643,29.984866549304847,SAFE
8.814224339079214,20.683276179160348,35.00321665909202,64.6700426714522,9.90642737172179,-4.4421774802448795,8.645135339522902,SAFE
49.81892991739792,16.476520688699836,28.812062281183493,72.84750649346941,6.842090751884866,7.648823826951634,32.25291126515606,WARNING
20.351110833188645,43.6680558920719,21.19524548356769,74.42996402185761,3.290737794607279,-3.7082473317186704,17.136189364105807,SAFE
51.20885766986639,47.03450938616159,20.95562729362811,47.611548753537264,8.565719886833357,-2.0789104512906658,33.61824984902608,WARNING
19.9156897597067,21.23970906657059,27.711050029833387,75.77081007333517,7.619343757430971,0.10231111488012701,14.90312269050175,SAFE
98.8370566721571,23.263876563796167,21.164756616405505,43.11371609074924,4.360704802193126,-6.861947517077597,57.44088043081795,WARNING
94.7565126324043,38.34244489088866,25.365744008555453,59.540226675895795,7.214491571095721,8.82557857813596,58.57146526531577,WARNING
88.16353491754107,25.759611306910685,35.49305239586035,58.107237691379254,5.527038900455401,-7.705160833236162,52.27227178472341,WARNING
12.613765801615207,26.47668075112287,25.377230899580134,31.051845123023433,7.228392039002123,-9.350268066196701,10.912928156778593,SAFE
59.52768411040545,26.95968970636572,39.37629381155609,54.21065696738208,0.6360143637779736,1.0337593561292344,36.60409535972122,WARNING
84.10961706161014,49.842464214071995,28.606863473781452,46.014937124837125,9.06653296951999,-6.175157418477573,52.077458771215994,WARNING
61.542891503292665,20.285721209047384,20.821647299111106,47.364423715284886,2.6522852250267457,3.721823078869736,37.0948377740212,WARNING
94.87904976919181,13.402359368931888,36.229318783033634,32.767990846920476,5.381210100398132,-8.588998725802108,55.21584021177425,WARNING
93.40329911306394,38.31756402786951,33.158998224091846,71.19481908123322,6.475197955701631,9.378887943485822,58.87079926672061,WARNING
71.39579478647715,46.23293047911234,30.34263784021276,35.85322064909313,5.281777214230171,-7.462543438738134,45.129539900741165,WARNING
59.249347917640506,24.124653026383147,32.45150795665563,30.50234905274158,1.948404916553641,-0.1733913617573819,36.44448484836399,WARNING
95.05035615891349,19.180452017757922,28.487440521072692,65.73480445033111,6.0379275728611805,-4.021476998033336,55.45874971639146,WARNING
41.08163955674278,10.884989942861623,39.32042918260417,36.53171907786799,3.7183678456641944,-9.483220555599775,25.25875464801471,SAFE
22.17794919335464,39.023556919007746,24.02350464577759,34.00317012644828,4.744531798445233,-9.80061530530963,17.186120599556798,SAFE
8.476615442633317,40.381293478148756,35.42946689719213,75.7569410202448,8.545154359107496,3.6635112647963624,11.669548208049696,SAFE
5.233285730066283,39.14243089933287,36.91021621681121,69.95410728859773,5.084790353080261,-5.341963227010367,8.640005934394203,SAFE
84.53299756887267,36.35814048700692,39.61522348777703,37.78462988779665,2.256645830520551,-5.764037002369946,51.583324683105715,WARNING
79.25397676213368,9.345364822505909,21.333196596466124,79.92804032928143,0.24817211445149145,6.704881203177312,47.557350734422926,WARNING
36.53668415506528,42.08077298789076,31.092409824222898,75.08156147431801,9.261929864146266,-9.81803637438448,26.32504864220934,SAFE
7.541217599278827,12.517936478542774,33.38630832727003,74.41360982557529,4.599419512939628,2.139462325485308,7.697322675843942,SAFE
18.849985279556115,40.24834169408427,39.3465622270694,43.42994664572987,4.948259516005463,-8.277677789872524,15.685569828031541,SAFE
55.91366564629684,25.13917209233403,22.888729683101552,52.103310655903755,3.341046520865633,0.43661750610378647,33.73153819060082,WARNING
58.565433542879916,0.4247789303604754,35.22011965899111,65.65071459308703,3.662863862065222,-8.941281288623635,33.73015124732717,WARNING
75.49325397850504,47.75875802390662,24.803031920440283,46.176230686851895,1.8381288948181496,1.5387224668967932,46.897853298324094,WARNING
15.484139464745494,17.809697173068972,33.94026027868526,58.005799150467425,3.8646256432793527,-1.595007963849163,11.337780676538523,SAFE
56.21108826232295,0.29323639435806514,21.570197369072197,74.06290338815057,0.7787898909129076,4.136071924210103,33.18621136405502,WARNING
92.00381641090526,13.534180215086556,27.409828741190285,58.44607029223582,8.817089696385846,8.838111745208405,54.70678883303882,WARNING
73.9563248111268,4.330988042734702,33.383083110697015,50.515186093633105,4.7070099949106154,-9.017032193096458,41.78934141035525,WARNING
19.106213934635818,39.52568037668239,29.079176660957195,45.083112081557445,3.8401907396495814,7.087990266513604,16.520396520973126,SAFE
74.8999017404957,13.615769859054138,22.350036804247466,42.59991108220358,9.207564510547337,1.631776756995107,43.84575912578189,WARNING
53.34802087447829,29.819679984623075,27.320565314930306,70.35535101597563,5.232862493002498,-7.66504194462409,33.71881842062079,WARNING
12.906512482906296,26.842957325130918,38.73140436141678,45.417606083809936,8.695411688592182,5.281911731577587,12.189720442737025,SAFE
24.781244290690687,1.8170374158121227,22.036945302847656,66.42469669237201,1.996697380406467,-2.5745815898921247,14.880610539957633,SAFE
50.16991660064248,36.27340842250814,22.264624465182507,50.318320263873076,4.850729091426954,0.816541279430794,31.779324472996212,WARNING
81.83606413952167,8.583909752160846,36.15662903653245,64.64392138483261,5.558708141989594,3.9905574080514388,48.23430066173102,WARNING
41.20177389516564,6.9198792984062285,33.31530480530735,56.23361533428111,6.393748005427755,-3.2400243794301993,24.400096979432536,SAFE
90.6866577339836,29.368493428778848,21.70804968581748,52.490199535221436,7.563560547436343,5.882691234645447,54.65833486333997,WARNING
49.45970527637588,44.73737854156505,25.35336874388595,50.52993486191333,8.985969105689701,7.925134329431579,33.755066257624,WARNING
68.57127688246808,42.94902735611101,21.775465339124654,73.24974881038881,3.2061990655022674,-6.433369751435674,43.493129147806876,WARNING
23.936983634204633,20.898425400694354,25.023840092089344,46.02837930082495,1.349784860716421,-4.07646468882003,15.522445821481027,SAFE
57.22838145420012,22.092685404553198,26.934375224718224,67.3226064428557,8.935099713933178,5.13578445804794,36.121639300950335,WARNING
33.200070211767915,37.22210839187768,23.039603649481023,36.51589940456454,3.4562703703615894,6.1540473808811385,24.15809729765215,SAFE
24.634824724230185,3.1626704449339793,22.6341907041271,72.93724842647902,6.3378328474728765,-4.935976732600467,15.44746517131124,SAFE
55.52958253281813,26.37898112126752,33.10871956881323,41.659377721080816,8.644029871943976,-3.812628758399743,34.43383709116055,WARNING
69.41316539762369,0.8062323186107445,27.453142597882945,47.58549089794042,5.434844285830145,-8.545274764456071,38.77298899984273,WARNING
79.01313737261083,10.889040088378426,33.5407562976402,70.16060616220466,5.618769562415132,4.81766413443971,47.225668991774754,WARNING
66.18603122150056,17.77648985760038,36.177170780671304,44.7350684942764,5.7121291775151715,4.907954782830791,40.269268687347015,WARNING
37.89559098125076,15.138380380871252,29.186920203456452,70.89817471745768,9.299217631456647,0.9016682571978034,24.255962356833148,SAFE
66.14662053236519,45.16368111194571,21.97093702825885,41.60392889330825,7.089000062515824,6.474889238245993,43.11769395869207,WARNING
85.70290283305779,20.75535884274663,21.786798045837337,51.889073864981,2.307345902070538,-4.176070900067517,49.58261352851716,WARNING
77.22675568375058,3.7763543012943437,36.551624349614045,51.38345429120845,5.96063931100595,-8.20695537528642,43.79713695378369,WARNING
33.735907835727964,4.485045950742289,39.23087445762219,70.36308246631252,4.596327543564602,-5.527949033526578,20.96276812809958,SAFE
93.34551052498522,17.22982978634859,23.219688633747495,58.15821942269774,9.43774120344816,-9.923394189993548,54.03182736699665,WARNING
23.812484325399875,46.92238202052038,23.42171933714324,35.662172581990994,5.701872157998045,7.2368764658965965,20.317378886144482,SAFE
47.71098176939261,49.72821283422624,33.58343399075986,33.70374536052239,9.928321316819753,-1.8421152643961918,32.954261753941424,WARNING
28.740253384548254,27.893959178894278,26.086151836417287,34.322875356007614,0.014283430791767193,-1.0083329415947535,19.435413274951042,SAFE
83.68634222265922,28.615759281503827,39.98414597886882,44.34233228236,2.8045506476005535,-6.805010795321116,50.061382367818425,WARNING
16.40635882653352,14.25932980050239,35.85680090547054,75.28783953182239,9.750871697076812,-5.354206918070947,12.744205941362162,SAFE
88.12975456140917,16.412754463866854,22.25681089033769,73.50124627600829,6.361056346436186,-6.705382078378765,51.74291504176707,WARNING
42.98312575130026,14.362884743853382,34.73589137420394,52.6708115312134,9.89279945106385,-8.905100354808098,26.19198275542454,SAFE
35.50152661362467,24.09500835549887,30.062671094966397,45.796791119281835,7.292402490975681,7.494941469779494,24.262242890332367,SAFE
93.8719301977863,40.25466883997631,37.011603946131984,57.52726503099977,8.258882264268145,-3.929921817040956,57.04491605485009,WARNING
39.84787621092144,15.845650690927215,29.34774670895851,44.27898081193182,9.616114422544468,-3.7431074398866375,24.48514100107807,SAFE
9.804453811093982,26.34085830252067,21.141981568903528,35.52715831542903,2.193893891962463,-0.7129950023571663,9.052773126735252,SAFE
43.32509323090279,39.98459310013956,34.789493077682266,51.315914699535064,3.3370420757562993,-3.6706243187700283,28.549383079659172,SAFE
77.3995087294009,2.6036203110634872,20.256432990212115,69.7772195963324,4.7714637598904925,-7.382377228928481,44.29470435057739,WARNING
23.556593459450127,46.625197654869126,37.19005951249796,65.48925251119863,4.822252303373266,0.4064725238277145,19.32501888930352,SAFE
97.52445352839587,48.28852219421436,24.305380915716686,70.55522831526591,1.972426661670168,-5.729250442320972,59.62841536310014,WARNING
67.60930341645768,20.25005492937742,38.6308881421304,34.45048674480044,5.115256408094931,8.370430608862424,42.5989913840332,WARNING
90.41136604795051,7.8264606707870605,27.33275400192913,60.95607000233481,1.5939488477140218,9.360443440914775,53.125124724233345,WARNING
91.47493287276603,8.347508951723459,22.423109225219708,34.27042414041327,9.094436640366311,-6.127523804090784,52.51600913893034,WARNING
41.62849285443547,22.44256828260015,31.98022088427135,33.58676718737125,2.2675861740051593,8.62980773837852,28.148941439420494,SAFE
90.84101072685695,39.06453237028461,20.38802491236431,46.3503384248051,6.279587353429078,-4.496195764530486,54.59607033761277,WARNING
90.95866950537773,31.694473091622093,21.438134346328912,75.45027944178514,9.577666581762225,-8.44575163216549,55.12620612098089,WARNING
53.23602348613149,15.168214110708522,27.856781529628048,38.982560897767094,5.780721020124125,9.159587064977813,33.61129882403799,WARNING
50.30726002716091,4.145729069724058,32.40002666954817,47.01114972256285,8.559251895912979,-1.306437033670596,29.03097236405582,SAFE
19.28396089422456,9.555281134557248,35.37528361442321,43.279379915368,7.67233394159223,-5.882253784668013,12.800118487311604,SAFE
32.16863687013094,23.27434862198497,38.86391699386901,76.58657123769123,2.068718754222878,-2.835619175138544,22.14614549005967,SAFE
14.939938845377231,25.499253965674857,29.21165101389333,75.03800812253662,9.300053777910726,-2.328652179854158,12.694377407241998,SAFE
49.173794301898944,44.81181245730666,36.134156154901234,30.182815567232463,3.2005956418358252,-1.5645151612774821,33.23436492325031,WARNING
22.97162836832317,9.978580794796937,20.755690131913592,62.16848625348803,2.6251029048316568,-8.953056431373739,14.584148633377742,SAFE
23.097931052806363,40.095697641806325,37.02978363293093,54.15331225966513,4.160706704086862,9.557073870035634,19.642036747065404,SAFE
20.05646595880699,10.767964142730424,25.837343540727993,38.637865914054366,3.793655982041866,8.216684539795075,14.55084628001168,SAFE
61.534784062857426,20.597327430613184,38.68821589142429,32.42321162379112,2.1027617790186137,1.31777210203518,37.83580670037252,WARNING
61.55526231931792,1.9778753281306571,28.060775158142643,62.45769824154364,6.980705464034016,2.7627980503253866,35.73070036168902,WARNING
32.05632243609246,4.6760061798954755,28.542248928386684,36.437721868402775,9.47623658520667,-0.4965826795474353,19.42761614009993,SAFE
31.725917435686757,38.315203555945004,29.958971851645277,45.501701200622506,8.119677423908017,7.343043020022439,23.628230952973247,SAFE
67.3008166288677,2.3482211203833647,31.326457603330642,68.16474559986409,1.3650301208358218,-5.426584972307933,38.543082924117094,WARNING
88.24951050681365,1.0060860926537019,35.054542756519524,53.688664625721145,4.467721588396069,-9.858069350102257,49.548385836544725,WARNING
81.93982309664928,17.991245031828324,30.815312626010858,63.865034316782975,7.026295764379158,9.119601176521446,50.02527957700288,WARNING
53.13399532366091,19.98597754872138,39.074072529834154,62.105511751276055,2.981503562765556,-7.470715091928577,32.68034957507943,WARNING
84.25545014651813,18.10908013970758,33.20939442728862,53.54082096829491,1.9892977979503834,2.0337321724093016,49.245127688714284,WARNING
6.068306895068232,20.667122993559612,30.93229879327342,51.80234870592895,7.486721752509908,6.558499090906249,7.477049372410352,SAFE
77.1243074033178,1.9406473905901056,23.882575408919443,56.830375463188716,9.348220404438013,6.699135501042338,44.817061934027635,WARNING
84.25345083518016,15.160409687983744,28.58895794157405,53.53529736579687,1.5737158334991042,-9.378637395110873,48.29033748519097,WARNING
94.69028994605169,12.035629283175336,24.798978074472625,34.168952688437976,9.285077519437785,1.59474229879544,54.868028196231414,WARNING
66.70368571253539,45.578844363152626,26.91240337801579,61.0753655569042,0.3879945472888746,-6.264549435377413,41.91369975232017,WARNING
83.12458050899426,38.33841781691679,27.012853829142937,48.84053138871062,5.335544335535794,-9.99517990629731,49.97775440043693,WARNING
24.124433603802785,10.411590430410723,25.00965893499527,70.29529212667207,2.7967385654644317,-6.169573558997037,15.464682006489191,SAFE
50.42634607930315,43.282251818636595,24.826994076749997,33.926812139639935,3.564047358496647,4.953036491299557,34.04383488084564,WARNING
55.06905446947946,40.83966847871737,39.19184295218468,69.63312383758085,6.038030788437534,-0.13316823895238983,36.3650966849956,WARNING
4.006908634826667,49.21609894070206,27.66962245150085,37.61141069584334,6.667088553964567,-4.314234218090814,8.211674658705977,SAFE
58.57782709310476,29.33839539222956,28.914596418057386,71.80593077725213,2.64967061555443,-1.0273481676453162,36.57015433097378,WARNING
53.76921285909715,33.18123603836498,35.67943701011179,49.7403641439128,6.46046944096596,-6.9877809386296175,33.76116779169818,WARNING
93.26481005424786,19.152940321050178,34.590428439528765,31.017054094108882,2.05187142904807,-0.25834911352843903,54.74220185066474,WARNING
87.82524677323465,26.362757497533856,38.597409645877576,54.189844829139815,4.904490967359499,-7.605064229989362,52.0747487471513,WARNING
80.26562441522198,12.348270623353125,37.9922497874463,75.54121101651981,9.433101118741497,0.40460978206180087,47.86017054325515,WARNING
67.70937847836443,38.925794003083176,22.620292373009313,60.04785974987486,0.34297901303311673,-0.04867833222548157,41.77126488290369,WARNING
15.48426816202274,9.146146298104235,27.30095133385203,51.62185833582515,6.231724245321873,-8.511431631229687,9.938688814672883,SAFE
50.36917612374447,9.131256512655057,31.479503500634838,61.87023061305918,5.567092565528538,4.765910209566153,30.765195895199323,WARNING
33.56092442409013,38.25532958165655,28.655341634163875,54.20922491612984,6.481021272610715,-9.63283232001552,23.001320782560448,SAFE
65.39942214202483,30.929257453605768,26.1969423350656,34.289714244974476,0.9093544991304114,8.464474939704573,41.64633204087623,WARNING
68.92793212258371,6.355130688537019,27.134463386178126,59.62414969507982,8.355717050906486,-9.126781425739829,39.551592242882975,WARNING
23.663313147000885,44.487449514769004,20.18331100367633,40.06995513969437,9.59024175972966,2.2680369304434222,19.13402334923402,SAFE
26.167136663750647,3.3495547197923803,20.563826808944444,42.237253981846365,8.814858195889105,-1.6817269140498112,15.77756950729701,SAFE
72.0333369165993,45.914251768997886,28.16080923205633,39.56386855186985,5.171179308569195,8.161673741197088,46.780501228706605,WARNING
80.43744141377006,3.2914921681576894,33.85145600155164,58.59487612294769,9.074631763464255,-7.550371662994055,45.895790188787494,WARNING
53.40361132046566,43.973134675594615,28.20047573483486,54.099745886643355,0.7046067766695829,-4.4371271910217835,34.16954111372297,WARNING
32.45066491689473,47.25612243724434,25.65334721082318,53.0434367634826,6.713044235642798,-6.756332551842452,23.093969358513966,SAFE
48.64423871418745,36.92695197379538,37.337104260541324,61.312963733121336,6.690535153169479,-7.474330548308621,31.964056647524245,WARNING
94.57764972463471,6.628703874224118,35.49345874363597,43.24081608891594,9.335931437012515,4.399190787389591,54.88984459803605,WARNING
75.38137129783689,10.952958652994166,28.86079953270322,60.89065972946432,7.699736182066009,-7.9208124817522085,43.67760985132139,WARNING
96.23653164545284,44.5110335277278,25.40697180991169,71.1380121516166,5.183239230398234,-0.7638703687596262,58.71760691736818,WARNING
31.44341058114054,29.048429331579623,34.59778235407195,50.546645248137914,6.292191930082921,3.986258423106076,21.817801414021112,SAFE
71.11218170152858,2.5983049065590125,37.19495611370134,52.9126657382524,2.6241608169621444,-5.164709850406368,40.25811955994242,WARNING
48.301411284395044,44.34157697344796,27.566951633652938,67.48628733917717,0.968187309872186,-0.47886595697876544,32.051005217897185,WARNING
99.16861403927356,38.52189013961685,24.21056976881226,55.072073684895535,2.3362476364856652,-1.8087814547498144,58.8048143131906,WARNING
78.00840237349648,38.561240764520186,24.562007558047704,76.11116590774301,5.925681827648268,-2.40151418075971,48.384487390742265,WARNING
50.19355807808606,30.253562671887185,31.197810636915708,54.32025177680891,5.049328040894001,-6.471761791442276,31.410182732866986,WARNING
81.27329043046794,27.088015997050768,22.62159723409406,68.3078550791389,9.324439783773508,8.946137984739241,50.698873814851204,WARNING
36.901773241117276,6.775843678037702,30.367992532661304,35.63046146746103,9.339874185126172,-6.32840745289708,22.427429912934596,SAFE
25.276585995116406,20.331826344248523,27.663289371182515,69.73314461989446,4.563168205509624,-6.584634799933262,17.283285041568206,SAFE
26.72098954860741,25.4556692593761,22.949078348522697,60.58278378230071,5.657473065511459,4.2940463276451535,19.015479368165195,SAFE
93.77046153793677,45.61272805505779,38.92151236137663,42.23577985118504,1.3156530663935462,-3.9544659900710304,57.285095930200264,WARNING
89.50851727663147,48.60267373117441,37.18649902140952,35.50088605637718,9.474279980597931,-1.5328394529842804,55.89794652254626,WARNING
0.9310290762353679,22.11968703740968,20.921383393509352,57.19389605805588,3.385540274370513,-0.5313013281190244,3.456937342616272,SAFE
61.3170360743117,43.44005479089101,33.23803152943857,51.70244342390903,8.194278536703651,8.111642751462643,40.597441544755625,WARNING
11.975996643219721,26.596648877639574,25.690239194848882,32.35305989384737,6.685466951139853,7.255415549184512,11.948678463978776,SAFE
16.290265447739404,40.62068288119502,37.06791467073883,75.71702213332418,2.652850890860524,8.079061303797786,16.659415929881913,SAFE
32.06627547364322,27.61690067277514,21.010149416645643,32.19405441843718,7.203732127322029,-1.1104004404441792,21.84811799239325,SAFE
25.629237536921757,9.52067480124551,33.39906981718436,30.020077201266993,8.058911691968543,-8.415007877401424,16.870043340825813,SAFE
19.148961490811946,19.31181976495448,29.697174794322073,47.749755790697094,3.207121649842939,9.278320241463767,14.82650187740817,SAFE
64.15796812433942,1.1716477683694104,28.603518168886264,73.7504349871985,3.0145618641066796,-8.108873104512234,36.922472996233196,WARNING
75.83847715899178,30.300691596804064,31.406250156530078,32.6788279803704,1.4049900979551733,2.450987924262275,46.488049795684084,WARNING
20.782384145883583,25.203503987421215,30.89763372058787,44.17535951354697,9.484251555414929,6.849282136711501,16.380844394443184,SAFE
72.23735076327985,3.8996933204704542,22.122600386180387,54.639067293247784,1.6071334919098568,9.56530927058948,42.48975412591773,WARNING
15.852023402740944,24.373391773198698,27.28242113683011,61.9693210727049,1.2903640888942491,-1.3936714391521825,11.933057363748853,SAFE
27.470503280714365,44.387576233584404,20.811714242693903,75.68637470032297,8.329941385530004,-4.048585671183691,21.457764519909293,SAFE
78.92906546771047,1.560678016937378,39.337311005867875,56.32974712948946,3.0328102606544527,-2.7483357481064585,44.752047228735094,WARNING
6.640535346049736,49.46747570210196,20.78583890301385,62.745356157392955,4.427359277064583,8.978324363774302,11.464050709864598,SAFE
24.599974030679515,26.604341196900567,29.647124171655058,65.14332220250506,0.6801023195242051,-6.124217399532903,17.21394727124801,SAFE
21.456482009284983,36.907537742084486,23.7827739265348,58.67458819454883,2.152438205009537,7.232499001679567,17.540531303302284,SAFE
94.21854544896385,25.924648747112023,27.046177684183565,41.702888750874955,0.49781001523043766,-4.629998476050092,54.95471981906828,WARNING
65.42357799453178,26.68084656546054,38.88082556561855,49.813863124585026,6.938633423283945,-0.21354505049757222,39.70133234675442,WARNING
51.25762159242117,13.388715730205874,29.099015536839993,53.539249850635365,7.066425217489339,8.812799983722279,32.02835797584492,WARNING
32.93212774825043,2.1100234290649222,29.925902510012794,57.22306660745843,1.6844055113191525,5.209292125521333,20.057199760988016,SAFE
98.49291084414916,47.288735850423045,23.942120776473043,73.76816199503804,7.044936364116847,-0.9230687238617676,60.493523428458445,DANGER
54.0610994324729,42.4800087491229,29.602698792767463,48.66036845525635,4.932474930259858,1.5825960807009825,34.84186504230114,WARNING
18.907765377834885,45.045386513349534,33.48373897659228,61.66344586687445,0.9949622618063814,2.0834787634518364,16.377612717098163,SAFE
12.096066223849233,3.934883759769953,30.546217912847865,50.13927670232475,5.888102701562232,-8.215556638855228,7.625004664930816,SAFE
43.09830628472584,8.7393357522579,39.74200171848233,58.05751062175872,6.874368609408673,-3.491634386347844,26.06169607930749,SAFE
9.473891477934416,48.79354313917683,25.725180707663664,51.19040925867871,6.49863921702575,-9.506054046277775,10.510706085950021,SAFE
81.0259130517287,26.828909501431013,25.564343741376444,33.080399264623466,1.6249841547444144,7.9006771770687365,49.782724995582505,WARNING
68.60242239358911,12.495086081844493,21.31201529890059,64.53076561933182,5.724077259677651,-1.909609510835299,40.1779823036639,WARNING
36.361144919006385,10.840713796455415,33.392225130750354,78.53340138969352,1.7571524583682585,1.9423324003100682,23.405306514101675,SAFE
42.41850557459762,22.334436087233243,25.082945602556286,71.25674378307096,4.852556041472411,0.868117043965281,27.04685735490005,SAFE
30.476091279732575,9.090423283347487,21.71820776405641,65.7059570462458,1.9623428168785562,3.801507083775954,19.47869855389626,SAFE
39.03764460469539,20.788740049482573,29.383549921855433,48.38542540637716,1.0061997722259008,-3.8073637999430847,23.89979475191593,SAFE
66.37343606939385,33.289220073443545,25.724486144799886,53.0051313278844,1.9344722801193748,-5.7925583694032845,40.11751633315116,WARNING
2.3047088406607408,44.83732749538723,24.214133301498123,41.376693846823166,2.796014326451318,-7.4518385660914195,6.361581970808632,SAFE
63.92628831813628,3.7571476588793287,22.684048526527004,62.237836329504646,3.3966062048144274,4.1589565340237815,37.264484348057245,WARNING
55.742474467014205,12.801058653075653,33.01655900978656,35.81368401464403,5.364103830800304,-1.2570378990993074,33.31681576346252,WARNING
26.787358281744076,30.200249886975005,37.42667184680565,79.94523498815383,6.077627687434245,-1.9058825134165964,20.17554876977643,SAFE
22.52071002162016,12.854804469755587,29.589099562995315,48.36388506403546,9.138145226249442,-2.6340906468858094,14.440038945127114,SAFE
37.34445911454355,19.176725621698846,36.73240420735316,62.539416042345096,6.141688503188927,-3.3171395523227565,23.977800512813197,SAFE
81.79041768324394,1.9181930677850567,37.41594344676226,55.63749498969648,3.982502348634128,-0.05665438564628644,46.27834607181732,WARNING
66.7415530533831,0.638271325894868,37.431037129164956,52.336976265569646,3.429665197000782,-7.235088687318858,37.681565241536966,WARNING
43.94653743584421,24.816138564218942,28.072933889869557,63.933004691344856,4.20896528759226,9.228351556931468,29.558624950962844,SAFE
59.92775178235918,40.373896782595445,22.187118062189576,49.86456464729528,3.368477014471527,1.3896477627318369,37.59142242635279,WARNING
86.11135200614257,3.9169108881003334,21.451495960894217,72.51588540787995,2.128500860383574,3.3750650889962746,49.83759222535617,WARNING
54.28781323608052,41.644679744361476,22.501778196728072,36.489148286130565,5.568183602783075,8.927573067167419,36.88714272371014,WARNING
41.499775837075425,16.347105012734747,32.13378646395772,76.52243002725154,8.369278328446237,9.909672214664397,28.542796395580616,SAFE
2.256858320237709,5.642907235638112,32.18935526733244,71.02882196669248,2.8524434230676654,-5.215778239315625,3.3590938325491804,SAFE
78.69757993812009,2.819092692661579,27.387652951651702,55.29046112961649,5.603486743503234,4.572303135855538,45.14411890364189,WARNING
35.48457234306582,30.63421723373036,31.707508455819127,57.380805032687356,6.404832931422122,-4.811016578638474,23.604593833055667,SAFE
8.464875358462898,5.963583601987171,24.491647653078022,55.00989677613926,8.404427505460202,4.025866841767682,6.75334700713292,SAFE
78.90406042020471,17.54878119630457,28.093074832971006,49.68409429953064,1.9187318440450152,-8.77566683712856,45.418496969617316,WARNING
59.09160928272268,49.460834171029305,23.336594099005257,32.334240994963686,7.795316818239329,-4.948279866305516,38.802692608813935,WARNING
82.96438053529283,35.19683335172577,38.91347074101609,50.446361787833595,6.619698394506342,-0.7029043837345856,50.19906917575144,WARNING
63.05886973085435,22.479945300386866,23.772644928481498,55.394870800169045,5.285842014374423,6.21207696520322,38.76819166935232,WARNING
73.55207057935812,33.1895811970722,22.267741911051452,66.03081453318575,5.003051563545148,7.881990722123184,46.53730129206279,WARNING
91.98709341305428,2.757829530089273,36.412831207089575,31.88486952113353,3.6716962569502263,0.8459995124215816,52.69786712981842,WARNING
14.810079862712744,37.315690628453844,20.16709408344277,38.42995242170184,5.807968298534757,4.287751240745848,13.845209325156073,SAFE
91.66431026939162,35.274832596731194,33.43558540509732,49.71705731753322,0.012844255268014138,-7.596814825287561,54.37942252498012,WARNING
53.455454475603915,33.756494292220985,28.34896567792925,66.53395057641951,5.218622953321788,-8.516476088113755,34.03122635118778,WARNING
19.201625096794885,41.999911162197144,34.49825493248879,74.73809935062475,1.1755724912093657,9.80445069230148,18.492371396633345,SAFE
20.94067139499336,0.5889938143321005,39.94845878107108,44.053694272255655,6.680194525125599,-6.466353716473896,12.95501660037661,SAFE
58.022853219914175,45.20174932272796,26.40362334856877,63.51269880221796,1.879035887984165,2.4959079743745054,37.77169370003904,WARNING
33.64503518175101,10.560412929397584,26.263641014072704,38.94205342538997,9.019161078378827,-2.056262273657423,20.627848076255898,SAFE
24.527930497436735,22.420392050796643,26.410723336129912,67.2209626906663,9.712199118854944,-1.2393268660470635,17.149595235952425,SAFE
86.10333999722404,28.293153677980975,23.14471330188467,64.53113710406708,5.134344971258201,3.0121304650420697,51.86461689795176,WARNING
88.9687412571665,22.021728532802303,38.02355246434711,67.53345071408275,4.886049258779847,2.0644427131592735,53.32002170921415,WARNING
32.55811325190115,49.17986498693871,33.34702326100792,32.1923426248315,3.266219057480088,2.4662886751811506,24.789251506958557,SAFE
5.63332777992398,1.1942095659571383,29.00048479055605,46.6345089846335,4.3829860803316585,-4.746133802399896,3.8051993298666136,SAFE
16.47177469429809,34.457167849016884,30.29142232535601,40.00771056246834,3.195894262599983,1.8361581532665188,13.796404798693327,SAFE
7.2229348272477845,7.372650463308977,21.4649120821478,70.61586663570594,7.524092332120093,5.0662586375851415,7.30688327311812,SAFE
71.6325343476028,33.46927118349346,29.5398383075635,62.113908175355746,0.3836155478797465,2.429288453135692,44.08254680169798,WARNING
77.78777055368772,25.017918019219508,27.150266568544737,43.87133674004896,6.428020501620825,3.856023972598175,46.79161791747567,WARNING
87.09675998625426,17.116704123049537,35.39544614771171,58.0677912094669,8.828364906780791,0.5562421659124155,51.090716951125245,WARNING
51.76298283979672,28.893854072045457,34.986307102848684,78.23452394142305,0.7356335421576565,-8.931307952179656,33.30684919841421,WARNING
93.75503374073385,26.493781275910305,32.29806029133872,54.12118007973645,0.9365745260747449,5.36178756837333,55.90479494352681,WARNING
74.72246450885869,15.5851660746406,26.12478490456801,71.89206904527592,0.7235725774132662,7.622102967131315,45.367314007125465,WARNING
25.66616898959144,29.649237387774697,38.71988358003556,63.906125076832325,4.144298124670366,3.790684178108304,19.42796885775133,SAFE
34.39796363163702,13.862920817459306,39.93366555869359,67.53951155898939,6.447199773818176,-2.894207135613625,22.251190923721353,SAFE
4.916082915504816,1.5528438017577806,31.083625108975976,68.10163605195255,5.3737919044385505,6.815701438782291,5.700222924728239,SAFE
3.3426533093221633,18.337603821297005,24.741407823483563,52.363648407856104,0.7237639319412248,9.08263283142145,5.656046494356869,SAFE
22.325540106936092,46.11538877417924,28.517863100733635,79.2762066627609,5.540583834602107,8.616657283516147,20.530650072840835,SAFE
0.5348988694222845,37.41194030904501,38.06101306205031,36.986028348947706,0.9612585173215149,-1.508547856280888,5.387200570607964,SAFE
93.36789061329351,27.119328009521936,30.54912927443464,37.056305914966096,0.007895110932187865,6.202801814909225,56.229868924765505,WARNING
8.757456298623822,31.692490936766198,38.29232909030383,40.43259565792155,6.652728362369108,-8.42602846584981,9.461473147657292,SAFE
60.3755143837613,8.196586047660137,34.71907121030356,45.06156473969541,4.633910088046463,1.9886108405524343,35.38848451187795,WARNING
17.12734106662396,37.081890930881045,26.052806812736293,63.11859299563768,1.5828305069937365,3.7623531841270044,14.66840883232507,SAFE
12.818807281046174,21.267824813499182,24.944121474777535,67.41876247140914,2.6203500450687454,7.634346127907925,11.708745263591918,SAFE
89.18202114066128,9.822065761139292,32.276918900154485,34.38588208599822,3.915370996016292,4.266434590025446,52.225925511991356,WARNING
65.94232468499163,31.235033470330396,25.650817273248872,48.9012474717201,1.0294614470028618,4.3804564086720195,40.40682476793942,WARNING
50.38887967912735,35.438281617282726,24.978870495937457,46.22191143175331,3.3421533726011465,-9.485151805055676,31.61478055749384,WARNING
34.10478728306236,40.16522867590167,37.94596991499477,55.910915781796376,4.555016952192203,-9.383507626012594,23.94475100572363,SAFE
87.92043375853827,0.6505106712936359,38.89500160420424,54.46081243440453,3.419344935747266,8.484368696853203,51.206921322413855,WARNING
2.4390993110096737,29.071244743454354,30.97865048998675,40.96602006056911,4.288874313502106,3.0452801188754037,5.822760356321824,SAFE
72.71311968819275,0.03584293532898908,38.737068601820305,38.22626861964062,2.335804342223592,-4.730531086123035,41.38813033825907,WARNING
3.782013655203531,6.152606179516246,39.726998458883244,45.7608368688643,1.1530109033904934,-7.860174776507534,3.701326752984039,SAFE
71.94599676699718,42.72843320163204,25.139045990169397,31.04547561676175,2.2309001844535583,-8.869686184064854,44.90936506990472,WARNING
10.339493663004152,21.57540599238212,24.59836741723265,55.797293926271166,2.5349375325719037,8.810746022058954,10.043104520382808,SAFE
90.59439679262645,28.3403052505233,27.088479839747723,49.057344101736774,4.118522831444969,4.551586442698881,53.92874897800945,WARNING
45.16389955188379,42.83649732529487,38.88189571860729,46.797307668946694,5.606944813756801,-8.09886926334871,30.258371129236437,WARNING
20.0469047766359,20.673288335508005,24.124054318035576,73.82802453943589,1.5828625605909807,-0.88678356893816,14.407468099800113,SAFE
60.56992404598757,34.59319540804222,27.661387394530134,73.45495343623642,5.683191510779255,-1.2098443910489642,38.36275438317468,WARNING
6.724063405203662,23.23447342225825,36.41471681631461,60.727050911065774,8.321624537291184,-0.11976658801388851,7.544851828321418,SAFE
11.846170509448184,0.6819922917940535,26.064390934371822,64.89952357488963,7.902599039416938,-4.084943307593411,7.776918686809826,SAFE
49.565392088324714,21.055945221704082,28.210455687028556,41.567435660007526,1.3637110502945837,-6.066228835375737,30.01689672461479,WARNING
5.53323871633461,9.906537091178851,20.18401795250759,61.362920031798915,3.163754073876829,9.462894228538172,6.893646656467963,SAFE
19.371705077629787,17.291428515479694,27.156823172830663,30.422574803123027,8.39207953039459,-9.360110797113506,13.889897039249465,SAFE
94.01798347292414,44.60371755468103,30.710438321719273,57.179778745564604,6.537779229561563,-2.2589997613022605,57.14166248041866,WARNING
64.72222833978554,2.2384194344243435,21.08095254699453,52.86152098097722,5.49622301106035,7.756352806716379,37.98617766391992,WARNING
10.466063390789627,41.13239635969447,24.200946745841392,49.70418242550159,3.166024348274129,-1.9968945426920204,10.082619259750299,SAFE
15.049549807258556,25.178503720177748,36.03285179662734,52.07670051894485,4.906135758981991,6.975351705626284,13.090957510862948,SAFE
70.60581146380308,24.522720425989235,25.153912963783593,74.24633734224832,5.770204016905583,-5.577047797786133,42.79399106383749,WARNING
26.911975263801036,40.1566544468123,20.88291124174911,79.60460935144101,1.3035167971479178,5.921370507938748,21.75278668670154,SAFE
39.47753167716829,24.610809164373343,37.613011549291556,50.64555947946066,5.374937536732345,-9.014006751816602,25.105398767154124,SAFE
0.23474738674531537,12.239993650086294,33.61166185837534,36.06324466795684,1.1376195880454942,-1.7807878392819347,2.537412266641753,SAFE
64.78370386082265,35.60359961239652,23.569013481967495,33.979407368602125,9.403970339455443,-4.786672348757966,40.53417455913642,WARNING
85.33464976087238,43.17457252314092,35.45045183525089,38.44168033262851,8.218014592542003,5.385011184831734,53.83985616251847,WARNING
59.67229901062171,16.860101758447637,25.25017208533088,36.09446060401795,5.097570669008714,1.7052175101969311,35.80948224124217,WARNING
35.93389905157872,23.767953384043427,27.270289147385334,62.05030286603506,9.012592077965634,-6.7215947590611025,23.30709902134194,SAFE
38.14088099031234,7.043430197543065,32.498875408156636,66.44352547442979,9.31912732597456,-4.422561474780702,23.344903974854144,SAFE
95.02112058654302,3.16313359103374,32.06027726729177,32.8566359671665,8.937741877619448,0.5961811414010825,54.35423506886949,WARNING
66.93483507627961,41.578696295522626,23.006212449679374,31.929578096906692,8.788811459128521,-3.7013354508213503,42.414679967133175,WARNING
12.897890792716527,23.423061854354327,31.966121513920378,31.548530171125506,2.7489565825708775,-9.34400251446208,10.84447351769781,SAFE
42.0335389195499,44.75500145331222,39.65304822987139,61.85237767518137,1.616376937845918,8.116987799986116,30.623434253225824,WARNING
51.62478232000605,7.6874656051459045,38.43453338903323,67.87345253615516,7.317052727231515,4.183614075888094,31.930351584316533,WARNING
20.03398210964423,10.550334585376303,33.7658599685451,40.98613750551984,4.3867169680304885,5.640036511878828,14.31005289277051,SAFE
78.3952518097841,22.663088626292982,35.8437987655049,71.93108980990283,6.547757512842603,-5.431482953831597,47.34982966242307,WARNING
27.401178038554754,15.742057770436768,22.33608215467904,43.65798101849725,2.095192243125321,-0.8934250038279572,17.19991015174624,SAFE
90.84375478722649,5.224015837697904,34.40535847894791,64.36415022065638,0.9575419866335766,8.451448098116,53.413108870679466,WARNING
56.84722021568196,18.186276056784212,35.13077166990613,42.8682729200817,6.935098370463204,-9.205775848555056,34.29447858031788,WARNING
83.9408037609272,22.408542351065925,32.73385828715884,41.061890990334184,6.770737126584479,5.444805517865532,50.66939262836012,WARNING
47.321318688439874,30.886346203089715,29.12651847644797,74.70456846289227,4.978691805143192,6.8361741805763785,32.17308367229035,WARNING
80.13520582702486,20.525241067417827,24.6016898371495,50.304106627988546,8.262173757752201,-5.447349283612153,46.575116839035026,WARNING
52.44363458577494,40.30483739803737,27.069549502567575,62.11048185013487,2.4563157404881455,-7.814411092636801,33.70630011663948,WARNING
79.43842250928563,4.948431170435342,25.42762790159169,72.75547109987201,3.464692870786672,9.46090699028322,47.4105464888198,WARNING
97.97343347738597,13.413801022677834,20.81956444499781,65.25316421026895,4.509865026483437,-7.984943120808474,56.423941754417804,WARNING
70.75228189780428,1.5587454555960611,37.403933809844844,36.932626455665186,1.27311878746725,-6.4865540406283095,40.40685089643431,WARNING
96.02663584920666,34.6584680126923,36.027430709272735,49.88174928663765,3.3631272750495556,-5.310319864336601,57.00593695321713,WARNING
48.0648028312409,27.591436676708426,32.635496873055104,42.855925199934724,9.486540809029906,-6.604830035857283,30.408090848960857,WARNING
96.56531747664123,0.7428061253751894,29.622513836336914,46.66839190582814,4.491234139302508,1.4132915796157803,54.090131344103916,WARNING
43.558915801270906,20.74234251507975,34.65446830826613,64.29381375432322,8.332712820358479,-5.000820375210089,27.645687686354364,SAFE
60.952850975406356,29.259739269642694,27.394756217453775,54.30287709513405,3.1378214330572876,-7.163112047660296,36.94181470072003,WARNING
21.380121066273283,5.275682320060055,33.661391503802484,63.03636965545758,9.506063715798728,4.593568272944825,14.765539716798216,SAFE
5.204583875613144,44.21225869644771,37.25350325891452,52.166016038634936,5.858630505279216,9.521566649450378,10.201967821263512,SAFE
53.23043638481663,45.266091418804486,21.66077515620373,39.55259343543414,4.407549434413179,1.695136166746094,35.05208542901758,WARNING
81.62278518628003,49.41310575715934,27.777029929482328,32.37078180700425,8.011715032953248,2.087614381656163,51.67226346227276,WARNING
19.854285886820165,24.74142283107101,34.84620491067449,68.52058935343219,4.99618411998762,-3.8957093974228174,15.062148440062908,SAFE
97.37425820384935,33.168130547824646,28.164750386925974,44.02316121023262,7.311029830035621,-5.156331088124646,57.695286017236064,WARNING
17.17099889736882,26.491694448103516,25.799747852882838,61.44525724618075,1.1793867487423348,3.098822091346431,13.384202849022783,SAFE
28.329652799770223,0.012146721725636578,22.53872115348353,76.6807688917547,8.673546391153579,-5.327819359275264,17.473303418517425,SAFE
77.83719045454912,30.428579658698713,39.41809422899739,48.680282976702955,6.8146061251717125,-8.729285551521627,46.980933584745195,WARNING
39.6247346816406,48.190883059409025,30.779617489002412,44.39397516674223,1.2027096312860686,4.070566803630609,28.056223339246667,SAFE
64.48560434297268,18.69693568018873,39.01882703731668,31.110140649392516,3.037238516318258,8.421389725991627,40.8183501470643,WARNING
32.09354383194404,12.612641692758519,30.684408198624947,71.1900874960269,1.0314676087836105,8.860414192914725,22.080094280599795,SAFE
79.5072881181164,9.062512777577597,34.24015922396325,49.24793613187786,4.022946780763187,5.665801848777328,46.46917860611968,WARNING
96.27848079807322,6.332793642359697,28.412604737576387,54.04708040421518,3.7631181695499762,-2.7362175256754995,54.14758396874332,WARNING
5.226866756159653,34.276931028131166,28.724288342400907,39.73969013219634,8.160335023020684,6.051214963032557,8.6199594729687,SAFE
48.63916280888938,14.922533057388026,32.761854515929045,44.407606788870154,2.3600793032371206,4.610293080526533,29.95156781824807,SAFE
4.0325239720950705,4.7384235517296975,20.135763480471795,37.647159323771305,0.6899000871045946,9.916047355598373,5.570288875088008,SAFE
28.880996995408957,7.4634006334623635,24.81992515991836,76.80627857700674,5.201602230243957,-2.7036380738428623,18.24028619318778,SAFE
87.33914579092193,19.749513527451622,26.700171399153916,40.36412612748678,3.7779682390941147,-3.6663128796614792,50.76718221329029,WARNING
67.73039592981411,14.479135233536356,31.543994928451227,33.29460825159863,1.9128915669651436,-1.8518945677730247,39.957745196942284,WARNING
93.69492539086954,18.86259928578477,33.28148242399668,42.754361121069905,1.2703357597323173,-8.829267998398997,54.25834174668968,WARNING
30.541349854275136,7.883051339845398,23.480208960322486,68.0379654193475,0.15838070944874216,1.1562025147086885,18.803094915201292,SAFE
37.94613805934648,25.32749999542736,31.25660474429206,45.668384722863905,2.951088601842853,4.668036986698114,25.013698760686474,SAFE
87.12769881211571,9.629081622926394,21.95237521070298,74.8897903196013,3.4989546364739867,1.026347813256283,50.660230558876165,WARNING
35.95431445200035,6.290116817302565,31.78663289895456,56.25704258848148,2.029935591911972,-0.9626191069544436,21.157565184297848,SAFE
79.69475040156459,29.52130515539457,21.938346541339897,57.40107486145675,7.027382992895869,5.8540681156150285,48.82956242517363,WARNING
62.91175786342668,7.632908227039187,34.203465331803216,63.86709230407582,0.2442688294063322,-1.7650466481951366,36.530498970852854,WARNING
33.29502469623733,33.47060321268217,24.322716246218413,59.54359614871292,9.132059618141724,5.956047444172155,23.81818036906499,SAFE
92.14577362165303,48.9252983466345,20.213402540123255,61.13706381887388,4.128393977589065,7.1970898067024365,58.01472605073009,WARNING
25.181470200913168,49.051474455753805,32.27415939087494,69.67687011144154,0.8559955282276832,-6.330842304822699,20.145307307604835,SAFE
75.84036730342032,1.0993261019661804,36.337559717875656,30.697450934595572,6.5711883906127335,-2.698121595363883,43.68269948577243,WARNING
61.149485271919914,34.80157034945569,26.849504383726085,35.39812240554178,0.6964586774826564,1.7787204512509565,38.32551005753506,WARNING
52.06553537341115,37.110050456056626,30.19471020007874,51.12228950154396,3.9808717823623088,-9.47106194804665,32.861943075181046,WARNING
33.55572016966571,48.80100787622471,37.471111524541776,46.468903351710885,5.877954050663722,6.94593491070988,25.818941974255324,SAFE
44.12743367500687,0.897893187507548,21.490209236372802,55.51963606743533,9.694393756758783,3.8641908443773545,26.068907038271067,SAFE
7.091619143856953,9.468043789593139,35.426462864337,72.07198799781224,6.176945861885908,2.888463392596332,7.358657422801662,SAFE
2.8337450383384644,41.426512979075426,35.765504163416594,42.951757205167354,7.086767199655069,-5.702907871500038,6.946236776888914,SAFE
4.033016105151299,10.056827129518863,23.57257753508599,46.88739983674236,4.184494971754581,0.17077782995415802,3.694223016772244,SAFE
47.675387550832816,13.533730298264468,20.58341337148149,60.255081111857535,3.957448298473544,-4.026556852249006,28.506291984726975,SAFE
86.69410428305123,37.33716538990799,37.15531096744884,54.74913973562305,1.3093125212677748,3.924428722425448,53.11104780037105,WARNING
20.607377993717524,22.06148345458584,21.30001577897777,71.26542012114912,1.2594064104750058,8.061950140986195,16.463836807832777,SAFE
86.42306022615571,23.2291382219623,34.88736408607981,60.972253690907664,8.030756423377449,-1.3638979842817598,51.30011565660012,WARNING
78.580848424435,23.122840853257397,38.81931575685587,54.31860504125738,4.626192719337295,5.701437231270255,47.81024384089157,WARNING
82.15776917608379,27.72445571605854,23.595956269901507,53.38791154787897,9.680725029096784,5.059723860783702,49.69479740596239,WARNING
81.11626038791321,1.6412749409620064,29.3571892526832,62.331056682877765,8.300326836280746,-9.014526928344571,46.02749934604056,WARNING
85.24388856418732,27.420046837095587,23.9462794115212,45.862760822485,2.8192955175156076,0.6171806857695152,50.150092295341956,WARNING
5.168567991113182,7.926807924996177,36.25386086751565,36.63019953734055,2.3339626945812695,-0.9325878879168528,4.983274388849686,SAFE
51.71208881133305,38.18052398070793,28.946648533323756,69.49323105177695,6.183463070454574,-7.738005211523551,33.74086837708173,WARNING
15.633143839283859,21.85168627248854,27.93778786178079,67.17721348186473,5.807371397973519,-2.2373383799550144,12.079516375935931,SAFE
17.076028345038562,11.341855116274758,31.51002036938118,51.17194024498963,5.1492750886067205,-6.586451293955326,11.167562886547563,SAFE
66.29062523445658,42.62693704279835,25.158790135738013,54.57571129159133,9.755273290209018,-3.3351651889854477,41.44702631910788,WARNING
59.50463449237612,4.5097850100122185,32.12030004958886,34.481588665230895,9.592354353238221,4.313253041446227,35.65273136697715,WARNING
78.81597881357064,35.20521803858184,31.794580721529314,52.49563905427527,8.583733797610623,9.13671335086126,49.590350500165044,WARNING
49.90361729040813,46.5767524577631,31.66665819977035,56.91920934482166,4.544827329553566,-5.814244769397603,33.01119949920807,WARNING
0.37196608180591895,12.075311342803063,30.194463432071302,48.99799761298763,4.484852280026338,9.61296439128099,3.86877126248526,SAFE
35.027237066932756,22.609146968005394,22.670311027056393,32.39788662184938,7.754095145924946,1.4136635014395722,23.192922658752437,SAFE
76.0704806043895,7.493139944327582,31.43657542365382,42.68212371706878,2.280618169000199,-9.769479718940294,43.389831820626256,WARNING
13.034072356907188,15.463405574984767,22.33757521181878,79.29292202054688,3.086326485239507,-7.393521065953436,10.467164018495811,SAFE
19.908231282795775,29.385161417073824,21.28087047729577,73.12170650705784,9.614996792371473,-5.065051586652382,15.710834988351737,SAFE
45.00952685908594,1.1067225514748535,32.81420449454443,50.69630290262944,2.700584661015557,-5.8632577876678305,25.426466630554224,SAFE
65.40230776587605,20.810851551615723,23.59318578059824,64.4554540743412,5.650722830366936,7.173441098589922,40.56269220231688,WARNING
11.74758988764929,39.28333009722281,33.47033573634518,35.75054684140489,6.948207298717207,-1.1690542224033926,11.872907257612267,SAFE
94.49847855558431,7.080567530894966,32.85666781631476,49.0990022731473,9.568146705908777,-3.4005020941944704,53.59851057111468,WARNING
96.21859094918001,45.07429255503745,25.407664706213126,70.17708884132139,9.95604201803506,-4.946739956574353,58.954694055831226,WARNING
43.67771693233197,26.009036828337983,25.898622716077284,30.763241982301487,2.2012924419752666,-4.361262313164831,27.74048165440394,SAFE
44.35997013181871,8.555123920670093,37.46508713383345,65.2455566365668,0.8520047755966198,3.0018490227986288,27.28199819642687,SAFE
65.36564764056205,47.81105868218138,20.060417427123227,42.39662249029036,9.277914793753155,8.64267830796566,43.55179147593738,WARNING
72.05864193706374,38.288166052377,21.829659158592943,55.693791738911685,2.3158299128899937,-6.375639127727655,44.02006779528319,WARNING
81.03032991233326,6.751906834027372,29.373032739927705,76.92891197930166,1.8583205556534255,9.559868474764691,48.811859093883115,WARNING
99.4287985761059,27.780857734120147,23.402854803543157,45.80524439704478,4.2449283267653515,-3.813515512835542,57.965766446579146,WARNING
28.063557987651578,48.611485460817875,23.067296548314914,66.66639543584311,0.004102894391748713,1.923653388047537,21.61099620599566,SAFE
91.59430039540524,14.396704704660952,23.710519505154384,62.58398974392135,7.126014072983931,3.760610379039626,53.61863197933446,WARNING
31.931688002137403,12.610120107966544,39.11837599924088,76.16497541349648,4.573166098928203,6.923877323087467,22.451041752173,SAFE
45.2323477634296,21.21945090362552,23.135258951985893,51.32030282459864,5.37416938599807,-9.54991345142627,27.427697023179377,SAFE
44.41130051754064,39.067810919760014,33.60092112748539,61.75784944319675,9.095554284372025,-9.639359803495399,29.80571261937606,SAFE
55.70475861922341,39.367442420485354,30.826707654025345,46.19477762901896,1.3625056509197786,7.751261436323826,36.674335553682496,WARNING
47.076239238760294,43.90575984928507,31.717042448663367,63.709605830750036,8.042611543784501,3.183110892002688,32.3425927358071,WARNING
39.80548406789377,25.681669196432548,36.060910493517596,48.68251481864921,3.881214567684971,-8.086197678839977,25.274163669112497,SAFE
91.45844352217478,4.551815747272086,32.96418354897112,50.659723940139884,4.056193902554424,3.591036731453679,52.109537927797334,WARNING
6.709373262987873,29.68528914757173,35.440635719447094,71.41063789432971,1.705303893937753,7.948381001563472,9.926189285098927,SAFE
65.61460918474422,44.09274004103414,29.705614342203965,57.101667254860104,9.19038277028671,7.9981908670934345,43.14683044749897,WARNING
44.8160873369002,13.720631581784087,27.863408691285283,49.38821642648749,2.8686687498279397,-4.628407913340668,26.33810424420481,SAFE
86.10629364797194,3.4930960342330843,33.55222364199189,38.641002572822615,3.4450589339406323,-8.769139317303264,48.875585109963374,WARNING
26.997363685546205,38.42105355586211,37.700306490945174,41.07635759511835,4.635478392589219,-0.5935190412558722,20.003626747057424,SAFE
87.35753057597341,38.139952643790274,30.261544367360997,63.53736002358867,8.473550539093669,-9.809220919489102,53.22425982766658,WARNING
40.28900310500486,45.362158363853936,34.80626061687903,57.14206871670373,5.2964452703513345,-3.0445980479112444,27.80740627433477,SAFE
52.052053364151455,32.76915997317266,28.36726076857586,65.7076573196087,8.612322272603858,-6.906303036302777,33.28990736563999,WARNING
45.154702281742445,20.401004564254055,33.74929608099456,42.49337326289647,6.402509149522762,7.549784834629762,29.51806527669075,SAFE
41.81315997936227,45.550784998961,39.86327477866957,35.3046024973976,2.3305318798485866,9.007595029641863,30.94829570252975,WARNING
95.83276864813868,4.885363769337925,20.299970007542733,38.055001162821114,9.960127833822483,-6.400007667786262,54.526816966583,WARNING
50.254760672202316,42.42088632152555,20.408032213764127,60.224449112922976,2.770254488696243,7.246698328794633,34.210880237015516,WARNING
28.346114926407918,34.33778601409544,33.48439264894794,41.074677442982,0.34799199868350117,-1.815008524292054,19.912027171166372,SAFE
28.91931519658697,40.44888748068543,36.007283769106905,52.85119760963127,6.06512225323219,2.085190319738503,21.363730351737598,SAFE
82.71581484276234,21.250120706159876,25.50893359581018,43.25174590702737,5.361922792822042,-1.0170359453557491,48.24966575821553,WARNING
44.01207709849362,4.556866954485361,34.37207481380391,40.68683439909553,1.9695363020872136,-1.7448335944521318,25.69506793545981,SAFE
22.77783416178014,29.19291336540077,27.429266786689432,52.44558612963951,5.371693216040288,-5.929289550363903,15.959427432137618,SAFE
15.57516228655298,44.02109514368024,28.67447405662842,50.60468048162696,0.3561215027284148,-0.04047394825213502,13.200212574021352,SAFE
55.416972161100006,27.942043547733324,34.14062338645769,38.87409174955059,2.5222313423061884,6.214609304608253,35.65589905326065,WARNING
94.7170616843394,6.7966373683660315,29.952991090104362,40.708812636979346,0.6007316835498244,-3.489933237477292,53.51629317005701,WARNING
14.368762518421274,35.496653671712316,30.674508273428888,37.191723549515544,0.09241588405514367,6.163140980484254,13.61387297879821,SAFE
17.619440616424754,30.310832111038298,26.73843826153491,59.274296915751776,3.15653626982324,-8.261208786154917,13.430239122492942,SAFE
22.29500085577536,9.40292832395378,28.560387048792876,62.91418917130787,2.6380607494635755,-9.758601293987642,14.158175151550045,SAFE
51.89373642647569,30.287974467948604,39.25740988003619,59.473540154662345,4.711725593781418,1.468032517954077,33.286092766371304,WARNING
92.7900629862027,41.418907280082315,26.459574667276158,41.86271818285687,2.626336123660736,0.08842079430426075,55.80526915968458,WARNING
74.40494512285778,25.160960359148106,21.35592791656225,66.17903502199906,8.059701286709538,-4.210042697605607,44.83295627309391,WARNING
66.41257392833504,21.329595052719668,37.782387114548854,72.26127790803699,5.254319983096423,3.83011091627189,41.44079659939474,WARNING
88.33497010221039,24.785850503913775,26.26501480977644,67.68330689547906,2.2006625478469175,-2.229377039879159,52.120267819262224,WARNING
86.57272371067937,36.22111701346575,28.076220104949986,40.73722512041787,3.5596839083223655,-4.31791701545134,52.032043686862956,WARNING
17.608928794385392,37.16664567828283,25.04139773700343,52.70837350838819,3.8585944683610904,9.641547572712618,15.660303204970408,SAFE
39.10922441482205,3.9991241398377397,21.79651505144168,59.53768606765324,5.993635517382656,-1.6248201903469006,22.846726168815614,SAFE
43.184369231202965,2.6966291420435606,30.330930207785244,55.23697376901758,1.4954931855694453,-7.923212277781449,24.624235849484602,SAFE
12.35724905994905,5.051412324562926,32.1941639107352,39.82413262014593,2.5143015218746347,-6.528557116971205,8.295844856051465,SAFE
95.7835304448503,42.73087315759177,24.60989674703042,46.3783146961063,2.098928423049972,-0.16248081078352428,57.25956490942251,WARNING
1.9610532474253595,33.56840044483979,30.463162996352832,74.93194641505517,1.6439268432841414,6.082184921222634,7.25380812754706,SAFE
79.19610144667158,6.359059460844346,27.971184482882553,38.50763205722585,2.5472050045754893,-4.735076503389113,45.044299613265416,WARNING
55.623639402577275,20.570546588023277,38.95465608012611,36.318507097350256,9.736921348501987,-5.387227195714721,34.51870984678373,WARNING
77.2873936381853,16.94849630864107,22.86162790834628,72.894459262312,3.088608992364632,3.177108084536844,46.244409766089916,WARNING
56.64436850866266,23.587815469543717,29.916389452970783,66.61189570461437,0.8777291412344057,3.363613239158102,35.30620758949143,WARNING
89.58121013985787,2.8894098509932076,22.813066784673335,65.83159683510158,4.372816482446176,-1.9290275837262332,50.67817388866488,WARNING
13.696663454423586,25.338502035889405,22.530906223927545,53.83102281552702,7.636152989616567,-4.83471284225673,10.763828582582716,SAFE
48.07861681797273,49.600798469841784,33.733008467080744,72.06783856525993,4.148476065605458,5.357218462517107,34.22222894426991,WARNING
4.050917294132184,6.145559127112249,24.061411858401243,50.09759623076098,8.457448783257632,-3.07467898424139,3.3172420822647943,SAFE
65.46211935154629,35.46571474017417,31.723647081766828,47.86209840850681,5.770533417135443,-3.1546881442050756,40.28234122188766,WARNING
8.387373855201208,49.64019890930072,22.54364907265022,33.61741919180287,8.78530749207156,-3.963306782142098,10.95828747267166,SAFE
65.02969740735077,16.450286483111643,27.829085415889423,43.10564860083983,3.430440057930102,-1.7859919882691386,38.069056066003064,WARNING
72.04160690923429,25.57680971173959,38.87130434313954,32.094019691938776,5.030683226320281,1.6844957766343622,44.35786232045575,WARNING
92.01969860742739,2.4579261810713793,31.46999169870432,72.68149642639784,2.4192772811923655,7.525846970478749,53.94033451660268,WARNING
1.9043409274291823,36.62273145668649,38.66226442337306,62.85988308200311,4.39029243980448,-9.10237967054564,6.255282653013732,SAFE
92.01138133226287,23.51481113457874,20.57993488671896,64.4910535664381,4.818372535762582,-7.513093651151785,54.14421540697654,WARNING
21.42718093102596,3.2245340227923136,31.485870794171472,61.101473962600465,5.057422983554444,6.3420426600523,14.508049833370288,SAFE
86.10088213080135,30.78121983415633,20.25512959414861,64.76148278738678,4.179992169203516,1.3111496645277398,51.88015435638402,WARNING
64.90806020188845,17.51183071635384,38.341970103435884,36.69874333748906,6.715118072810374,-9.912808400868391,39.11853342461189,WARNING
92.46511054051808,5.625206661904575,21.897684602951493,46.65038165261221,3.735662860390806,-5.713998553542428,51.92771129371676,WARNING
58.51216609271247,22.145704902098178,20.68351178082175,45.982603112765034,8.104329135731705,3.794030697237371,35.97697869275639,WARNING
72.48708535798805,34.90584620417618,26.219460427660664,34.98319610383879,2.72467184033096,6.635706003703184,45.63366957625932,WARNING
98.04707977830711,24.692350737078065,20.194007098460844,37.00224060671145,3.220805753162658,1.571706971858994,57.76069824854804,WARNING
7.509364580531397,47.16786493549408,27.301673465688015,75.62921089624115,7.805218027570218,5.108745450311623,11.655491222378972,SAFE
60.671957978223205,31.339190852592232,32.76006470432496,61.4360693512791,5.537282313983613,9.728280369657778,39.68582286569293,WARNING
73.22905674256961,38.84731941962606,37.449256301673486,40.781988136292455,0.8380415909506078,-0.3421112680280274,45.28597863819248,WARNING
51.40806956192732,41.45908899749588,28.875671585646714,58.54265127721564,5.270709385134583,-9.235944324852179,33.30479877120946,WARNING
61.5214896596914,41.40216428871261,23.150010961516077,59.716586696329784,5.936105444464143,-6.716300718872825,38.85216980066543,WARNING
12.346357373073602,49.002597148824236,27.87438339306075,41.37108643617646,1.7132454445437495,3.352034271664701,13.021990244477246,SAFE
60.94452973272788,32.177606149370874,21.760120550229047,74.67672917492185,3.892663968090483,-3.732611871392841,38.32771559757658,WARNING
46.23614472477392,19.503303287381414,37.27154006278292,76.4630487598946,3.034532164496062,7.278716149199095,30.924409206562295,WARNING
78.15231295330672,46.54038361723809,24.915006243717755,58.84795750604896,2.7454458474044463,6.481889809687484,49.518108303466775,WARNING
0.5324190571064258,28.240958144319805,26.78406862543836,46.13418535389101,6.4490632386491695,7.029688986279879,5.127811418606317,SAFE
60.91953913933262,42.65864893233612,25.2919422376206,55.97509273824906,4.50536539067076,-9.767102009938075,38.31023143819358,WARNING
55.68121431407401,33.07621620730875,31.8382880883814,66.81399493917107,5.713395284530771,-8.664994902984862,35.400573409075754,WARNING
11.644552408471142,29.82372887719762,25.499583839472805,33.982256451738294,4.296027434485468,1.0864519616731076,10.644834845824512,SAFE
32.87459883496066,36.021685111288896,32.875412162024894,46.640918054583594,7.548725289085606,2.9739008506607085,23.217139010315744,SAFE
63.74453787179021,27.671385039353403,20.227793361771056,64.82535917384445,3.7604179110915648,8.852194203173113,40.76497236021283,WARNING
81.79847710772053,29.38472347656561,25.04363963638539,40.18586966388333,3.4038483767754912,-0.46864112839962857,48.59071567436674,WARNING
29.606551003894708,25.74647476962414,23.30740851026372,78.88564064127499,1.0792455496499387,8.63888279308744,22.168900971755058,SAFE
91.35780114026949,26.2680240909749,34.49820543672169,51.802414898629394,6.300345775424382,-3.1884812515776257,53.75364134178449,WARNING
30.115901978544535,28.911489308475684,29.962593483679605,58.97681845749905,2.8666058128702296,-2.6608433636600948,20.29519590674951,SAFE
8.38979606289093,2.613818613610286,25.069142593460327,33.71234296652729,1.037747086347407,6.258568107878741,6.9972106531908125,SAFE
3.88736970166893,32.94713969673714,25.45115497630801,73.57728403540632,4.849922845774995,-3.888470813443485,6.876685398466092,SAFE
51.76389356894345,19.09790095226344,31.286021293396605,35.726643416317415,9.969905028125511,-1.4888824460656487,31.90639570340548,WARNING
34.82306397073687,35.510492415813246,27.27798812990665,71.66371525143788,4.542707243604252,4.391168265308698,25.006188609795785,SAFE
10.745321644188655,42.30595927775559,34.7143597355622,40.58583892309829,1.4528600974578665,-3.674153025487512,11.169591877575407,SAFE
97.60705860319044,12.841578728352932,29.122544178932664,31.501011285866817,3.9722752956623255,1.4264003086620551,56.583010575758856,WARNING
95.3124612507965,25.83680224700322,36.38214652355376,57.35638212844503,0.407850134355181,-3.6998344962045193,55.96285285195611,WARNING
57.55495078311033,47.52969829655622,37.182607195024666,41.41778070894238,2.201098300191635,-5.976540657721985,37.556488999680006,WARNING
92.24988963025031,42.633307655086035,35.49766864505898,49.63675571121138,5.043807042987668,-0.713365104096944,55.79600606098804,WARNING
25.339810755937265,25.251402307438347,20.609930957055088,36.59051867487296,8.865895961689464,5.033595340628466,18.802027531123098,SAFE
42.286840905908704,25.857518114193862,27.399977719199548,67.03899335803362,7.841871792320796,5.2657038040631825,28.260697213959507,SAFE
72.26117248344495,10.225216934639791,26.759399584809575,53.49227174918374,3.3079299142765564,5.098804003166579,42.21390742240551,WARNING
32.935352424995465,6.911604339266858,27.98080904096608,78.99572163911901,2.258814129335759,2.2431731788645806,20.96600614391815,SAFE
43.29730498397063,3.5512283824663315,29.75753211996119,65.10821643241562,5.132199758278188,7.442121274931623,26.906962249949558,SAFE
28.893701665758265,4.312458565198246,38.731312233160125,48.90981747641095,5.7640555145363335,5.840062522603919,18.520071790771937,SAFE
32.43136638755806,35.808226908880556,22.70837699635656,44.564687360275265,1.447106361365199,6.224611168027156,23.12169853788709,SAFE
22.264923522678536,35.87017777026051,38.86596794491305,56.388610453443846,5.400291922606877,-0.7793286380437596,17.115469230547436,SAFE
32.589014339364276,23.782751546245855,32.05615064533519,79.29957860853297,9.377645593182242,7.243059165862434,24.037513616799945,SAFE
88.91305357048583,23.392459164602148,33.148886543549295,74.75333614681071,3.9295076499135306,9.235249566909374,54.93006181062298,WARNING
41.5786062069183,30.05413326966078,34.19609426544744,77.52960065379692,2.4461627405226603,4.922619564772845,28.816763536714067,SAFE
52.081558614408216,13.427857031032053,35.53213679592781,57.611114008692326,6.609738206496758,-3.5419786284419796,31.225292391583572,WARNING
48.1273951827605,30.867712549403354,28.09821628539688,39.918626992385065,9.61640492315304,0.22935080085234816,30.742508476437326,WARNING
73.39203702877005,20.552359677802905,27.102635280514328,50.35821492335625,4.091966437856498,0.8836023188390723,42.92521762945799,WARNING
54.346986998136316,24.857690794143583,22.695715698348764,54.80377392502656,1.6910390042065149,-7.477284274084697,32.81656678993355,WARNING
93.26457173411677,30.247500657385213,33.18980116249168,50.08968351666819,9.089808919148641,2.75860979159331,55.740451157736835,WARNING
76.91698695235874,18.42812345138569,39.20023761638251,71.02306450791575,8.539484630145436,-6.556114651484915,46.335294506658066,WARNING
27.096320787121954,14.281329984178853,25.418184464937426,72.7704081052144,0.3188479520859211,-8.478000220384514,17.50648145744685,SAFE
27.39148706299037,9.993648732472183,24.63719227765697,69.897159462665,5.631265938920469,-9.88458677414064,17.359244414088348,SAFE
42.932276570419525,20.394246342517945,22.27890538889087,63.80708943007286,7.02097188379491,4.417864381041953,27.71320742043977,SAFE
72.8470945558592,0.0026413466148400566,39.078416076934445,70.71043835273315,9.039816965892854,-9.687134093851316,42.25759971016207,WARNING
93.38587957857393,40.48942643440523,36.74438285917397,34.66436923609842,7.387780289185977,9.198333792841819,58.97423286583763,WARNING
67.85473414181607,28.528070231230323,38.912593554979935,52.1468560867218,5.992935663104787,-0.4732341301126759,41.2755300663622,WARNING
93.28462213602991,3.804236338275363,30.022394016506965,64.34762206927192,7.919065384222369,1.6603729488827277,53.3834944719206,WARNING
90.8917744121454,47.09957234419358,21.28638446387167,50.11852697706872,0.23459021721154438,-3.411666852511141,54.90376979761975,WARNING
53.68682179706021,45.53974652549744,36.931086449308054,36.37498633359929,0.930303747408957,1.7853467751333412,35.763116189115415,WARNING
53.211797245878266,13.318882071501193,37.9890616910767,76.36832047307767,4.026114383401627,7.806051142270405,34.328761748215044,WARNING
38.39488942629726,36.84084159148501,29.51884435095448,36.12915782535915,9.279342012370215,-0.9180681324492674,26.184724770510275,SAFE
73.44870403224036,18.358690721564606,20.377617571524695,35.026517934591794,4.9621947948992435,3.7992871425272483,44.220416682833246,WARNING
33.473532657927905,34.77442295888252,33.97271178863912,65.19679536639154,4.925218540205084,8.297723002430079,25.0021661429964,SAFE
48.91965179806156,22.513259674831907,23.98761638021254,45.38275436781683,0.42334492518303346,2.6707058723234045,29.993924339739415,SAFE
24.853574392709287,15.207762724273255,35.41629043328642,46.36105915807269,2.4219589201314218,-6.618845017325885,16.014101698184692,SAFE
77.48584021819559,6.485312899501344,29.07507520500707,55.34650580385972,6.873899126857146,2.665669646659909,44.61365134607589,WARNING
81.07206729451748,2.2375716963119077,25.928814495587943,44.00670593876899,1.4601690559210823,-4.216434922871137,45.23250806225281,WARNING
30.976531414290342,26.094223096373913,33.27408957852512,49.0550256805907,7.194702313133812,-3.2766932284084005,20.46720289805049,SAFE
29.028367731476035,27.059402792851216,20.474327206115813,33.98945618170002,4.179695435865271,8.858254227835129,21.67898897956644,SAFE
72.15117798434237,4.4063284750278875,36.926360255617475,66.61503853040905,6.109465257026532,6.405859212183547,43.13749578348046,WARNING
40.41098477429571,11.075052542692637,30.240467782175187,57.44208777967369,5.383263720099121,1.301475829602106,24.497133010149728,SAFE
94.87049182391807,45.11228115481157,37.51434073117879,70.07084054543137,9.434281072652853,-8.030107166411934,58.79097173609926,WARNING
26.51232614457395,24.752797282729244,36.9306898624681,55.25828557613663,7.480347393415887,-7.220801895021676,18.29052524938963,SAFE
25.24138129765602,36.58880475188362,23.29468017775448,47.56779673274634,2.6486625781357143,-3.002766115550431,17.880949472280918,SAFE
70.83240490779703,18.39235905714005,31.105266452158805,34.99659385272048,8.050176932346279,-2.602227487037503,42.25500108159161,WARNING
64.85341590333424,36.26948008309163,24.193218442234006,74.2337492476675,6.162242516069529,-1.4254971649703698,40.85646542121815,WARNING
18.233518357821954,47.11504689506034,35.1013640826325,40.40122813666244,3.377107747242245,6.1934851617614655,17.13249900332102,SAFE
69.5677663215339,38.289214635786216,28.824022044258648,65.82381313210834,3.8649372286391372,-5.774741661236071,43.26683156067257,WARNING
63.26770348413599,48.80069627993971,26.21201942790659,53.048479610626984,6.740013710698536,0.8301256424497581,40.393357310220324,WARNING
84.34277957090492,38.0871353234758,21.16594407724714,79.9210616961887,7.524024537194673,7.278066325882264,53.716812669328554,WARNING
65.11977120953463,42.81425640233812,22.247659498574187,47.38689177796578,8.764209436044927,-5.966895774662156,40.80378271345312,WARNING
7.824209858002273,39.40594699726095,36.70972311286592,38.13261090949503,8.543459827827155,3.735355911943392,10.597009905575925,SAFE
52.00826832165839,41.51250963906925,28.384984986379315,39.69969781116986,2.8485267661061364,0.10328036586629707,33.60314531105808,WARNING
53.13307926731758,40.27904132206168,35.82705447304669,59.06832786022874,7.807854833654764,-6.16453083412658,34.63625958757734,WARNING
5.006452709329434,43.68169113173501,21.51108987525539,42.33442148719986,6.953189496243846,-1.811041247453817,8.027102009994119,SAFE
87.63139699155089,14.898989733113478,20.237426933387187,45.032782028037204,5.780750491848316,-2.481232491934133,50.46269439518554,WARNING
53.48727557587553,43.82990594175094,38.249701084607366,43.298703232705606,4.621404732699007,0.982880304829024,35.22618835110248,WARNING
94.9112456888247,49.930865958219236,24.708144976830532,66.34899356729076,3.7803106223319514,-9.837836062275736,58.215329685315126,WARNING
0.9252522435902355,23.02830037811279,29.76669826008669,31.128484828672132,6.869274167743025,-4.119932228100938,4.3370931517437885,SAFE
55.98931015359494,15.045953658270939,23.342686297386145,50.358686929943765,2.3227336479050074,0.6960195383833607,32.654856572004114,WARNING
19.882853028647997,25.420298832231353,23.14757029737735,63.548735474289245,7.539376844414241,-7.7921153150013245,14.624626150045842,SAFE
46.78024120373392,3.543585032743679,31.96364891084005,43.22021489648227,5.276244568387078,0.3492201876858232,27.104319132002434,SAFE
92.43543461938005,27.454161128436144,31.659969594366313,50.08265628821901,9.490796031828168,5.543718188792193,55.50531988698175,WARNING
28.540529030284155,42.210479288811605,28.647927203701798,71.43335717667969,8.22888068293502,-6.222596264742912,21.58384714870327,SAFE
70.1141131383577,14.532148465326555,25.949853399853364,44.81740384402904,7.255682475599482,-5.403479164149278,40.68538367420059,WARNING
0.09058352460902253,35.76184267413166,23.423694876702505,35.224119765391734,2.3751612059406013,-2.4019895535459206,4.562372534140446,SAFE
47.59063274732007,2.228502035631541,39.411466652547205,65.80315267097791,3.2319406532433614,-3.626054854292054,28.07002621342762,SAFE
44.85425493684594,31.31224113815165,22.927461331779355,39.446490688247614,8.59434582833551,-4.874901522218549,28.86208401949586,SAFE
38.01949979751775,43.563592547505856,33.26295658799645,47.08559396708442,6.836995457246208,-9.606335692371726,26.16780204729326,SAFE
73.56426600113653,24.350802025811973,36.26364294568923,77.73188260032342,9.257885494945683,8.185300869106815,46.945157229075576,WARNING
51.21699559338872,18.007105706946902,29.300706494613458,64.49480016566804,8.839977768711867,-5.860273939997609,31.351832368508152,WARNING
91.8193158461703,40.75901159849445,39.57712030356469,74.01258866408435,2.7993732969190663,-7.880881773119047,56.64597898847152,WARNING
11.224107199158862,14.561165928913805,32.28367447969079,70.21601630485863,8.992503069815648,2.475067687384655,9.948998782623937,SAFE
0.563131274805373,9.315838825926676,21.99452407706736,48.1662237784505,5.013509936337459,-9.132056428428783,1.7339441877766026,SAFE
34.84779757956553,8.958983731266128,32.941403325177475,53.213618466217,4.953176469339088,-1.4461642393307788,20.867596954924334,SAFE
95.6019710486567,10.736756256078161,30.333285196877487,66.80086841826679,5.568444131345625,8.580417714336022,56.7559731325607,WARNING
37.796835564128415,23.1837902886589,21.77044630429457,60.44995555259642,2.8821196844810606,-6.793819209688623,23.934720035775662,SAFE
54.45312929045081,26.61551316899553,21.517432824480952,64.91077267472363,6.237721906508529,-6.219654345070056,33.84232551448506,WARNING
46.943486215404384,36.016145823928,30.58871481082553,49.77445380917851,3.2233845808094364,2.207877332881072,30.313989746564253,WARNING
93.91086983102406,33.58724202387417,21.49491807272631,53.03424867410669,8.908241315106276,-8.110751483978262,55.782081205274984,WARNING
98.88757121375433,47.45346968227106,21.565489614597517,76.67066602247775,3.631325902594622,6.894183341517252,62.19917291961919,DANGER
41.83833377132715,22.042755635125793,32.684861819550854,68.72387096379916,0.33789150948248636,1.8631199105426859,26.925314334492676,SAFE
18.673299409737098,17.297475893160147,26.95937332310433,53.45301701105768,3.341364118761734,-7.852777630986645,12.437749987317606,SAFE
14.562873852545144,1.6718992780548836,29.404981706575086,77.72238474264942,1.1567522364811655,8.925289860061639,11.62603445300293,SAFE
73.33615147320936,31.87494014670816,32.905555106471255,71.3363824198141,1.0691986437982137,0.09508647131083414,45.056951427702316,WARNING
69.70911382607585,29.341022253678183,36.65558142046589,33.61358545056758,6.9070103949916595,0.6805546076943543,43.15767606949291,WARNING
37.91608639799434,17.013749111701543,32.41665265548386,74.54976873221324,4.961759261011153,6.494463281538401,25.700524118810137,SAFE
40.21563818439675,5.119723139658827,21.230114729172772,32.56671856618388,3.8015014195766996,-3.255244983283159,23.8808067215951,SAFE
71.79370236225695,37.14107507924329,21.017079376674797,41.05616314445075,2.7426185015889972,0.9522396828561881,44.17456054276007,WARNING
14.451522390695025,6.6970609700000185,38.87577778415916,70.21014536488906,1.806549020911703,-1.8686438418901812,10.412667020380264,SAFE
35.56219992575655,39.55020370327036,30.204258329562442,36.392486849673354,7.389920631562439,-2.0622404355016215,24.82431493506572,SAFE
26.292424763214704,18.774931101036007,29.955131272137926,47.15577582085047,2.419057725917578,-2.0299594239203937,16.84924738873194,SAFE
1.9172910749898242,38.624892304815695,23.418897871351717,32.19523068153186,6.5369869290507925,5.478722576473444,7.308886755829024,SAFE
81.38291315928431,24.675459133029996,24.107363693799705,66.86138386249134,6.997130771543372,-5.074585317936535,48.46570569792112,WARNING
90.34077558627929,5.21857290414145,39.65376479182652,73.01239054887323,6.878986454790752,8.774997765596659,54.19154050576162,WARNING
72.23111683237077,9.522849851502297,28.843122762256236,33.575151216581766,3.8965742228811537,4.832060394744174,42.85403861033077,WARNING
38.644335093081736,16.514708773406706,31.907114450206237,73.61022644994475,0.4758319254611243,-2.2905913060052914,24.455513819816236,SAFE
15.82407418152627,34.76771253659348,22.1144912086227,63.24038792901223,2.8618087079790735,-6.021663725255506,13.129397324917226,SAFE
93.63525578249853,0.9262288372977934,28.75554543779138,31.08134962308969,4.83593048104329,0.020947555888364278,52.971709390068895,WARNING
32.1662471394747,6.608088876251184,27.527750754689507,63.6131469966283,7.823958086444591,0.6150120477628462,19.673490015776895,SAFE
58.98343944397556,10.030818556232635,25.74660666455299,38.09478050261792,2.4929535000461134,-5.502264395489364,34.20121253290889,WARNING
51.94487863912376,28.13443778953647,38.89894841643009,39.77853235507615,6.41675710161496,6.345185379750458,34.17902276457025,WARNING
56.024146378305254,12.750182625053785,25.251004600400005,31.962652653549995,3.054442265484817,4.892073580067603,34.13385319720353,WARNING
4.751775720711038,10.964764125241533,34.12464997063564,69.13257814114382,4.553184100619284,3.9614867695729767,6.1427710234497575,SAFE
38.7952168654892,7.995662251206376,27.96298987045813,58.99839101015714,9.480532818528904,-8.624980958226454,23.209031186096915,SAFE
50.73940938449606,16.44598891053622,30.16623388553389,31.198772368826585,3.1302535470158133,6.397362950540099,32.18563239582063,WARNING
55.39417338546375,22.52912464080587,25.710501434306792,44.9021261395678,3.8310143359058446,6.711414199291209,34.543960147476135,WARNING
96.72132068082684,21.932769067518727,27.867056774955238,72.32753879099315,4.269053206363036,1.040363445913023,57.07125840900481,WARNING
23.094166459874444,37.17512678895376,30.63976636541564,70.45172751201707,7.807327300286698,-5.699904634599429,18.11424529071229,SAFE
71.56355505577623,40.00272039756857,26.9221448156479,38.63045564511373,0.0263215557958818,-0.9819269381370361,44.0261278567503,WARNING
35.24327315388416,27.745491691270445,23.760821851775717,72.98327738332375,2.5775521562810964,-5.4714078982470005,23.49834978815479,SAFE
48.071405648435594,24.942551187213713,24.301704575701855,43.59303633629579,1.6970523915524494,4.3692035664633355,30.24748451263136,WARNING
77.0089031254082,23.11642487296413,34.28174045370035,66.79676959687228,1.382755276778086,9.323560496690735,47.904314571976606,WARNING
82.1031947096431,10.224173059791175,23.723300714921404,36.283057278979136,1.3837856254191838,4.9632359805739235,47.99069297397355,WARNING
46.96542569516235,39.14670863699336,34.92509788700411,60.230635675261084,6.863666065786795,-9.632885512417165,31.09662497744123,WARNING
31.177764680502197,31.89110896297051,20.186899069724884,31.64884718412967,8.518879824703832,3.680497233841436,22.65713759588401,SAFE
26.536973312034394,34.39814200593545,35.84913338278527,45.339714155505064,0.3603737749918745,8.65558249375469,20.559755671077006,SAFE
34.51798382956305,5.324088164235318,29.83713742786295,68.42338978320669,2.2164731461755913,-4.610198997332732,20.79114994054547,SAFE
24.27149867985832,49.58365264158391,23.94807467461085,58.7760108483062,9.252646416569643,-7.062068622444415,19.26171866759372,SAFE
97.08541978677002,47.37386171978123,37.691439741165254,40.727826066500114,6.3405505601098335,5.217829459224802,60.59314115828535,DANGER
98.60279281964297,9.02119110406852,35.32051799038593,46.94005849635565,1.7562646556800232,-1.5724611757229017,55.89049136869601,WARNING
79.38359121486164,23.24249018520261,30.75046200406097,79.75797051000606,3.9910929955742604,2.308015094184796,48.42180348101319,WARNING
36.524420161537186,19.639282316435246,33.91281506890816,76.89434880474417,5.423589504923214,5.367998578975596,25.187496705212872,SAFE
8.920655881696382,10.557901871596348,30.04263281839065,31.000586181438738,2.528549787625588,0.3480257964993232,7.360285902621385,SAFE
1.4961198256300712,13.227314311302084,30.28061638951739,58.65746239906228,9.257516930553054,2.906912465012157,3.8867596141858156,SAFE
41.473580252999376,46.51755885665339,35.697659667755886,40.00044605563738,1.3084236134881977,3.5162327148546595,29.265753429066265,SAFE
55.98831655769838,39.48368068963779,34.77610100157373,61.26057669287575,9.863821716288921,0.6717946022081733,36.42132606667645,WARNING
11.310575650171984,41.41367824079942,25.03706724691418,68.86510740719592,9.571070960000513,3.9359102792868246,12.57302876823743,SAFE
59.60301609498011,23.01930878375203,27.288197319908065,47.65023754859182,6.363727057095906,5.025462338754918,36.638766539785856,WARNING
67.85170694844143,9.920505059678137,29.879743602869823,69.58200360915315,4.757040781890563,0.7324655947098773,39.917921846248255,WARNING
77.11360481708222,33.063265313254576,28.186898417647853,74.77063555971094,1.6256706866347859,9.910328971806493,49.18003520828166,WARNING
11.88525784762372,0.7474985552119451,37.800378022975295,42.2476754182978,7.296996274467209,6.220307498641386,9.248188115399753,SAFE
85.89863910321168,49.57971178320834,25.880794200799983,65.51216709636296,1.1539985828082822,-1.8638141728630124,53.07957067908581,WARNING
84.79716933125904,18.38290230295542,31.82190761071228,55.1886721862317,6.459515311120451,9.457887787753897,51.291815675442024,WARNING
5.573552650140212,28.698075875081486,37.2605755850057,54.06913558742137,0.7852718594157282,1.2107870483354173,7.033168106344488,SAFE
33.20738908238204,7.747089266896795,36.98069026566946,56.079975649556076,9.332764123790668,6.12033009206138,21.632510442362893,SAFE
69.29717937736673,0.2512751682655967,28.556469132765,39.874314082601614,9.107979110488678,-6.508320306472795,39.27808288241087,WARNING
28.60600516592855,25.84183838672496,25.267272379961586,40.49323386395606,5.990993251027525,-8.221409544899522,19.10573826828485,SAFE
5.816775872092473,18.61226475930357,34.41328909015725,57.7403379136974,4.228764684667788,1.3150312844916474,6.392579046905668,SAFE
36.54514846532736,46.80731677160564,21.098097818215486,63.66957395149176,8.912826648277505,6.077694174705069,27.32031730710932,SAFE
18.404103482144674,14.796317449014417,34.340958774142095,34.213527959038274,8.118616998325841,4.378138892095807,14.139818829171656,SAFE
72.96066492353425,5.012068513379569,34.35521089632462,63.9909062609985,8.309224908218505,-9.16808087487061,42.212339662558875,WARNING
2.3110668467792195,18.650354993928037,22.97576567698306,57.9192238785111,9.173489015067489,-2.170405393319685,4.091969625951151,SAFE
84.49503772726041,0.012043725893323698,23.370292869183686,31.52117698270428,3.2814718051506864,8.163791913930055,49.27573360303171,WARNING
9.695212359898775,30.32048883719002,29.029918782388883,76.92341061829063,1.2251914253709384,-5.759442989955421,9.973341722965852,SAFE
2.9541968611493274,21.696762481568687,25.556657991293086,73.49529669451604,6.04940813197755,2.2818147595140346,5.75591561458114,SAFE
53.19106968813024,4.59251686146005,28.900373674507104,79.97525948542582,8.352292908460148,7.869181083342319,33.399572534705754,WARNING
82.32263592464994,5.152084671549134,24.548965081295993,30.15608256782048,3.035101248781115,-7.827851953070148,46.959160905695626,WARNING
47.2793345301583,33.8563744286951,37.49010590076154,67.46085825454492,9.385855957785052,-8.922034192124224,31.356112440111154,WARNING
1.217983541654144,33.06690569181063,25.787048204444925,42.675050805288656,3.3088708769379425,-4.604078842152717,4.547624930895553,SAFE
51.14364063015873,22.007422361206626,30.248571027533124,63.63568057502181,3.871305089711483,-4.973846257156865,31.467522417321284,WARNING
16.62005368087455,17.473705976631276,34.83612950492344,67.83524550557348,6.669053866842103,-5.319436493862508,12.605421566011081,SAFE
58.80862458546977,28.5344830788424,29.68532396219451,57.498949319193216,4.917906326236681,1.3091273214821637,36.315126274570275,WARNING
71.55059546211288,5.481409720171987,34.99251504298047,36.79430750637971,0.666279984103747,9.521593724429351,42.998511597100375,WARNING
95.69917688704415,3.0218272470282024,28.865068829499243,39.312246914988734,4.85344897134418,6.603544859991747,55.227752528868194,WARNING
95.06117747428902,31.712632672576866,27.078113344236343,60.16627828222992,3.1200130610845034,8.196472816641208,57.86242567582244,WARNING
87.04004631058369,27.91158751398305,26.49597830760721,44.66948377914892,0.3341799470505946,6.316417020505906,52.28450135009597,WARNING
45.038321303900794,16.256646420013222,29.422207099955077,70.9368995227326,1.2461420770752119,7.153119764836546,29.157627747102214,SAFE
89.7508835108354,47.335395751694406,27.949759848452555,40.85702020188359,3.7364081846669848,-3.341758075371935,54.8879828976907,WARNING
17.615391250286006,30.363333505074397,29.53248321017258,73.28504961620018,0.32109580482058253,2.8773585511025264,14.707201679944918,SAFE
76.29488785115612,37.974328459415354,37.7214793419105,66.45168714147471,9.278100616476962,-3.3468680035821707,47.68218451907051,WARNING
50.32094167515431,0.7039831641445338,20.139151746065824,42.00633102257599,1.0080719713908526,-4.795772641284928,28.44004569788678,SAFE
17.70432945283974,1.426001241932412,38.18608292812099,30.411156569444575,7.360821443370854,-6.957042261609669,11.886768713357462,SAFE
91.22296219996,44.63979697949429,33.07802292738515,63.611707490030255,0.053391419696885434,9.697431322272042,57.663251264237445,WARNING
87.78326035758144,44.7553112865046,33.18489074101744,47.239346432726826,8.936486490904809,-4.169661436976153,53.75042586528003,WARNING
56.271154334220284,4.98654861719412,38.439112602655,37.038522888560664,2.2489680573040727,1.1626831625642993,33.11280426662336,WARNING
76.40930002129815,30.967565296814946,24.642678256003123,30.047152126374517,7.571505803074392,9.704146518221876,48.45678461607469,WARNING
80.99131203060904,23.010330907830767,38.07534522798213,50.4923836559175,5.249340842434675,-0.4574046520863355,47.78710819393476,WARNING
44.762387266552494,38.75953846469529,30.535378145389842,45.8358561012608,2.581581676584783,-9.245053660651333,29.109322029109094,SAFE
58.3195161883046,11.49807077005171,22.96267844032766,62.691498191383886,6.812092578215489,5.043097845153319,35.31120616606695,WARNING
50.357689633859145,44.70273026019433,38.72685506796456,70.36854698962446,6.355934820081872,-3.9255809281762266,34.18956916852551,WARNING
98.29449216202212,13.706808359596916,24.05313843980862,52.10770568932914,0.5684057071238846,9.569889293435814,57.52777803159124,WARNING
58.84335564164248,27.847604583208764,33.1159255979944,54.85118238886034,0.3206351709454158,2.246225776807936,36.262238374475835,WARNING
71.61738769564306,20.837453031202656,35.14591144142386,41.35006496692103,2.2127659106618403,-6.771660246248521,42.52373915498219,WARNING
37.19947597891618,42.35060176945418,36.55824124298128,49.14121039817519,5.891187359802366,4.416326329498313,26.493448141479405,SAFE
24.1206774628023,8.407054294737353,39.441919864246216,60.87786566048092,9.81415721833664,-3.244880257355418,15.863775171168188,SAFE
70.30316999741315,11.130181827061886,25.22400342547826,55.5951060634812,3.1961812550807123,-6.647568723188311,40.23052621848544,WARNING
26.2880701989326,1.787419723293232,34.08847242954973,54.605832854293084,0.9424306640452562,-6.566120137430175,15.36901737913666,SAFE
10.253453811264402,30.629640413793823,21.884207272249874,67.7141166517608,0.20510919320391174,-5.012484240082157,9.754114566210546,SAFE
89.06666758919071,35.9265659061123,21.459366658513755,71.05630522425898,4.930351215402048,6.935660543376585,55.4428203623988,WARNING
60.07397744503934,34.09165160164294,39.87003120791417,41.61677729620091,6.239455747613883,-0.7935721988520328,37.92448823790229,WARNING
3.9451952922691436,0.7235320751432517,22.384571556357173,62.454587026927406,5.671630879133922,1.0685912232745487,3.4930111804024717,SAFE
3.1856762528260085,23.465149818000352,38.49245635685057,49.87959346553233,6.249224697884563,5.596373512462872,6.211016002807055,SAFE
78.39252791418876,25.96400411976357,37.159038908046725,49.56890466818734,8.886932147847983,-5.195456672089094,46.78614408416554,WARNING
28.021640699057105,2.656031209950055,35.91163673084566,50.852761811635276,2.29116613911399,-5.364194447668407,16.38028373955616,SAFE
90.13999412292331,41.69583002305185,31.07061770714367,60.805540020786054,4.74325570550291,-2.1666691424238227,54.82755044158464,WARNING
91.54768812183315,6.280635176015103,28.368935794324557,47.228095399393766,4.981507202511484,-0.8473625090964987,51.53540936448186,WARNING
51.88895316510814,6.995948861349705,30.26283003026554,42.12094069436054,1.8433134898819126,-8.703315624276176,29.987779268233794,SAFE
76.26525587561409,21.372096042827998,32.53287366623517,66.37966716523717,6.793166653135535,-0.5899856182063541,45.618385710100945,WARNING
38.789852895172984,18.797995482033187,32.80097593860113,54.73971774709367,8.491322479885106,7.494039686534244,25.76462738613431,SAFE
17.056037800651847,6.811682577286282,32.608018520719995,45.06128740311397,0.1857071876509886,7.772853387259101,12.253181640801817,SAFE
22.690076724380827,46.46403258429046,34.34868901756507,68.13267449557421,2.014614957931604,-5.316111487663742,18.600744380392047,SAFE
52.12677538240658,8.604992632493108,26.108633853660645,46.073123897390225,1.596299332527641,-5.8963433320967855,29.861816188012835,SAFE
78.85518420082566,8.359792727363418,20.56914783687845,61.46774713144692,9.7598311939245,-3.3757237075375723,45.48925210761511,WARNING
11.86557031962523,28.51936626837654,38.127084221912924,69.20308899142394,6.22515868412716,-3.698870067848013,11.305766897504732,SAFE
54.18801732762199,4.562242065212768,33.5789084856134,66.25480094488253,9.650316229099188,-4.792052825098567,31.98383501969313,WARNING
1.8456419043022643,27.28042322135753,34.13581008793629,69.5203737941494,1.937389330248106,-4.764942619259527,5.272824030118689,SAFE
51.25909252672963,16.530040498500092,37.210229731748896,53.68800768693602,7.99578644102003,1.612395209647076,31.362685174465973,WARNING
77.3090141617112,16.633649326516192,36.62833243860622,43.72861577755108,5.460988080032908,-5.719857736522515,45.351357958647185,WARNING
47.55265216261934,15.908760475435157,25.334068612744286,78.34925090140187,1.6007410548673062,5.746516749147904,30.40834111526441,WARNING
98.4164959483215,0.9950741870038915,33.9805482808419,42.64559027781436,0.40487824328304445,-1.9422084208673844,55.06557200259275,WARNING
93.5217810170875,0.5882547183498843,31.757713838595635,55.069823929766216,8.733841643710475,-8.319965709587487,52.52387400183674,WARNING
68.15260298866504,34.005484921663864,33.381600337245665,77.11672474675186,8.230875290068804,-9.16054547512988,43.07094015463547,WARNING
47.108285070451316,19.897652810066674,26.202944421816042,52.566836257704864,3.8419418492597748,-1.3533220024266939,28.279908196193926,SAFE
97.92618656086425,4.431648737479038,38.444617396774596,54.01183567355133,6.237422454995412,6.603659332353878,56.807993124960085,WARNING
36.046302914925555,21.521095404398345,28.19036960557428,48.736551126787994,9.25529321646895,6.5785978238602425,23.978751293183706,SAFE
10.89999898629761,5.4061676238548015,28.557390297059825,34.93286883664045,6.190930952711197,-7.126167854765322,7.776388825505696,SAFE
52.2373263966801,0.36099735018588763,26.331926968252937,63.85953618363277,4.840389402278484,9.565389719979763,31.681299824896804,WARNING
87.41037960662108,17.95353895215756,20.909730829445493,72.28131500575094,9.112343103146713,6.412547868380734,52.9277686165061,WARNING
12.794994091976486,49.895756720614386,25.171684431055475,66.2102456404185,9.080348763357215,-5.286257713385812,13.299936364390067,SAFE
90.8258554677066,15.474078959743348,39.528264447681124,44.06300101902373,9.534358247578352,-8.929106982146502,53.00160948702476,WARNING
70.9272011669813,26.605556691850186,29.557541542454615,41.174715712792,7.0559578977649196,-6.183810171073858,42.692455497396125,WARNING
55.284179598476825,12.66226815201254,39.112427595627125,31.431559691782642,1.9972828011123656,-5.153787872251046,33.40643312961135,WARNING
41.406782576781644,11.636512093502677,29.826981805375706,73.62327616292694,7.120634214091708,1.5992396107022202,26.035774157840333,SAFE
8.900317798267965,34.69960541946378,23.3282856862188,69.31836929808489,2.500567585101532,-1.6590254335819825,9.539667890842141,SAFE
35.04702023179279,42.94069573374284,22.53088917426816,58.28224411923943,1.4206160944306223,4.095916722643732,24.99771259735916,SAFE
90.50781277944812,21.73038269336267,29.761845205299515,76.3711418241381,5.209913886493571,-0.24803123900878177,53.7694803438293,WARNING
57.83291027043042,34.4614868181476,22.137667501740626,71.0555263870758,4.3550502745325925,-8.55302980205029,36.667894788544885,WARNING
78.61826691982131,18.847498584313605,22.00734990190108,61.68895197716253,8.801313534336417,7.755070188279728,47.84995648246892,WARNING
95.76634748089732,43.3852729883344,20.042818386909506,49.01205832066951,8.18542579905503,-2.674939880030516,57.71654586790077,WARNING
60.15485063797061,30.3158473687266,27.30050608077646,75.22369636406438,5.032283453861176,-0.7043158812499843,37.744576882691604,WARNING
99.75137456618958,24.675018203630835,23.56796503857162,55.6534711431719,8.140167355199301,5.537206537965629,59.19948281235046,WARNING
78.8581765108471,35.40118919989559,25.084356581333765,73.10420429201157,8.93443465376265,-6.116946067629019,48.51826577731087,WARNING
13.045563655139391,48.780248429455604,37.36647927300736,74.66180736049733,8.863763846243952,0.8337364806745668,14.514434673394572,SAFE
64.64017366657997,27.268142606682083,21.024126983806582,67.27515426763864,5.053320333358803,2.9541814958045958,40.184963457307646,WARNING
50.263980497553526,24.590566116122798,23.435782189555336,43.93568575705745,1.588526919439558,-6.086674087493151,30.56509883390806,WARNING
97.29773804203049,7.655672288609922,25.385408486104154,59.529482886929245,6.1017857623664185,-6.920517405123419,55.080157008747754,WARNING
79.37174257852124,39.26014339564125,24.746354084077822,44.43331513377302,9.37987865459497,6.513428919589561,49.643169013505926,WARNING
69.77970330625239,4.1116610755300265,28.365281618051515,57.96509360384135,1.8741128798377693,-1.0354683578355086,39.450227331078345,WARNING
60.102587748869,16.368834005769962,35.61889637900974,72.02247908194028,3.2360946943407076,6.7731430898491425,37.84180878818932,WARNING
10.357656610301502,41.88645493113282,23.055008633352333,34.1463576254863,6.417754044410112,-0.5612526848941144,11.096176018057681,SAFE
90.78906004128328,18.15945980454246,25.743045268752574,55.03674530720992,4.559461857686613,-3.111439075656235,52.26689162484251,WARNING
69.37412986983286,37.97809169569541,37.05967938060273,78.64283023551715,2.6665619213250444,4.321869649799231,44.986408104809705,WARNING
39.425823549574524,33.85409859755541,29.51963380698441,79.68865513839658,7.289021357907499,9.049826008686491,28.954443528923257,SAFE
83.49695494811857,45.145050558168556,36.2883839442935,52.95795651879557,2.5178845334688438,-2.5935964909895564,51.276041527109975,WARNING
2.0236232639950447,26.19965837323336,30.101156005408175,56.262523241524406,9.740312249720638,8.229080069096785,6.43397422117263,SAFE
16.171277833010798,18.444126077794458,28.47912358926524,48.02664589258239,7.984959636039131,0.48075339735173905,11.506637962041834,SAFE
57.209981697162505,42.650677949396275,36.11856306830717,36.61057614101499,7.139145840836343,-1.2912774219592897,37.312914366785435,WARNING
29.464890306250048,2.5009410451093173,29.74499120690902,47.771834036226565,2.5151303967640084,3.893434591939151,17.708885069708614,SAFE
76.9485387315587,12.23947595147124,20.988948733586945,72.43763502826175,0.09959741204303318,8.74224987842944,46.62150805852619,WARNING
62.76198739827059,16.092331760066013,24.929558191534724,30.450283213223763,2.3547141701087715,-7.245433969657178,37.22706988332294,WARNING
61.216622072314564,8.327279429690066,30.572596750732387,59.50582111722354,2.980416983469145,-9.298701019625625,35.40481182531328,WARNING
3.72538806141961,1.3173666096958803,34.78249334273092,45.90048524071491,7.963001859676636,-1.3653435231430162,3.2729505928350067,SAFE
45.29981008299638,25.644130125478686,34.26062912750208,43.675143291485355,1.215873495335269,1.121146703829229,28.54360586552933,SAFE
32.697762324273924,22.12456568340187,32.93893416674611,54.706287057063534,6.202788171008429,0.8840000422725574,21.315426324886264,SAFE
73.97963719360992,35.296830885581,30.683797836172385,63.945151042985344,8.735596022726128,-1.3545742442366286,45.63671079013775,WARNING
41.276307274879365,38.212281042619004,31.65107674083988,33.550339011129424,8.921120156910813,-9.384337955247197,28.12428999977662,SAFE
74.8396356209743,37.93970713521564,39.062221705638606,32.706720420116035,5.96856860784491,-1.4431885874589412,46.82197379972582,WARNING
33.0632954859542,4.515928014953651,31.253082393426183,53.95203628373068,1.0455445815102427,2.249790141941668,19.648896510091863,SAFE
73.79531202529385,38.363915052682415,38.107463765248546,50.47353709443886,9.53072768622137,7.308588101653722,47.041117166806046,WARNING
29.650157102393905,7.964151867472924,28.707787922560268,50.09493539779833,5.757193053312043,1.6677246465549604,17.915542341058465,SAFE
74.99869843799752,25.49449741028051,22.09645281881531,72.9145667776553,3.097645831851871,9.42594920613184,47.129711712687644,WARNING
11.786010867977016,47.91255861162516,21.82023613765034,41.551806897352975,0.4657994208654159,4.102262932779899,12.69870224439896,SAFE
85.02987365717918,21.70355409079902,38.570441500848595,59.51495358777998,6.300071354465232,6.908384034015398,51.78773604948623,WARNING
29.68002050518389,17.71328606638129,38.119038383892885,75.04817480193819,9.764827762008709,8.036766328833423,22.099295197647944,SAFE
12.73720360333609,41.186214306849365,28.196769562191882,79.5400677972969,4.722809643288011,1.0767216500444121,13.212410092667508,SAFE
52.97749152567985,16.08685149291389,21.500441777858363,74.78256152009592,8.026758125262868,-7.209464388806614,32.561749381790335,WARNING
77.67682713500729,31.2923333025305,28.182875758352445,42.70105745477814,8.597287835022325,4.003765185881061,47.6061965986131,WARNING
54.773990946913685,30.478426694923204,21.82132364164362,53.695988045559595,1.93700292785702,-5.8323264198234925,33.614121056883505,WARNING
66.13039622868668,45.5628075917144,28.07513220956693,40.38746365060952,6.487469372366542,7.423740927006357,43.37150376691659,WARNING
74.83188011224908,43.43786152682936,30.731093420215988,67.59381221845955,1.4006455935893647,-3.0345076927361703,46.737597776033176,WARNING
38.95491644815225,25.56478731230173,38.581527205136474,73.71482801110872,1.3452549228918453,-6.544206962350736,25.913763284670765,SAFE
35.76405495889114,14.537193294533695,32.295419063125244,75.13880238822725,9.622915416725867,3.07205905070453,23.84121821038832,SAFE
83.81592014010867,26.260110011539854,24.166538937200794,56.23442060467387,5.550826014376511,4.849151284271132,50.32553271916046,WARNING
21.98829897073491,18.415519104336585,27.280549384291326,77.97197978705825,4.439449603267189,5.10187934596293,16.69009115226128,SAFE
75.0811381374439,13.277209240162069,31.437393787434644,74.7151446659324,4.751977194569495,8.902350146850921,46.19804271137736,WARNING
21.44582293241616,3.7079552887015366,37.829077462894986,72.38405989811083,9.925898759338448,3.5878697622485216,15.140523900165963,SAFE
93.66879266671495,41.347451254205545,36.88852666240174,58.45707852271342,3.8236459791671082,8.691161450865636,58.59927594050102,WARNING
43.211717561589445,26.940968362483453,28.922286142503754,58.24091569800986,4.705050789923272,-9.040648828410482,27.303954126644385,SAFE
88.20481860076987,22.21969094578849,31.778872970146974,36.95939013789935,0.03387847982639136,-5.094198127127141,51.72728739060597,WARNING
70.45860321333502,4.95972650564393,38.17774880772936,40.75112846780923,2.045936142917758,-6.369840767570089,40.47183224204055,WARNING
1.3981712971364746,38.59027342391173,37.500690624905175,60.70813513080994,1.881999816798623,-4.294440061182405,5.882562834441921,SAFE
47.592669736496326,47.71729758116504,24.94702743635486,66.5822951959944,4.394482232929203,-4.043053032799564,31.99918561281792,WARNING
45.59159370221138,3.5603358770616267,35.973747418607246,42.165096399148354,7.254121231929704,-8.633032571036106,26.73454873649185,SAFE
95.5098556165686,9.65074927028493,37.65484152414161,70.47366048077171,9.67859924081416,-0.44218678108500775,55.6358505784276,WARNING
72.73972938459515,18.5355328518892,23.687364760393876,52.15379664667244,1.6574901538845488,9.64089245572768,44.04477903986995,WARNING
9.624649114071637,29.46058617263102,32.52927710508112,56.90397714370271,6.621858857118336,-7.676384499762181,9.292371285297609,SAFE
55.501852420529104,14.360628556368077,38.803521266021136,68.10358267198629,9.725144821597427,-9.248878605196209,34.04369412490806,WARNING
28.51331751807087,9.77112933191745,20.22309174623661,42.11628651231607,6.787759835204289,-5.378221557308629,17.63185664696331,SAFE
50.90034454826182,44.390905748249935,33.875158406981505,49.731453495301594,3.724689389121083,-0.885283719830305,33.07769979140905,WARNING
17.704144105990636,31.700038370799405,27.28305638209211,72.61826746310219,7.565526600578163,2.2102632818432006,14.972678274032056,SAFE
36.420222264951605,10.49659158367422,35.523037282112455,54.320454949554325,2.247500381773575,-6.096507699199876,21.93533103476282,SAFE
16.540090450135903,38.85805981027975,24.579743706006234,56.332113176259874,4.515463609730564,1.5922179845656785,13.86469097951507,SAFE
87.71549003711942,43.38736950408653,29.021521436497192,30.768312536736165,4.264438057143032,2.1238707484828083,54.3829129683661,WARNING
55.77647590980618,32.56680529001027,23.08151464946167,62.326754939036626,1.8265161874377223,5.010479613934979,35.73942602603206,WARNING
33.908761326268,35.494771669072676,20.957311978122142,50.39300127954567,7.050345222633327,-5.462589673370117,22.773597622557514,SAFE
79.52870447972225,31.5389866552466,31.751235442995966,47.67744271021685,4.824514703811175,1.9469860195570625,47.97899870511283,WARNING
47.24621139148905,34.915666197028,28.673938662139193,40.11365908710152,2.1393378280104725,-9.883924623141178,30.261963755174186,WARNING
30.095771555867245,37.44588202392598,35.88325417675219,40.1233771047875,9.590439968714078,0.048055869602535495,21.82438958407403,SAFE
91.69787490185027,35.338264093081555,34.44866846044826,34.25218106530356,2.1999112689693066,-9.823703334110547,55.33747753853151,WARNING
71.61276404767375,17.2219144214255,35.73305032152693,46.94681099685131,8.19333752298861,-7.38603492503374,42.20819051074633,WARNING
17.33731567575082,17.043826979196826,28.169747777645465,47.435140542148915,7.636470325232199,-8.060972147465705,11.908460197619071,SAFE
35.12170196384881,41.86199997577297,21.33594154524344,77.11717538356787,9.863168422720129,-8.228636523498398,25.53535619074637,SAFE
29.127252225573695,18.62003330176781,35.52782737305452,59.79634060583669,6.443657004925674,5.15019645637012,20.25042259470718,SAFE
11.797899943702571,41.66047284551312,34.11239608360288,58.867086259818514,8.897353347830567,4.006127077676142,12.799959453685553,SAFE
20.16999626310254,21.487269053783336,29.880857338714666,32.76088133752028,9.546375133600558,-7.42845478406243,14.825542406824477,SAFE
69.74612672267268,25.31155180454401,20.51264499768845,76.23737379321808,8.518368088189332,0.4851585580767104,42.950711433725665,WARNING
22.894233613944525,6.0811445340047126,27.267849588642534,42.77141405230452,5.066912010062987,9.328185922468577,15.793747502883727,SAFE
57.49534932296414,44.49655279450489,33.01757674991555,53.76232632936002,8.546075627333712,-0.5726377965400502,37.08839634241123,WARNING
86.8628170510361,14.578838478788263,22.576261475259763,72.76572321814692,5.874151637926667,7.781847964979203,52.341983487985225,WARNING
93.78272069923833,2.6814195185724587,30.019386037177366,48.748227453726464,6.258583970701172,5.87182394404647,53.649490252955225,WARNING
28.059021597436896,27.839919218658583,34.17457159809799,36.7215541417867,8.140669059512668,2.1221919970594616,20.170576525659243,SAFE
94.95374371136518,16.976445956534665,22.162918846743974,55.325060051846265,0.8581077170943885,9.390530466480136,56.251322176310175,WARNING
3.8684958257191537,37.6751950553654,30.50204796284488,48.43103262491444,0.6584216450865465,2.4433384834721554,6.770331755527356,SAFE
58.522032939095524,14.044163653379988,38.204434028206244,45.205500367141845,4.497254105921061,0.8752491183731141,34.89139369386444,WARNING
10.02318781762861,46.60808596068161,27.490723049020822,34.03896069371718,3.8729117367532995,2.004050941851613,11.690605788737065,SAFE
51.36526718213295,34.7270987018637,21.109678841358214,44.227030513602806,8.192305768401022,-8.402126244172782,32.6163866410315,WARNING
85.54859546959575,4.594804603855312,36.68908429783393,48.03942005393633,6.122090632572158,-6.942257687040037,48.49979571248668,WARNING
6.616872172518084,10.796910201006755,22.557076358173912,45.620294883981586,5.143832465110202,1.7751892713001904,5.672331630393396,SAFE
78.9868107379743,32.81199466241793,32.17516650259106,50.58910137428873,4.738084349601387,-1.7095834121963787,47.34906298345171,WARNING
84.21660300613831,11.500022627419993,20.114418630839292,62.565994861311964,2.024621836388314,7.802302726196185,50.00340436470036,WARNING
85.9046329706656,3.8363685964102947,22.127768108281547,54.758579612333314,6.092226627693547,-4.501833250355185,48.317336900094375,WARNING
71.67977166993707,29.745801045943576,26.496482194971094,31.268574402115778,7.501502812985176,-5.704926683498346,43.78492505335177,WARNING
83.44737434626283,21.01451300271276,31.54154885263531,73.6474365204501,8.636230009199533,-2.5696084951285343,49.938767959830095,WARNING
20.888889271484313,38.75730388642973,28.66160407204262,39.60209967795021,9.044253423171503,-6.037916115178252,16.51980737882254,SAFE
2.580716819123108,1.0139986883709984,32.446307129085284,63.08375303587652,3.110417050569839,-3.5997802150587326,2.702817980131391,SAFE
33.94939150599428,34.00792733794393,21.16267582053657,76.45581763456627,2.2252104417744647,9.993464104841845,25.697568495849826,SAFE
17.1522693787187,38.577322865618875,24.4682508985925,34.042340082162696,8.749333243506488,7.175025183817837,15.988422594758305,SAFE
40.357039244960134,35.11980712702134,31.141318653678344,72.64780568368744,3.150559693186544,0.47344799997970455,27.400026098953767,SAFE
48.537237120455046,17.695291312842937,37.829101291127444,38.29389623312677,1.4950863952069615,1.5381907064550262,30.074162261485956,WARNING
65.7494229984942,9.730962716228259,27.814348845092482,77.32819214893718,2.46617422690674,3.3672140423478822,39.43915749031104,WARNING
74.01493936975908,22.406434973257976,38.75051973519166,66.83283676093953,4.579245798608978,1.3867040355218805,44.98433107253467,WARNING
69.26134434251007,29.609509021460912,37.57395167652152,47.84443311402006,2.998857400558049,-5.723222210094714,41.94110908867961,WARNING
3.7782968064595135,2.150698219002767,37.40110386218566,63.919657320295364,6.605324154364861,2.2928563786977207,4.398008608034848,SAFE
84.92191446941048,24.013346283281372,37.40821657116601,47.972251309111954,9.267075043390905,3.9731396016248013,51.08816752210111,WARNING
25.71771360244273,28.204246084431254,30.66061122976511,36.894941086516695,5.912429057506142,-3.704287525660841,18.199072049824352,SAFE
5.234876680960243,47.432807885328245,32.829807381285754,73.84594659354235,6.760560050132531,-2.8603261571977416,9.54427866430899,SAFE
51.268807232881144,33.787338017358856,39.20504650402875,42.68347295608483,8.749770586241176,8.481556105885389,34.78645620770685,WARNING
67.04155146589565,46.56333137006689,27.95757174954737,77.65080880202214,7.027828771659749,-9.159884651623763,43.41099690941077,WARNING
90.68728318190527,24.223640451659627,29.206539695556657,58.323330298981716,1.4938454677122792,-0.6166790286520278,53.001555568326395,WARNING
83.11272167177457,0.7741229568757668,25.458343206487427,30.12272932219221,4.157113091498483,4.566310209874693,47.92730760592821,WARNING
79.87718291146285,47.25948805635033,32.17009225941573,42.73134333264477,9.24147949136699,5.506315077607521,50.943673843368,WARNING
57.44284830031445,34.782010785946795,38.486327100148586,65.61970142364609,3.68374507584734,4.260564045781933,37.56336913290612,WARNING
4.027816273538787,19.32077809152906,28.126460636911585,38.34191172104173,0.23085480551770177,-7.332375267245144,4.898146945668617,SAFE
65.46214957970551,40.11444081818438,39.764069854539486,47.31817515542471,5.993792222611018,8.74289933630244,42.936190564003255,WARNING
16.70417813381526,35.88227931713713,35.099574662983265,34.44877679346692,8.612493851830651,6.262100942216875,15.741110679822834,SAFE
3.3403006577434446,4.554220744002574,20.982537877837046,46.737176589968115,5.092889906799262,0.6469545590925758,3.0406371199273723,SAFE
26.766675976944263,45.579844328013706,27.365255797438266,32.27750779826763,3.0022711154138637,0.6221884508831099,20.558594866026567,SAFE
40.822182258823204,13.692125954962957,22.626464995286348,70.95822500481148,9.961452421241919,-3.4091573295223583,25.486073459387413,SAFE
38.162104417660395,30.90187623384785,34.36882949471082,49.601476740179564,9.049295169818151,1.2000797845783673,25.260193406231153,SAFE
45.0390076405931,32.333637657995254,39.05607696498346,69.72761472108527,0.4001313053512434,-3.3538017852008073,29.714009117696733,SAFE
47.05446849512227,15.725878610455263,34.00375121660913,71.31345749312905,7.313450951852715,9.786665736565507,31.291411663755422,WARNING
27.25476478930291,43.74947475122107,35.33245330348972,48.10893787790731,7.341245436569687,-7.918480871635061,20.343306152346315,SAFE
78.93334823405523,26.61653012935513,25.845803454185063,62.788865089209004,6.41619998714409,-5.810275545608006,47.07753796819279,WARNING
3.0397414811526136,21.681129345083693,31.390237386888423,73.83026391852992,9.282167956475945,0.5761043631353289,5.930325084864087,SAFE
75.38034837685449,21.965163616399845,34.921643131457856,40.240076246958346,3.710647348035314,2.684559976272297,45.362230675791146,WARNING
1.815796560707883,36.1230655169477,36.71071002536334,49.95708305469758,4.479424171771643,7.025644244330621,6.827776066072101,SAFE
77.56546353260335,14.407474451668751,26.47952213123078,63.94391161952983,5.631980924481612,-6.755408578070061,45.154523121860834,WARNING
30.99299092291664,44.999163843932706,33.76348873444527,79.29871588427596,7.670125299807694,8.839488642871803,25.60057561649823,SAFE
21.61885738704754,38.574243740846285,20.40435040295595,63.538001085576695,4.6928227812024135,-3.064798561598627,16.889119610151937,SAFE
86.24043522930891,42.71338463287653,20.44603409797287,60.47525612247155,3.678322243209564,-1.6867799699910169,52.63895505279298,WARNING
83.2040739218776,15.491988576383914,38.860976212752405,38.981691318607034,6.627224233681778,3.4421013402752934,49.575185239117495,WARNING
25.21951614279182,16.2375304483601,36.695969851598804,68.09026274774763,3.2909588031475954,0.6791309386986768,17.28417268123595,SAFE
6.168029625309545,10.437294119931462,29.71641117720798,34.29868676396058,8.433323548919375,4.3601242021529565,6.750722944452328,SAFE
94.36336706484948,34.673345298201355,38.80802744524371,57.72562778454825,6.002186110619694,9.539421092525217,58.65186270101299,WARNING
64.21291468642603,1.53932844303733,34.47605553261047,75.27343460687078,7.955802497943266,1.676665452508452,37.94163364421097,WARNING
67.13035130935164,49.509589462583584,21.813241770186767,63.36224143166198,2.8339769457059383,2.801807931723401,43.4021625831055,WARNING
60.762357588393876,7.672841605408104,24.134932914804782,61.081478902160676,1.2822994730377413,-4.696382497393543,34.848023107177134,WARNING
83.52455477380025,16.35457530008193,29.76120312539326,77.05701675729202,2.271490888369463,-2.207479652839792,49.278448194151075,WARNING
60.64577755435457,37.76694647519861,38.033067734254104,75.77364937867576,7.76640074372623,-5.433383268133792,39.460528195247676,WARNING
2.4809330042565803,19.18869651778119,22.830977019756467,65.5193823719149,6.611305868257168,-9.120567167570904,4.498368365140019,SAFE
83.65937791309511,12.437163314559113,28.644541509820844,63.39668677278712,4.294187868522533,-1.174243944001132,48.323144991214754,WARNING
6.5627995335740374,20.07217746300019,35.29695786439967,75.7588168593299,4.134971370633718,-1.5282834624184218,7.626294794483905,SAFE
70.26271063236521,47.13860005526383,25.341218804787204,52.00721032689684,7.959732435523011,2.1938713874807707,44.312533209183755,WARNING
11.058634396395473,31.386636778113285,23.734925691946536,55.51079670392021,5.2910326766043845,7.524067244499697,11.329071229157682,SAFE
46.249427401243814,13.97212111179471,24.61932696432063,73.7125938342168,1.7101085441822839,-1.482628782337125,28.12456595256749,SAFE
18.717311492694698,38.66520200571877,29.48745279949238,47.557184527840604,3.6109964062646682,7.044284134459588,16.096961582341702,SAFE
55.37739542944381,35.89339255656318,37.94077032501369,75.08708380203211,3.2850905433786313,9.049025262927707,37.92235902795717,WARNING
2.4875882014605444,18.841778050808283,37.91597715017683,43.73184399084914,2.7308145032131836,-3.947554298362226,4.348098699011171,SAFE
61.23133848469222,21.91663878071769,34.53469672706685,74.7455321282333,6.741993749428606,-5.91066559604849,37.920011174888934,WARNING
93.26819023605022,13.224643667373925,22.997885906563162,34.49836394304805,5.633837406661656,-7.7247507503869635,53.77684837441753,WARNING
13.877588411263076,15.001524029774831,25.633060193689275,60.21197551660711,8.167452794726815,5.226993124057849,11.128849079234906,SAFE
26.248445471647674,12.265524899298995,39.31583060213936,30.411812079598008,8.797205330602157,-6.005429617551901,17.798258691993297,SAFE
94.72843230897678,17.115364241375985,28.807035477865046,65.35603069721904,5.876690514732603,-3.641213405863544,55.06416202856566,WARNING
55.38309158678235,36.53534421814431,20.846698918049842,30.559965262785205,4.580669390728913,-7.363267643929716,35.522935055039426,WARNING
66.43442914647144,10.70262281137171,28.65702213591342,39.88354684371345,5.484835857491245,-7.6789308123086215,38.57211386918103,WARNING
2.310685278748026,2.556581905334859,39.0851688303062,37.11431093054679,7.084782531368353,-8.641475915543475,3.2293171154012885,SAFE
10.816035223518217,25.443812570466733,29.297418603086875,77.57901547199347,9.448354530207373,5.592172850849302,11.677874630415939,SAFE
60.21018301273497,22.74801586965055,27.12357068656842,77.35437734877777,6.029088114246855,1.5814505537198897,37.48204416219292,WARNING
23.190112176891486,2.334890894255653,38.90377159519089,45.6867629422327,4.425890233244587,-7.707201128285863,14.120195731026024,SAFE
83.6924329909292,1.3815916427965313,36.67981524198193,37.01425063939834,8.865641126311521,4.595452746723147,48.76464814508011,WARNING
16.46702625073051,28.290899642973404,26.25312628710439,38.91165494557917,8.591821994111084,-1.929544669855412,12.932619068980937,SAFE
39.85437143653825,8.494333740331001,27.661313521715574,73.5808423164425,3.631287104896359,9.03207124999576,26.06942406128101,SAFE
94.63088992083874,7.244932965367301,23.5462250704529,73.13370351659447,3.927609189247192,-9.912520354339813,54.19723713476748,WARNING
27.3871819705371,29.881449659778,35.98531931919936,36.66943085466298,1.1054136441673534,8.441853071446634,21.010530769497716,SAFE
75.11483678225827,29.48898003890392,35.38373579991856,51.442718065331924,7.584557473091266,-2.563940174509285,45.23260880104953,WARNING
24.409457249260235,36.45067106464843,28.393445843145365,79.06885521630974,3.49485182308101,8.434548410621318,20.555035919809043,SAFE
93.29625485670795,12.092647353237307,35.96442363176027,51.65372525722826,9.17524727230348,-0.9975145472952249,53.6118747145777,WARNING
74.4303717337366,23.348370458189894,24.55601511425712,39.967506447234314,4.254311942563456,5.109893140284299,45.03005964648458,WARNING
60.50714851807668,34.431464495027164,25.64652701463885,54.07176729788027,0.44395264969327,6.3506483191624135,38.250320146388,WARNING
98.98921622398747,20.343953131233544,20.21927306263087,38.48963197754737,6.525268777504189,2.2415863640771843,58.067599695998204,WARNING
78.78647195855439,12.694200548053407,35.27263831094268,64.39920107618349,3.2281449771384327,0.9097629611392399,46.17893144245134,WARNING
14.727380849832672,22.628225171779132,37.623946791112814,51.05956899126954,8.39566706475422,1.8050673051938873,11.82785458798149,SAFE
19.187671310235675,29.05531223489482,30.119666583141267,49.9320667598192,1.1963043951607033,-1.6658267230554031,13.777945655043242,SAFE
7.276237623962711,4.938452569937563,28.318330658654318,45.26907409842319,9.255443258622234,-2.4858838923945896,5.361010941115915,SAFE
75.78581220721001,26.512376318312135,34.08171337284671,43.00579915076996,9.41904972838329,0.6017699382884789,45.72853653097742,WARNING
83.13240712852496,18.252284673805676,22.00422698101049,63.68558238604244,0.07759648337424485,-0.4941404686898352,48.38599998248961,WARNING
19.280190266645924,31.368775221768107,39.588397462757044,53.2201453160323,8.174982565256666,0.15568373902242172,15.071295183838854,SAFE
49.584003110402406,46.52117465893889,37.79931737493363,69.29002325939872,2.962557533167841,0.9001683144788117,33.855947747885985,WARNING
22.3897233305685,22.19583490232699,29.684261315195812,71.58200200846655,8.960283653249931,-1.7075987520704423,16.29525867089099,SAFE
1.7704445073237207,43.08869198946773,23.485573570027213,61.094098194519674,0.24970900434131194,-2.0098704947887143,5.925525359416508,SAFE
98.59603021153498,5.0346800551901545,28.473863039992846,45.357497509497605,9.050881233882643,7.386802158147102,57.06700739171158,WARNING
23.769876030622882,4.059389352521558,32.542767881222346,46.81843559418549,6.72084390606063,-9.357604878643711,14.351629561749615,SAFE
13.339923517748941,34.31861163863217,24.247413106049954,72.87938378812008,0.5859088771013543,-5.690360344288507,11.979713076583709,SAFE
99.85602484850686,21.65380512933963,34.05931327089287,39.13315244285069,6.0986873498553775,4.522121367388369,59.2918608619853,WARNING
31.447663586651053,41.444855598793886,32.06835156944567,49.45615048075151,5.5764239334315855,1.5352169487184852,22.40717517338745,SAFE
16.5535292693866,20.13661849334831,26.86861176038986,50.0451361289563,7.611105884852579,-0.3492318506665466,11.594345636207398,SAFE
94.03161532392643,14.68382066792181,28.31407156569858,69.34784052395207,5.460245933207503,0.940562928488955,54.77999098179241,WARNING
5.334016300518352,19.92998313592279,25.414674648434648,79.96675614155578,3.083550706323103,7.689930695877269,8.137942492868502,SAFE
67.62337350404775,17.04582045960452,30.870687567482474,72.02679399745969,8.833682980309119,-6.792122499877095,40.733995700449285,WARNING
33.95731412081696,16.761159010678583,20.840895921518893,59.91188799259483,8.54820052992188,-2.3685122434896444,21.48359829756708,SAFE
74.0035944984177,31.385020680036995,27.512974709860018,37.05298997461485,7.093238527759674,7.091303378824808,46.386400881048644,WARNING
68.58544924014919,0.8939242017409033,24.324657887819825,33.473999244176596,5.703860995762268,5.129553576808249,39.98256041080609,WARNING
11.057918706865944,41.91689102966926,31.110179567909665,64.49845060708626,9.714018486086463,-8.326380235046054,11.789676824797315,SAFE
90.12240229777892,6.305134799370466,27.859176132733644,72.57193481655571,9.062542367378683,0.1274334709029077,51.94800410372944,WARNING
59.410463827542515,35.40736672992786,36.65517336905428,36.07555847688331,8.100693082292276,-0.37447698976766475,37.90050717686433,WARNING
45.0623425108169,21.194987599849913,30.18423170492085,77.25252766973017,5.482037727921516,9.063550765262786,30.61243714911547,WARNING
18.029013061564058,36.20679894163166,36.244790772174944,63.956441566743095,6.069222802265404,1.2962556217236454,15.359410959427299,SAFE
86.0930482578696,41.082329858225,22.44577442361199,72.4293828515439,4.140686194404425,-4.926063400083784,52.91562425876759,WARNING
86.97685680139259,21.60123998168708,36.16729380353633,43.170180597792225,0.03929321422217802,-0.09081614194111154,50.899215559932955,WARNING
10.022825664288426,37.71879777624548,25.52150272138821,52.18228233017393,0.8703356509155424,-4.266815031054946,9.463139928107068,SAFE
78.1490243258572,7.579395595115973,32.94319122253915,75.87129264022505,6.798367597577203,6.220433785844538,47.01463226891904,WARNING
10.89716293039158,12.536591300102723,37.89077704481182,65.75528068090446,6.395538263773112,3.2753347224339997,9.65424548568691,SAFE
41.420055430464345,2.227831580882661,35.68883084141458,63.93566181076769,4.728044641127247,7.995192307365148,26.070478970982162,SAFE
33.615966498509884,14.716087211561796,37.455926501588856,69.84938273794927,5.1497981064834475,-7.385305210843001,21.833145662637694,SAFE
21.507147146505247,32.81139952044033,27.70082475680823,71.82365958329856,9.499550093322041,6.112738505498363,18.033820305393032,SAFE
37.754542299555716,39.4343214615712,27.02883346941367,38.3550043882817,0.33393204865857395,-2.2856657447795996,25.4088184674023,SAFE
90.35593036972818,11.949329387783825,24.13026329859568,78.49103926205201,0.2500411285059212,5.715643007875087,53.51436409830202,WARNING
32.13699557408704,1.8743978434829667,38.35605080419167,36.98211651047918,5.517792837256954,-4.518915851409044,19.45737370664464,SAFE
6.519280218469103,2.4961242831689545,22.311133976726776,33.568350694469004,7.605581155199229,-0.288675954331417,5.171521372675075,SAFE
34.289209134897966,20.918445506600357,38.57893471145246,75.53759063690737,7.156764801225769,7.693647548433756,24.803303592019944,SAFE
31.964802758762477,19.055466300414142,32.27424363708456,61.18129736486321,4.81699838012341,-1.9868430312409338,20.64981511646434,SAFE
98.6180311608695,41.05618130588622,28.699603957760903,66.36462386197843,2.6956169325245947,-7.996613475253403,59.483527506680055,WARNING
35.24310255527406,20.14864000616971,20.330742491213417,70.7396000817948,3.591934023891815,1.60836331560294,23.170282649861957,SAFE
7.396318727095597,8.749841437529199,37.7938745065512,60.43437639414004,9.502840501704856,9.975000687826338,8.574514151340573,SAFE
37.18601153330944,14.940153204163732,37.167121103181934,79.93057135187271,6.296412342324573,5.902814450230448,25.546589793651616,SAFE
78.17458588152745,17.766985410977348,31.485407605141745,71.65284706321069,6.881138762610554,-9.576723720359235,46.52369044748599,WARNING
33.67056688975335,7.223784829730268,24.65944424156078,75.27447387456628,0.3689328891076815,-5.603985760761525,20.54038839844303,SAFE
30.956935223823145,30.84420359831974,30.68203380171731,40.9134741426693,1.6424106722315446,-5.264039308077624,20.931283249498684,SAFE
50.25296267016556,13.558889285560172,38.952050032154446,53.19326107144238,0.5879601654463706,4.5853281167326685,30.79874758394577,WARNING
32.884528820898964,32.674446602912376,25.59188741046464,58.537187086665995,7.721525048074646,8.560174835491079,23.90850045614415,SAFE
26.112714443307706,16.742847549949058,29.285328405718793,76.35874188679944,9.01386856810657,-8.20243439798724,18.019174641845385,SAFE
13.192982575381084,24.775458866531913,22.13238545610847,47.27904366743488,1.4838537821747766,2.7208071026377176,10.631468956571904,SAFE
94.94954317391617,49.83668851471907,27.504822649938298,59.95063185573061,8.562676535240813,-7.65075854407232,58.256824149171294,WARNING
68.9564411051965,20.44218308625341,24.122923205603282,50.137680937372096,0.7596028696491686,3.9081429717861145,40.84060754091154,WARNING
25.27426687484531,15.5702822522439,22.421625964829254,73.23295569449459,4.934442792827386,1.4429375557280046,17.283751143659547,SAFE
56.94326830948546,20.52465572706709,23.85059830876279,67.25663742492,1.2705626535767434,-7.92252419442379,34.35509323141042,WARNING
71.01450375965034,10.441851022599192,26.135455027056647,53.76137335008701,4.493513167295462,4.171582501299984,41.40599574754956,WARNING
62.3431793443361,32.21980811409328,34.281086613109146,44.63063637117327,3.2233331180047364,-1.2400450420889175,38.40441861879122,WARNING
30.74621730335261,49.24689344854317,36.281038528428596,38.23273441280148,0.055941558818695114,-9.144334635054642,22.99032114542055,SAFE
24.406345104292527,5.714564291842827,30.66676229785144,72.89976113636793,7.367502209132274,-5.687818738356192,15.791647518712756,SAFE
39.929925602578585,25.39471047656388,36.20411699006671,71.95608015530824,9.09718311907776,0.18490501005750382,26.650780144308747,SAFE
69.4274746435863,5.590018561696858,31.30577919907964,42.43459047355675,4.3171688502661105,2.6810101661343886,40.18973282215848,WARNING
25.698593785378108,2.609252889838054,20.20467712817515,31.107976777226078,0.08349737513769662,-7.7928988688424905,15.58369404442859,SAFE
23.948871457012988,11.06107570911496,39.735931883597935,45.30030526044716,1.274207833593991,0.9112508833551587,15.495728771776909,SAFE
85.79574553975084,33.90301883938376,25.921641782709006,58.08080798957275,7.148559742004092,4.562089847354846,52.29793037598661,WARNING
66.65384552976889,43.5405212387809,37.402109166882084,58.946827970350164,4.298563691112123,2.831405911301996,42.862323388928594,WARNING
81.82120013704632,0.2826052420592362,39.83994018029702,39.14468861645996,4.702489856599762,7.440594696857335,48.03792660997471,WARNING
22.504039904419937,23.83976119501916,22.651643603623583,49.753816269409626,1.7713545479300252,-2.72744502457686,14.979492800677724,SAFE
37.346421679272204,49.658539479916634,39.89626058607544,35.73931393303062,7.259687793283472,-8.965090406617977,27.327217593907793,SAFE
3.0192015337188627,5.266694712248215,39.30971314015868,77.04317739473487,1.9392782028068045,-6.76655328892577,4.3518387516552135,SAFE
24.0535086515947,25.777349703757107,31.394092640708198,41.079671521972365,7.5662278808994525,-3.8089366119469847,16.95119717873456,SAFE
92.21313255294103,32.836135322836526,28.72702388607223,69.49560008514227,8.179146260466648,-4.190367887821127,55.570924947985276,WARNING
33.97145438360843,46.79775768643017,23.29482076726544,32.10752084814671,4.540553226095492,6.024198004872577,25.775825861136337,SAFE
77.16681063107458,45.976531445641626,30.664013287380804,35.003233578326665,5.886889743360161,5.567912287064232,49.48036492168875,WARNING
9.33281202698264,8.632870054879488,20.24581322311342,59.682628972340524,8.867343919459044,3.4132663200419895,7.844194867771106,SAFE
98.2040087590982,3.1516826249880783,38.060021703029925,70.70341436933404,3.142415204995049,9.470531036745037,58.06677185121978,WARNING
28.793774817141504,44.46523619141092,37.61497154148379,67.88288083014862,5.6347047381285185,-7.599945007662239,22.089727624056966,SAFE
53.197173449649824,17.839812782746726,35.84434066310703,67.90646032484224,9.106125073726052,-9.703396751365842,32.93527297866584,WARNING
80.91032168230461,46.92310265623344,35.786008982163004,36.50972299351834,0.8127910484088774,-9.583095203845984,50.447441042743556,WARNING
62.8745225828071,31.483632592994365,39.738274284364245,49.90215870520478,3.3190628489749674,2.48849854368785,39.13480930998764,WARNING
82.5608672507594,46.838697476150095,36.06248332358077,51.33369903079024,6.349142353120642,7.12598653432234,52.45481027777174,WARNING
49.060968831173945,10.834332185269634,23.394468794957458,30.007887228902838,7.182379949812843,-7.77805582308019,29.505967271970263,SAFE
24.383909969594043,14.893816576139669,31.207597202735364,49.89786386478846,6.746739920231618,-8.887226813425945,15.553355803799617,SAFE
12.393919426443944,24.960575176663337,26.739295756936595,44.790668137567984,0.6702807903752273,7.914383494960028,11.276535321689702,SAFE
69.18185861250508,6.080907840982469,21.30091915474281,78.74362667156215,6.811725504395048,-1.6508785781251696,40.620834672036764,WARNING
70.17310407557848,37.81658932400796,35.599244047775585,53.89386528265288,4.29882758124848,-9.779438314621993,43.31646301955281,WARNING
92.6557115141838,30.165393919447155,24.063078743799363,75.98017097107183,9.149319017702965,9.783683287321917,57.737237944458975,WARNING
87.40565631389788,49.88921939100324,24.893723762465452,72.1124792599617,8.230283087957645,-5.381192815585325,54.58448484101686,WARNING
9.843754900099078,48.97102568387998,25.920491030412208,73.5445895233903,0.041271546746038945,-9.579503855607957,11.536485368469917,SAFE
46.58713086963684,11.935734196753177,33.796825668719286,58.27821627839772,0.7748579745049144,-6.747434073685659,27.708990394056677,SAFE
38.80492700584143,9.280203197771659,35.84444694487857,50.803511777664,0.9343186684249927,-0.31314195455750315,22.899844042538334,SAFE
9.083818106141416,6.446865270990859,24.792196640564107,72.97638526237449,9.24612532332972,6.525154586641381,8.567333100062148,SAFE
33.40772174178473,13.622322055441582,30.983113815804785,66.09265802665561,9.933727881601747,-7.368585762421476,21.336954149728864,SAFE
4.929199902380443,34.71779444976355,36.64451567007811,72.31743899332116,6.784635490771606,9.080316082383742,10.036232115470892,SAFE
51.10047635445869,45.69073991681062,39.35624273983046,72.35787285015539,3.097585632586206,-6.075686976594095,34.66492104776195,WARNING
54.812006498181844,22.65073751900942,37.555166843854664,35.00158355335768,2.577400613115186,5.035978890374171,34.92542229915641,WARNING
9.498664497731212,16.03822070108501,27.743107881079663,61.1296898281345,1.5813264571936458,7.2120898069941894,9.043211713579897,SAFE
44.75422354662742,45.85108559402782,29.35739827267863,43.75201294703667,1.4182882868767488,-9.925098105774303,29.8011151906738,SAFE
53.21574849848356,5.357834846346171,27.834555272623565,59.46358806185434,2.756858969027003,-6.4955141526776945,30.557195273975825,WARNING
77.47216226093417,47.33955861408103,22.00880835723932,37.7795162192504,9.600126572527186,-9.244315563755075,48.584235204723775,WARNING
97.76323365504722,0.23222415424943854,37.473373113026625,45.36625904938748,9.385888581772965,-3.6610942272882907,55.11765105797153,WARNING
65.4306321534056,4.0016284882968325,24.84659622907478,68.68396732396253,5.286858536788197,8.559381235740894,39.30509826193474,WARNING
42.87514083413543,43.490618290696155,28.97910874956475,78.96241393509926,9.598343813988768,-3.4172658888783936,30.057382612776742,WARNING
88.59236704168032,42.38056871078246,24.213607946551257,61.21452003916349,0.7268231558981486,6.734214411669232,54.947088388761784,WARNING
17.454588350349653,3.5407350692882256,28.004381910776225,58.84610692998217,8.54916958559771,9.484850510434729,12.871050123025881,SAFE
43.949251256986365,3.0223461492635106,34.98231158051741,58.25866281119687,4.478913448444631,-3.814622424156207,25.610317198276803,SAFE
50.239852784353566,16.933980222851545,35.1402373549472,57.194684824632056,8.768477741541119,0.8708782929888415,30.804662708333407,WARNING
23.826241333993003,42.55459411160722,31.14438089860088,40.34205190717806,6.235078099562221,-2.845664701151449,18.461762499406127,SAFE
84.44056122920658,22.664986932327142,34.52882716214833,34.776810381811856,3.9602434630234615,9.664828729447976,52.077386127353925,WARNING
80.84602894771483,7.997040118346432,25.555280989545103,46.49079044281805,6.5036556049544565,5.139895189793112,46.8214062786205,WARNING
74.95266088079097,25.49370281532014,36.216410756763025,51.853904137873755,1.238805652955619,1.2888368330762656,44.74655715996193,WARNING
95.23013846011067,39.64968256962557,31.57401295384485,62.340283017454844,9.305620270355726,-1.4331441113007912,57.7525402221062,WARNING
33.13941389426374,48.86207825002245,37.26886267020667,46.152179230930116,4.637805973609228,-1.6984374198440193,24.15060993749159,SAFE
14.90956786714339,47.89096619066295,28.086248624395175,73.7664541318954,1.8935622768066507,0.9574162127443948,14.618155440198901,SAFE
2.396138512426982,38.21102419211543,31.618277964925568,61.27947917348763,0.5172088255465346,-5.779233395827692,6.05972689924437,SAFE
7.433087235358016,14.445715790190588,32.54878015364302,58.30929921586876,6.121498216133903,0.9850254275578862,6.828753523259829,SAFE
27.302879567585936,12.225374867221262,22.741193670731626,72.45354374517461,6.164793585412445,-6.269779749918804,17.782978431887162,SAFE
17.720937982123953,43.651780076306835,34.854617275266385,62.96995399526857,4.068641075392998,-4.760488714429649,15.456354515095255,SAFE
97.94507631128238,39.86197875114001,26.03558446272553,72.37823981392474,7.589319486146815,-4.058389002440032,59.40614703445917,WARNING
42.65528542416397,9.297672269551333,22.221048887562187,66.13810164198483,2.6751185735386662,6.401187314925071,26.750020239628395,SAFE
99.56087115144261,3.8309906964824334,29.460702501674007,70.10312796554015,7.889508965412335,5.19994316661937,57.804233807896885,WARNING
34.899493530191094,22.692662784252615,31.899367146829405,78.69702917866286,3.275472709384929,8.462877754337153,25.10015672264166,SAFE
26.935691818049413,49.45372327368523,33.405273736551834,53.175574017927545,6.133904280636049,-4.549376619195864,20.64574042905147,SAFE
27.41738575114666,5.677727192174692,22.281005954107975,47.38358707344557,7.628554778963716,2.15942335196325,16.727417640311288,SAFE
10.258456033102082,42.611826248795545,32.02735253980133,78.04277883923899,6.7018546741120755,-6.49650272591638,11.99193274574332,SAFE
47.378336230782224,32.424879877360205,20.565294020999552,30.745513207740395,1.294030005985679,-4.966711299090585,30.549734053528528,WARNING
42.95491235206755,24.37202368798942,22.760552178757937,63.66957895579154,5.961380616965348,-4.110718023176796,27.155924532136048,SAFE
1.3659883435292008,3.882395767664537,27.833895510216788,37.698717558284194,3.768196061479708,2.5636520902071034,2.5974322844195497,SAFE
54.72374278792835,11.558794156869713,26.876449825175047,60.70155992243253,8.608550280434487,5.0642687747775454,33.326119705405176,WARNING
55.340002683341496,18.11464991582431,27.30102555083611,73.9708655132198,0.392435760405464,9.75965288840522,35.53361338632437,WARNING
66.43754108515623,34.05688495361952,20.759956746094844,60.27646374456361,4.8477806009044695,-7.884421862118661,40.91455047216654,WARNING
27.792201076935907,44.51572281068256,30.99976831731906,50.670828758695436,0.7268215584081095,4.282430548046111,20.963639914713358,SAFE
70.28508233960325,30.70218034862818,30.205252924412985,51.68922011036864,5.9327109298799225,-5.332090965431866,42.36837251987769,WARNING
94.12590641776477,29.439726459011478,26.22384888708753,52.48399254425786,8.056847888768923,-6.767678785394051,55.30145564167749,WARNING
29.28356224602604,33.97540113682777,26.309784129644477,69.6250840930733,1.3045348717736083,5.253723409092171,21.666214185540102,SAFE
6.835171485056623,0.6296306333747392,37.96447037664324,59.06696084661493,3.5182689708681147,-5.348107260722992,5.099792389824931,SAFE
61.68857832608161,25.45010917683691,39.831955510599705,79.16079933268729,6.350245661416096,-1.1425898778821892,38.990879022263734,WARNING
49.11409691346621,34.123953311843096,22.031490884707626,46.41760369053591,0.7527224100360386,-8.532784809661608,30.790330025330356,WARNING
19.583924189423374,24.262662729661344,35.69548642325579,54.27479455829363,3.3547661056086975,-8.352940193264837,14.113676931506898,SAFE
55.02955231831296,13.563429324158838,32.29868355834295,78.85938695662091,1.1131432147755016,-5.757492025561202,33.486157393974985,WARNING
47.30945380993747,48.430690767296475,35.43619552539991,74.9114596581415,3.337148484757929,9.84076947557189,34.76566275072461,WARNING
10.28328160641574,2.6486453023050416,37.11205254108056,76.36324351034932,0.9058535754610175,-7.73145146508317,7.889726895103706,SAFE
3.3174157755773814,5.225378132136205,24.188396336005617,78.50383094550006,6.678602222396805,5.571060510370842,5.2610304334499105,SAFE
77.61394036915222,26.753687488960733,35.949779554260346,59.79037661949848,3.145460976033576,1.2222021753680146,46.80175724449302,WARNING
53.350858613451344,41.172652687966036,39.63454434763318,50.55212827104653,7.633906784413597,-8.004739919237329,34.60126647634951,WARNING
77.68313694482886,18.570845599661606,20.787803257793733,48.16230892810886,6.106427509216448,-7.614996646370669,45.19062564578773,WARNING
92.40344924302546,3.883620663641929,38.60013439666332,65.35687589678432,3.297121754142036,-2.1849930458181355,52.82296575240768,WARNING
74.08093647327442,30.073555044060367,33.4328584290989,49.458230825674,4.87813481807599,9.797349680757868,46.40397862193358,WARNING
21.39228704997177,20.89280932610657,25.836463751479346,68.25557552199248,7.640126256657207,-4.151090780052082,15.191647086601586,SAFE
8.13903166329829,0.5716338336102023,28.54901066484971,50.516879716788544,9.88389878639863,-0.6039584860464071,5.231120256576924,SAFE
25.641836957542065,44.56147205157337,29.82135899307157,59.95878176052889,0.9566871042821268,-2.3416718534045184,19.345998924699607,SAFE
94.42236744737868,29.47526920877127,26.890037102849234,61.28335903157965,9.104110895781162,-4.520187990548199,55.993704368445904,WARNING
50.51167184706744,47.93453269558777,23.447922865969055,65.98319627983557,6.1448100820298235,3.5935026228126965,34.477577484803234,WARNING
35.12196306675697,15.693968674188246,33.68419341176741,40.77716425522727,4.196547448590051,-6.23650707894164,21.991655384391663,SAFE
0.8304841123329743,48.50286800190347,28.634059573128383,78.46748072099126,1.4032351976782609,1.7473355891497206,7.331758954393322,SAFE
20.09740327912396,39.50370634816374,35.674059775219504,35.63035745196559,9.120644528763892,-6.107407055935507,16.71215978093544,SAFE
61.29773415893604,49.281681004385206,37.647930695327275,77.82819642805845,3.425987712181194,-7.888487155610733,40.83702762963169,WARNING
18.83468732894501,25.024744753830692,35.86459356546644,37.50768220919376,6.597315322607571,-3.5284479192097624,14.359263840246838,SAFE
34.12020723921535,33.09588650789632,29.339988390664402,70.6016646512997,1.5591850966282705,5.798965395340769,24.560537618355845,SAFE
6.423524805742087,9.702694012280249,33.1229942900633,72.74628282555356,2.5267962773934904,-3.4561678834217417,6.173011714036691,SAFE
53.71207482867399,10.578640324465116,36.22312523175012,68.68183225028804,1.4529171196578161,-0.7234053636673572,32.167398918302005,WARNING
77.48277666546214,16.86647655517074,32.66213645435464,32.51065607287864,6.08688760529318,-6.946940399987859,45.8640932208597,WARNING
83.05833251144513,17.772473179023923,25.631077254563913,72.04444883557426,0.5014402307181021,-2.0678240133131043,48.61817851524003,WARNING
37.00035405750314,14.240018712477543,38.235086640029536,67.54641967583612,0.6392316419193877,4.2937489886990825,24.203983298503548,SAFE
52.7299133128794,45.04339472007896,26.25891234696717,58.70809998047915,5.007552747409861,-0.20878187544788496,34.254520047834376,WARNING
45.610539951721265,10.281473776614064,35.114198449847855,52.566801636964435,9.585162750026058,-4.783831456144474,27.227252492950022,SAFE
68.2743839627041,47.03585398195542,33.26916646032185,73.56364538086973,8.27480959757006,-2.797645690219923,44.2598776496209,WARNING
60.01239399394965,7.81306699056778,30.710517653911992,41.52109859071686,7.437368149524456,0.5611684378424915,34.981696443933565,WARNING
41.12273626316605,13.439854808348878,39.973969636825736,33.585526044246635,0.4356068057242002,-5.654851990122709,25.55269294549138,SAFE
97.10724586278197,48.961908415999225,33.098554695442715,74.00533336032024,2.1396173084079537,9.440841883532471,61.90551971104505,DANGER
14.278485013956466,5.056259409082914,22.244230784945458,58.65639616362823,7.809744007180523,-2.666656442507338,9.319888167877513,SAFE
97.78959877861266,21.721006905916475,23.008971015464326,53.29833740930684,6.790371654224399,6.6445156100875735,57.88927004324947,WARNING
45.87682899565929,29.680341302458373,25.34689424317707,62.2958263202757,9.859719439503436,-9.018928548244123,29.32541207800626,SAFE
88.65306707051678,28.11412513837614,25.041973191246,77.7444855004629,4.83354303058899,-3.3661949665322872,53.20159948873675,WARNING
18.149762827084114,12.222610512833104,36.65698083182885,60.720500465858294,9.132456194883162,-5.360630956844283,12.780127480808089,SAFE
12.113857384890148,0.30437654877950027,30.157240752319876,79.91534651909942,6.94965268818639,-3.8321081606970786,8.794171214547816,SAFE
87.68585830261716,39.08611329939799,20.308303321530786,70.84302402705111,3.00526757238496,-7.006530708327978,53.56283281027451,WARNING
22.633083973707457,23.42899021875695,28.49735854136022,44.44436496871134,1.722183222070327,5.244615792843385,16.378777205719434,SAFE
99.01097837349171,38.88957902098452,25.918739353430823,42.24044807060667,2.1766587606593824,-7.266098510219274,58.88774350969308,WARNING
55.13305496923012,30.27001859766721,34.110053213262745,64.0106685466834,2.9233331128338245,-3.393779892063069,34.65238483648229,WARNING
68.15145354423379,17.472382039181415,24.25246379238626,48.71680768483698,2.720841575779777,-8.233745575628443,39.46811615817455,WARNING
83.01389022766536,42.65556945785182,24.39500600333759,33.238609976260086,7.388274373511795,-5.769427482731726,51.16092949069683,WARNING
39.343548943686024,3.206762611869163,24.525391695168704,69.64511391648179,8.04396446915202,-5.858303502245792,23.367812514737487,SAFE
33.59138451066895,6.711920954687178,21.483452605698446,79.60858572242047,6.555939512448392,0.841930183966376,21.298893244588438,SAFE
76.54985004052996,42.00385798438621,36.134295360894555,30.82697246449383,1.8680789819049848,3.098106042356621,48.53119462311671,WARNING
37.575934780396295,49.12413255305535,33.30809585276508,77.82744543646032,2.014464816457938,7.279140562300462,28.942505802267757,SAFE
32.135230581522535,49.47824041189034,23.153773441462945,55.81699094191633,7.928445338371219,-1.3471503879192817,23.40178400296766,SAFE
46.80840601876467,49.31778977528705,28.506163006023066,60.20360502995318,0.545396606751507,6.8442016042052,32.7580008408267,WARNING
64.81680489795436,20.201005143140677,20.323390799090394,59.5834410296752,0.12657828484162192,-9.975927721819641,38.388674633960285,WARNING
61.60985621493546,9.450853366727713,23.837750994361905,62.66357829163719,0.5369718793937428,-3.7318887705088732,35.54864621372073,WARNING
14.943190214201907,29.008818489826695,33.235303094547916,66.05679267995217,2.5523121691856545,-8.215004967268321,12.461856863978007,SAFE
7.868365694189783,21.307577422536188,38.9168881812543,40.88645171235123,2.5674160134154933,-7.982223957882821,7.738251498173928,SAFE
60.55702738939303,33.99364369735874,32.8586241632152,73.05651215223907,4.864258350260718,-7.310859184658711,38.49469916718778,WARNING
28.940513070441266,33.12149867106759,32.2624394748312,56.55015648714813,6.829644186886872,2.7478170074659864,20.811107464785966,SAFE
88.13248894649517,29.30081887391483,35.572027174011126,42.435357798323395,6.78182584589068,8.043882367653513,54.25765204257345,WARNING
38.57323278998332,38.95520936693233,34.49578602390871,32.976309843591125,5.815083096240723,-7.396213015983952,26.72752693501198,SAFE
96.73191722305911,40.57037513503281,22.194476024942404,36.08759988238392,5.944738549126189,-3.102216516536334,58.39272511827579,WARNING
3.490585907310928,27.082075391652655,27.756901993716937,35.05382461858713,8.019203922559827,8.30153530557612,7.574450914185983,SAFE
75.659393401413,41.121115500813865,24.329811345322348,43.17864754593005,2.0852754029918774,5.301268627311281,47.26387247190777,WARNING
94.79170789344971,35.84186033669513,37.62933529759112,61.93495474415863,3.8765990055879906,-1.4847677013938956,57.141669827433745,WARNING
7.532143216740483,1.572859762301304,33.90951208378155,51.92144460055903,5.522150680546295,1.1532249524483262,5.348265104171405,SAFE
27.73758133333014,23.794625541474534,29.415204433354045,49.42136106139285,8.206753834010705,-0.9767199262480819,18.295162147777624,SAFE
60.36445245059878,44.776006019041304,37.32467245717845,74.52111018895826,2.7000499646501397,-9.300350233838744,39.655341080272805,WARNING
26.10667998953292,13.935367281035433,38.18720653449936,62.46213664189853,0.8170395960222876,-7.292428079777977,17.07552986096766,SAFE
15.567612554197542,31.521087408446157,34.708280510140064,72.98219552826981,9.40636550806243,-5.9659088522711645,13.81913772297688,SAFE
30.977248472404906,12.016144037241533,27.175231349322754,75.73325537118747,5.751125669393615,4.763837946489982,20.874849272340043,SAFE
49.011923612678196,1.4428956668062265,21.283909719956288,56.896151563394284,7.1878903482002565,-5.69338944942537,27.990854163235547,SAFE
72.1909573992304,40.53328867417562,28.237949567242225,67.32096164220525,4.040299503284599,3.5670125891004005,45.70171849045097,WARNING
76.3997049319543,49.59633091540554,26.90793324127192,50.552039028730576,1.6562005941017133,-5.918538831963862,47.18527944732063,WARNING
69.33950025983778,45.8522795077238,27.89209903322481,38.992222341777065,2.8509949938299406,-0.8989659038372277,43.55949667794705,WARNING
29.065032936536838,11.678954156093313,34.71968977514159,30.39224606203116,5.392305273364832,5.875336140595078,20.064718208147372,SAFE
26.62282863174682,30.164575530600867,33.37800211237236,62.751234820254496,4.458496341987177,-3.0684402424844155,18.93839996425154,SAFE
83.59240730278134,37.922297849993214,26.42510346827825,35.1509597221103,0.7180754544546919,-8.114480442021279,50.61766476156019,WARNING
58.28693611920428,2.5831087914494844,26.738537499280767,67.65998509571148,2.943481665153781,5.266161543602596,34.48645826643512,WARNING
74.54670382070553,12.291356631660816,34.576443601854905,67.38883191360503,3.9745392566702686,-5.7915903251696355,43.77681350316063,WARNING
52.12708068918691,46.06987940000982,32.79233464864124,38.64612488136306,6.827569247335199,-1.4559394543633086,34.575571269784454,WARNING
59.1528797355373,36.7032017511554,30.298947030288897,70.69919872866544,7.221555793166278,2.301466800370214,38.32568246734113,WARNING
15.079281583235149,41.797455545578416,38.71811170639632,36.84825619046474,4.882411294334306,-4.822225160589911,14.060963765850468,SAFE
75.45233074255646,36.081481800235,22.817702411407975,73.85136356308186,1.8097306397800228,5.94518051296215,47.68813578059468,WARNING
45.69803596280049,16.41361467790756,23.16478525348427,38.38071280733147,6.618905547009003,1.0086077589424107,27.98067317342917,SAFE
12.208542165123271,5.63489302191626,21.446211495455827,67.1883673686772,7.118820852292892,-8.831380182908497,8.67123632928514,SAFE
56.027007559697296,4.233807762134495,38.07491541217883,75.35587095900662,6.982329898131301,8.523778428789,35.213646433270604,WARNING
81.14530304136906,41.42692879635247,31.394157011398665,45.302959910808795,2.177991151164216,-3.455999559221416,49.436068964975945,WARNING
62.8495430089062,8.632826791619946,25.17280473274643,53.40304313977322,2.3305009852461556,1.7728733943212323,36.08042345581295,WARNING
92.31760284563299,37.40446828515632,33.32853228297826,59.136073799188935,4.879479092570649,-6.268722807306806,55.63233265235067,WARNING
89.47104554268655,12.426800100641817,21.826177551563216,67.50075896143477,1.756155343311664,-2.56208000917648,51.573291896200956,WARNING
2.8284928290979727,6.8533971270224034,23.46407261519824,32.7205063875089,6.566569566228452,6.740155916062346,4.858141480094661,SAFE
37.3315406365941,43.728823835910035,24.26693149120253,46.26952117806198,1.5073699303116839,2.4111839083799715,25.68601237844611,SAFE
41.986959087030684,30.664167342094935,35.233498107883676,57.28515080164742,6.276303549017879,8.705006287886658,29.08999311258115,SAFE
29.90643096088431,17.958196931697657,34.354067234186736,60.56527585276933,1.7853290453971482,-2.4770537997901965,19.3295903282738,SAFE
46.783801312471496,20.969491898419466,23.565496166440816,76.22150458921311,7.6231876169397585,-0.3728833578429551,29.591999713686874,SAFE
68.00610283068366,44.86413360677609,22.723482847231423,42.518652535348885,5.42701247256645,5.980207427047173,43.84505525746236,WARNING
3.625489544152738,49.20090750981802,29.098132057647945,47.96155703108615,2.9272443783977184,-6.512865846982567,7.367300970513785,SAFE
79.15739089300278,47.770708237304824,28.272895096907966,77.62103473767282,8.237976154350342,-0.3789774504736343,50.27023111432858,WARNING
67.40261791261327,21.74920895852315,31.174468164251046,32.90231685092519,6.962634753005331,-8.943507110317267,40.758100051106176,WARNING
81.70849469196494,41.247346473027875,24.741545751124292,46.183139051790015,4.813103785582933,1.933258138649629,49.895479304746864,WARNING
28.735366174199672,29.62432023159625,25.955741464585977,32.774536053553035,0.025275498319089484,-7.9769788416314285,19.677207464437046,SAFE
79.22507001640182,48.071565619166854,28.539323985624385,55.63419767249714,1.4684816907342613,1.0206270536031408,49.1171706491011,WARNING
14.465490200697683,30.560716559941504,38.66517335161708,39.78492696515198,7.64563718057102,-9.52995154363352,12.588385444729681,SAFE
37.5497241321621,5.537425391525453,27.04950883191399,38.676845981944176,3.733049901228874,-1.6495438778493927,22.06137644940164,SAFE
30.05911227809184,32.831097473656456,38.377041025178194,50.02976870526362,1.9234315647502143,-4.585544836080333,20.582133565075758,SAFE
85.4000823496369,28.581986163507395,29.100220646139146,37.48183607544634,4.497273083237819,-4.430159932852266,50.88402679134757,WARNING
94.31631278533492,44.20350547078657,21.678050836563962,55.83267446306215,2.250583455146721,-1.784458209514188,56.86458293309511,WARNING
87.68479982514565,26.375725994427242,26.684305867415198,40.39441770524985,8.003248594064893,2.4903603072869434,52.326941402541735,WARNING
46.80654604262312,10.874217693148902,26.684927483142626,77.99217133692594,5.200899376058343,-1.9860143751349408,28.57492200256395,SAFE
52.14220423483239,38.949425294980436,26.802178730057378,38.935306046630444,5.849361183390478,3.3040820696213444,34.169782965920994,WARNING
71.27180029585496,44.09937953830648,27.42348241378226,33.76774481144459,9.583485836309421,-1.2997614512504967,45.021389288483235,WARNING
62.325750967313134,33.315266156414616,30.93027417402407,40.262876486813504,7.5514305011614145,6.075039486081632,39.98663895429862,WARNING
55.29755860174398,24.428058029242077,22.278763662559705,34.19758307498919,3.3956484556352873,-3.7830768896521345,33.95242811978772,WARNING
95.36564509632713,39.18113712217149,33.1984859051812,55.88240445088025,1.6736753072665134,9.56913344368568,59.07077348710061,WARNING
37.504069824021,5.3462801223622405,29.875977914314923,73.69990058065416,8.872910017773295,-9.780681678871055,23.034305841084894,SAFE
88.62957447513998,13.574210874992925,20.779447279368462,72.38951351814372,8.638667559882084,1.9246215968470004,52.251048058128546,WARNING
57.44337572963584,40.65601363107097,35.7261910542056,74.5052736721352,5.5274744759670345,9.352941854656173,39.56799334545344,WARNING
99.61468309333384,5.82723049993163,36.99087519108244,54.99111288742945,3.8756633829983214,2.2614461976542994,56.86597056393315,WARNING
5.596555726200703,25.323055938353995,37.41781140053334,40.67307580694844,4.263898947694251,8.78961775429751,8.668766521169246,SAFE
42.85638378056973,17.918381616619918,28.810732962467565,55.97263832587782,6.3199134413146885,6.0138560183346215,27.370784681125276,SAFE
45.210220576431425,40.87404675450701,30.67441322704161,46.92402551839888,6.579508281194142,4.354445094869828,30.590409810953794,WARNING
55.80489756294875,2.8307486567361706,23.397657503216497,44.264886044511414,2.826256059514931,3.4684160049374118,32.177637351872264,WARNING
1.8348661673632582,37.784088852475996,25.306849496138664,45.50109231080512,5.279098279439243,-5.681487981220849,5.291828050536031,SAFE
88.44713135755275,4.268438966328264,28.887647246021295,72.47111347274449,6.1584389442123575,-4.153409683147331,50.69862612643575,WARNING
42.07602077764607,35.334719017125735,39.465214867277986,74.65693591897167,3.4243280838237675,9.96395758575715,30.795398790073016,WARNING
0.3504663531058272,1.3814877904207545,36.476810303423875,39.9731343416526,0.6076926839624086,-5.257038535269956,1.4364737055369643,SAFE
42.61001539808602,36.52831352167024,32.48671053102411,41.88106087802102,5.032704481005844,8.524282107971374,29.825113949409058,SAFE
81.50077769837577,16.159489241589668,39.64529122711393,65.43102002175655,0.6244935566678178,-9.296785734227226,47.97641689854256,WARNING
16.840794901002997,36.39279340250734,23.67477851684856,55.57433846044168,0.9326012018083174,8.417723156603902,14.976869224393237,SAFE
34.396061358356754,45.40660282803154,38.897512838210886,30.30643236568404,4.64135187198732,-9.506878885862143,25.370115647125083,SAFE
90.86927663029059,25.920377236728793,21.498880253969936,35.51383641382834,3.8350902449273905,8.804683857457789,55.42219532068073,WARNING
69.29091515680808,43.38094330945662,27.329132926799595,32.16068497749992,9.743176372044141,-9.65654018675261,43.9436788832573,WARNING
94.7651653081089,18.433871192457236,20.20180810043763,64.45786158622542,9.805403040313541,9.312514456751849,57.279803756361055,WARNING
16.093701120241843,9.06239030330775,31.310778292393202,61.86524132141622,7.394179136658656,-6.378992790557049,11.036284583987193,SAFE
95.90070867644344,31.936962814461893,36.9409383774111,57.00328576420859,4.142768475898826,9.543658131899917,59.002167310745996,WARNING
58.212137081983606,43.343679139958944,39.0658479273258,63.76773135043296,5.489386785186749,-9.929782981786987,38.01719161223415,WARNING
4.001964073900599,10.042560802555817,23.720168637119905,42.737939759992265,3.049346376976608,-2.7986901289854345,3.784898219894133,SAFE
42.053769006887656,4.943316922800733,20.84723863905564,63.69722245365117,5.373348248430777,-1.1171159555976082,24.7850712492196,SAFE
63.443994116835235,41.383970360177024,28.553858182324092,62.05597325259897,9.535722238351587,6.792489917231215,41.648369467387056,WARNING
42.600081050240945,32.23584189073715,23.541418438318797,58.026109244754494,9.813282911384428,0.3663023040504463,27.691787913407335,SAFE
92.76382991901473,20.366746025163035,39.976896543692625,58.96100176137789,0.42268994235934554,1.7350959338277612,54.62182965711146,WARNING
27.457269567959663,1.6240661017947355,36.41706609389327,43.7864818490378,7.965485540464985,-4.23564834088266,16.543708361823313,SAFE
19.432635387377427,48.69677870522137,27.232906555100392,60.06881057215802,6.099814928144715,1.2094696434700367,16.719597865043887,SAFE
91.46957435212147,33.722053568343426,28.074660082098603,73.11901922621371,1.810628991159644,0.88473515220835,55.25763369591642,WARNING
95.05503719437563,31.269881494020634,36.339369009497524,62.67803627725964,8.393708635378903,8.889757596904872,58.80576582179645,WARNING
27.29217275327368,8.483054062835944,29.6798150066508,65.09312134121079,2.271912531822161,-9.917970991396658,16.96124286456831,SAFE
34.293511583670536,48.44296677338942,33.89934921211693,50.066272197061195,1.9257609734684034,-2.8782065249050603,24.25029716749006,SAFE
16.983943330124795,5.31529106564757,38.13484745145108,79.88251691877367,1.641144395957903,-8.909548822434406,12.105623376442527,SAFE
32.973110714621235,23.082959038070765,24.09642494151709,45.071245589927926,2.008707356916577,5.485211368649026,21.93260091185214,SAFE
71.25779432472608,31.747575788049087,27.744357141584096,75.4520470657118,9.6953254153502,-6.527213747491761,44.26113093853656,WARNING
22.301264141187804,26.281551400018483,21.825011385644906,51.822419941155644,5.817912647777101,0.4414714227466625,15.522910762368866,SAFE
33.090858307802606,27.122290303860343,39.17601908517696,40.3008702145688,6.548313583940036,-9.132066116878963,22.43337422240488,SAFE
6.641640448143493,27.59141121117925,22.09878360655899,31.117339421342866,1.715129976480222,1.2969834199914878,7.846390399024062,SAFE
70.33409545189325,10.123928207069,33.36518874416349,39.123816554961465,6.134574266312571,-1.7608064020840235,40.964942642023914,WARNING
65.37995093336167,49.752637623962364,38.756339304651235,30.214087891805182,8.854387643623058,-8.67018409650467,43.05406872856862,WARNING
95.3046586159845,14.091283954984235,27.64069660822542,34.581910258786394,1.122727583289096,4.534811304586393,55.69272859184358,WARNING
94.43322357482916,30.537424747715473,34.31700031053622,68.09848722985768,2.6281427455294173,-9.095407381595702,56.49419695522375,WARNING
0.18727439191685846,17.53246414770093,24.829284563984324,33.11588625245928,1.7952829249366675,-7.510022034641044,2.7987529357490186,SAFE
91.48783806173704,7.013360672958447,30.752969279753586,59.65529775560823,5.434894577086338,-8.01887131568024,52.06180508187362,WARNING
31.87983617505512,2.563516623157663,27.91339828192632,39.4299465635796,5.616325332843798,3.85616787698201,19.51648398655201,SAFE
53.21198602047065,21.71183483056979,27.746668417133847,72.0845884048502,2.1936806506527007,4.684366790577377,33.72589602606315,WARNING
75.7482324740119,20.960000363536725,25.946011984512786,53.52707430229876,0.932139258926985,-9.0813993554182,44.02778917434714,WARNING
11.16031994518918,9.357251573111308,30.08353640676086,72.45683180805611,2.35642331999687,8.703240214935562,10.309388746892985,SAFE
95.49079089350035,47.94523024226026,36.75125469352648,48.19125203988603,0.7268391100262306,1.3763746353298973,58.304075030900535,WARNING
55.86814439372338,42.498788355479775,39.91982101892211,55.407865328007375,3.4520403103978428,-6.2819657688746595,36.1663445849622,WARNING
0.4799824817370735,25.455684624443958,31.110373334051914,71.24692399086987,5.045769678928006,8.329366973321129,6.095585572256502,SAFE
62.80834765714355,42.016811911054155,22.966034696154942,72.76680651511573,6.751438544438484,-6.595339351233389,40.323882920704335,WARNING
18.976355814601085,46.325030952211065,20.644307209007458,53.1267471647853,3.1347528993410156,3.301548799968561,16.260668196001358,SAFE
83.96293875689919,18.01890607782848,28.53804174645674,79.0958892250707,7.839165096792028,7.944082618635829,51.59397825122054,WARNING
43.87622206516297,11.70381019920576,28.237269307729033,65.80459589157567,1.0943040483597932,-4.590617887669824,26.309111618143437,SAFE
4.6635900461590385,21.61738691690658,36.54891471959226,31.23318441490054,6.75323526807166,8.649917490274792,8.310144993771257,SAFE
23.692786151118227,34.68174203638241,39.50203802200401,78.11390300762315,2.349291930291433,-7.993378935758626,18.747468234749196,SAFE
14.828253789591594,35.10178342410711,34.51517750906551,63.71182808140995,3.3607838774223806,-6.604461204837557,12.995107400080979,SAFE
58.076109195225314,24.184022287893324,34.57668294244607,52.06800393428107,3.386396946864684,-4.130428452819713,35.111816477342856,WARNING
21.147032004974655,13.28731880933307,21.896608776882026,47.34285054644448,0.365698123629582,-6.271723056673464,13.265911423684523,SAFE
74.67704446194291,16.273449433831132,33.36474033954688,65.84420877986386,5.811853427321135,9.17395482730797,46.03555049024991,WARNING
2.1439866623113257,36.93263252940711,39.17573287880816,73.11358646764697,1.6789269180501332,-3.4635938749653583,6.820868230437204,SAFE
17.24518398764654,30.065418190735205,34.24375963958985,45.85368846815291,5.395065739842955,3.8184114014238997,14.19433213812789,SAFE
42.13398166110483,42.70077652277296,35.430998705756345,33.23327719252853,6.2112529909082905,-5.293488980805008,29.11421629109176,SAFE
55.75182646672753,47.844422131648315,37.581240091045004,50.22582015575659,2.915138583443534,-5.31188511183482,36.23405671137724,WARNING
53.25148697565201,5.712422662902816,30.98550016256497,30.066681974539602,3.2384963074584485,-5.601313723388374,31.317425827673077,WARNING
97.12187899607821,36.36211597849895,26.993067609244754,34.642254326531024,5.16800594690624,-5.731042373479154,58.179186007173904,WARNING
53.64295458983578,41.76811770894462,32.31585104202771,61.68942097725011,5.410302890628115,8.545312652628184,36.61027807132508,WARNING
93.19026844206033,25.63616005367761,26.115189742870086,52.979350293972196,1.8655791219561568,2.726886306361786,54.66164686771322,WARNING
50.00923357822332,5.165023890663995,23.952955622392306,53.981597809976336,8.875889907188583,1.3278144126219473,28.982370344352248,SAFE
68.15350002084708,16.951427487195485,31.428227860884686,52.36899113190337,6.591299126231607,-8.988488678419792,39.948993666136424,WARNING
49.33002162389592,14.799631257198348,26.523701225558185,78.04587157790307,1.8269481271138277,-3.7750949484280616,30.181301065391345,WARNING
50.98925757308718,43.15134740748118,28.333401664127408,67.19326404440855,8.563740982148024,-3.799672883563021,33.81374674048026,WARNING
39.27501835387099,17.827811184417815,36.65711617235842,32.21734309768006,3.0842108882868002,3.5881711519025963,25.72787464159961,SAFE
56.54434995653427,21.814467964684713,30.798964544427687,39.87922929141591,4.307166216080104,0.03405968352698174,34.29899628272232,WARNING
90.11891219546017,13.041758140198818,37.35657004329865,62.21207004129909,0.20340831067600984,4.492626737987873,53.00670528888425,WARNING
3.555187754905509,49.869056340690655,37.452733753823956,44.86718737700228,2.5741123019670544,-2.371178357887822,7.950241833206533,SAFE
35.616696531444305,18.616890919269053,26.36553092238961,61.05667034241657,1.6426366372062395,6.919625848920262,23.53803924910595,SAFE
81.24024840313153,23.82416039276352,37.05459930557095,42.35725350151466,0.17565455703966948,2.3841585005964596,48.535034379172785,WARNING
45.79094069647154,28.35822731479353,37.98678818036806,78.49627867829717,6.344531397556031,5.2811117970487675,31.468442386759513,WARNING
8.380843348716427,8.03577924457528,34.664096099059535,51.56827281940009,4.459652704044057,-3.8278463672912677,6.1976428473767475,SAFE
60.735638347774376,9.25825227081013,32.538325586277914,38.68994285676199,0.638260347097136,-3.3928462260187793,35.30475847218758,WARNING
23.11403420098477,44.44958192781662,21.099069077372533,38.830684628706145,5.487196055830495,-0.37865618305052706,18.185549120810876,SAFE
4.585201837470154,0.3626214007572237,39.76135883922299,62.94173501794191,3.6540613090155682,-0.591355046735174,4.125980908993331,SAFE
26.655012045428695,17.24368918466049,32.980889345364275,74.14058994336854,1.8413002308118487,6.807230107706374,19.444210540970346,SAFE
12.155662951826907,10.74961117941956,20.74350576099292,37.04059310464997,9.173031454640505,-0.811225067632428,9.080022370896636,SAFE
7.7665861778353555,47.986341901948066,37.579846155173,67.73412604340706,9.33472791947558,-5.5974115832847176,11.052691593907035,SAFE
83.63692930100864,34.49955981771531,37.395184991353766,69.84557828713149,3.46495063176825,5.487970740345112,52.33314694090798,WARNING
26.245630298489033,16.429608151402743,22.158114344459523,76.75383079902343,2.9100336340028155,0.4124493034290371,17.785834844423388,SAFE
39.13328364661927,47.99640602917508,26.70098341876965,68.92729107113445,8.5541615463118,-1.2878700503806826,27.7820684103689,SAFE
37.81718144529312,37.3872910466314,38.25791960612468,67.74658665361191,2.271263655918656,7.766154948754107,27.755198385107946,SAFE
38.75816674368331,28.811470588896714,36.62871238585422,39.41973837002461,7.845101356775531,1.9232559582135504,26.08549372818846,SAFE
89.33416418276082,8.598520092177148,28.41364474081857,71.64215464334188,0.19231703456760174,-7.7559726646871425,51.256048130672575,WARNING
99.05652127567348,14.019708929517527,39.51086387447907,39.126577550433694,3.6109444300733564,5.057388890071412,58.34429691029238,WARNING
65.77784072381785,29.05611999645278,30.59798351610015,72.172022183237,2.349485628333927,-1.1505814601296311,40.589398964128655,WARNING
15.545229215645728,29.797079786535217,25.010888485426403,46.69210321716929,4.712507166235281,-9.464588285937444,11.931148668983294,SAFE
9.193793592083765,34.29646103541098,28.579399614350145,73.23951109999477,6.946720036441994,-9.83798116705355,10.174514116726515,SAFE
61.671233076713484,4.686243302985821,35.618663595809885,79.5753844139251,5.311987942415115,3.655590003882608,37.39422232087502,WARNING
23.731416089475154,21.87988718768968,37.12190664472767,38.37114738731256,2.655356056137621,-1.0913264942793965,16.560573333657942,SAFE
71.22488918440139,18.79419773978369,38.55464559566008,34.72285256343596,3.708041975448475,4.1790824685684385,43.515917069496446,WARNING
22.598676566149244,32.82065671148365,23.284339164546918,32.79901424308432,1.2101571674864886,8.599695662682695,18.43761710305975,SAFE
55.175088293955135,39.817288773982455,26.653090018101025,59.63293239427233,4.949521337049916,8.914759188045881,36.922756464153906,WARNING
74.75746360541103,36.52713157482895,20.92706538868559,57.48348345018455,4.669914539018149,8.556845332123892,47.2920038369096,WARNING
25.734198818953224,13.491672664554716,28.226924977630006,42.1684856703188,1.291839178087495,7.148296933016017,17.550149927752884,SAFE
55.82765244039158,43.06813594782834,36.622695308073915,44.10211773948355,5.47737444324274,-8.335645945198591,36.16192003758986,WARNING
91.52518840307584,20.213135753257657,27.873523677780426,45.13776853089766,4.606637447107039,-4.9648122690910395,52.97728682671697,WARNING
37.48522727968046,39.997352429244096,36.685110071703434,45.20912388142581,4.690144305527879,7.4763955256010455,27.170195876659147,SAFE
5.267333182969713,44.45724809978927,24.383686913046635,63.92696221071879,5.8255169638460025,1.0588149637850428,8.572960666445185,SAFE
85.93602247528213,5.078607182233064,26.94056050651272,56.91263731723828,8.112888539460398,-5.67113833176657,48.62097739778905,WARNING
80.29298413742762,19.981924124696786,23.778277128673906,67.94932202217413,0.9089890147454782,0.29534748150885903,47.22240487976893,WARNING
6.387578386188841,17.82089275788938,32.02153598012785,57.805777074360655,4.046554179046665,-1.4190401205576855,6.23895074986956,SAFE
22.676955335076656,22.794129421205145,39.06509711441669,72.52264588918952,1.452328690763438,-9.404384253581581,16.653741961131157,SAFE
93.35243127166306,26.337487494037383,30.756756462986154,69.03589978532611,3.1468897387132655,-0.3618486232799576,55.3745632481697,WARNING
96.86629131467376,33.60743434662036,23.074900639915718,36.661337399217665,2.042647583330054,5.33423348841435,58.56937083262532,WARNING
29.537700384061605,1.0694423337539893,38.883487270113235,38.485670819745536,0.09558186148068581,-5.25736795233354,17.627349360201706,SAFE
23.50287871181337,21.100262542286153,38.40779663000073,73.9592458889549,4.56894554982428,-1.7820019001638698,17.133408949164966,SAFE
55.500908647485126,12.172700598588287,21.043699839327257,76.96120680856033,1.8669898487717274,-6.031985415085672,33.38199465687589,WARNING
47.24603288539476,24.580667242016535,20.36868419401484,37.397736938698536,3.7815481856074173,3.6746138702107807,30.22906393785563,WARNING
22.841845683193583,21.15072231208813,31.146901294329336,74.42962473116461,3.260705023271233,-7.32883468273033,16.369948909403544,SAFE
48.927222589760824,37.336080084203104,22.197195141054667,51.23417458484802,0.17785141262483428,-9.328816367054976,30.85432197560968,WARNING
48.29533632166656,14.909864907546472,36.902145980108244,60.10771530632272,4.539329617429903,-1.8412925789140733,29.3808810128643,SAFE
49.72454801895633,2.021941560633067,37.855867128413195,79.91515778669792,1.8148712485869867,-7.592340704507605,29.779990374674195,SAFE
14.357746344859523,33.051352911718354,33.228816769015495,72.39620811392055,7.518263884262533,-1.0062065326132057,13.109060219204501,SAFE
61.28553615653188,34.414233518400394,30.254729405704502,53.782549222581835,6.4509744564265326,1.1494909795130752,38.15277908807083,WARNING
64.39423053359104,30.64273869816819,34.38393121027309,62.1401754391438,5.197424864372673,3.635936225687731,40.544364484118915,WARNING
44.9481965185428,12.083561298630052,20.02836440267831,57.99820735729216,5.90655226608641,9.440979295514285,28.76187983519942,SAFE
36.147833409427555,19.70666214141559,24.035991626843803,33.526714761866096,7.728044928617406,-5.0063787132135,23.11024151632209,SAFE
60.890486103003795,34.38865177727408,29.424733745832953,73.81760565135957,4.437948409797288,-4.301827539164698,38.562646924728995,WARNING
89.60155229616224,43.07821421249783,23.28079894152826,31.29805091769605,0.8998555634962069,-4.269052028923658,54.65472546935261,WARNING
97.22598017417107,27.92580765804125,27.465234640585376,74.43580473063732,4.531363314784996,-3.6952274319795775,57.838489995898605,WARNING
94.12195287456574,42.4758833096339,36.87336750838882,55.614237152510654,7.89438398815455,-6.412932814708963,57.28376184442725,WARNING
57.32229575562437,49.19229614237729,25.819168610359235,69.71761646238376,4.904784072080672,-9.203886335558254,37.71857073707232,WARNING
76.30193978156674,8.42845721960564,32.629471342655,34.28320970234864,9.468673974959648,-4.165522256392782,44.44965938258558,WARNING
22.64646916773949,6.456820203316715,38.92004386678096,65.59518712206525,7.416608887180887,-0.011908772395107903,14.947832056389746,SAFE
47.47277852704834,5.501062149573832,31.196821911679834,42.34582475543952,9.771453328004059,5.931618800302946,29.02758068910678,SAFE
41.29920601928876,7.567062934576652,35.70663382277568,36.1026883540658,1.893337534970705,-5.769589645115452,24.796133754250512,SAFE
55.68906382730944,39.352832699518316,26.286297574493844,34.23349071376447,4.645384635244191,4.962204823198711,36.64161891441045,WARNING
22.166384308738827,10.996227401968712,38.94454054693422,77.70768635595888,9.904657320615764,6.153192031495603,17.09961672747779,SAFE
18.818416916794554,10.599076039963068,26.80450483044784,45.90662656667455,9.56527749078009,5.781479657633872,13.339490627487756,SAFE
72.40087921615539,9.298161202906591,38.19051118724659,71.3935189753087,1.636418413279237,7.423406639219451,44.04600344581174,WARNING
27.22475363704713,4.043487291605302,33.1364461302842,62.69023296921653,0.9493200956561809,-3.6229638212683524,16.466763189294298,SAFE
99.28144622555386,33.921333350436846,34.601503332066585,40.645864280215285,0.7878207100391432,-4.4619662051812465,58.98410174719283,WARNING
24.889838519319195,11.727205037402655,23.85508643774079,58.73778453277022,3.2810347584182176,6.4069003009506105,16.801698392228328,SAFE
18.3947417847384,23.231353543427225,20.2731567285216,54.0841161227596,0.5583822087647439,9.554470237452872,14.819604463589554,SAFE
79.05921286504129,24.50557383182277,21.731747163587006,59.62227203952071,7.587637507018775,-6.185654939905094,46.95703257810261,WARNING
56.82083407874908,40.7105449191434,35.364955552926325,70.14960089335764,8.793234248697198,8.753642043189405,39.03863117861328,WARNING
40.552115520353595,28.438455126143865,35.813190520912215,64.85699069728915,9.955202282643787,-9.726446977907116,26.928778223851126,SAFE
35.51332153157907,14.051396313510123,25.246317003310693,41.126489124944285,7.09123840815229,-8.304810534493562,21.748019788045436,SAFE
74.16088339433384,34.67129210081367,25.01608265001793,42.64168915825806,6.288605853445022,5.243422109673556,45.98744946615993,WARNING
87.64856130873655,42.60697819272379,39.29765988327706,59.06924476682556,9.086555613403597,6.170265465208217,55.32413264529444,WARNING
89.46676243140136,0.5813300642683317,39.31805983731622,53.67650814232391,7.9818298957484295,-7.455917613244383,50.56367223746702,WARNING
39.594109581397404,13.573033151049547,25.83317541001874,36.16278099754409,8.05763832543007,-9.815153708378437,24.270465221768763,SAFE
31.25054569852025,8.720527160820751,31.780778812166808,42.71262013072719,2.5899845452809966,-0.23323712009362652,18.89276001160424,SAFE
65.26890393409258,6.065235228258182,23.510229049309924,42.35873722972588,9.737482141179605,-2.056950001141593,37.44784647968393,WARNING
59.899009063102646,12.077140635798894,29.809190503149757,33.705958719297904,0.3474214592232694,-0.6253294635707967,35.22470171044011,WARNING
39.86592875184121,6.844015984591384,33.752028578414674,79.64517454496323,3.956468211967125,2.4911727183478902,25.226580522408636,SAFE
96.29759423644857,41.576748622343764,29.271044466053716,66.87447422299597,1.2813504025052402,0.24207710927598391,58.29111056871404,WARNING
27.906027717993652,8.058184394808055,28.525618125090695,36.55072772168072,6.989851081744856,-0.8751991189332902,17.352370758635054,SAFE
53.11446325646638,7.31879693340785,22.79543322186989,59.1707717630062,9.850097478294463,-8.074988335245488,31.006106285368837,WARNING
28.573142856578126,43.47295582689438,21.445440245104738,73.79428606834756,5.242859833747512,-1.834664521471483,21.692109436656928,SAFE
30.968056435145584,14.855857906392094,26.116051648989576,74.2401540480098,7.237952301747855,3.394460156623012,20.82661676123125,SAFE
79.87491489520008,12.85573315020725,32.36085624163511,53.003311947897544,7.824416352001934,-3.8148777905342897,46.1262057344575,WARNING
64.31786168698957,44.11062059086567,28.043009523898576,33.331104368373076,5.160508223417928,-3.0805502438594807,41.02950665587801,WARNING
67.22253805471749,47.551646237430305,29.71216635993694,53.30951150777669,6.545848001914603,-7.930049928128646,42.45593684731906,WARNING
25.350618892501465,45.94896627501993,33.39885226727532,30.672202199170812,2.046254725590199,3.656745320577981,20.75773132217813,SAFE
76.43992025625742,41.992978633702094,25.843536067640898,76.55142981387813,5.529468935778924,3.930780447757858,48.67363183472827,WARNING
59.673886277990796,6.137002733731023,39.262293187697594,36.14377899470763,2.5488195641118363,6.272557604459603,36.22221593501506,WARNING
61.859696150110146,41.90745826881785,30.3147237674809,48.84966176833174,9.218454995477849,-9.274953649704102,38.99775455917372,WARNING
85.61302203530458,11.54088925938908,36.97472655507936,36.95983067084428,5.802189636905405,7.76215838022944,51.33453699745934,WARNING
47.35396468988905,37.32833369016964,36.09343235711117,66.82471043583897,9.253297368745983,-1.0633153896014278,31.636085956540747,WARNING
17.312543916515576,2.390553185123989,24.9291973927501,37.1598751940121,5.579487414344805,-6.30109325576536,10.685475213975097,SAFE
3.8933707289371178,1.799491443433393,36.63138996729723,59.57249657215124,3.580853018933782,7.884560854804938,5.137452194138854,SAFE
7.01966114077136,49.01610363639129,32.32583580508922,39.17321269844243,6.790690989769685,5.267625195671252,11.06311473501845,SAFE
42.934278337077444,43.08163031227737,23.014648145929407,43.94187917888042,0.9349236158398977,-5.782443187852957,28.37093593117184,SAFE
23.8728811911145,45.88165954608551,21.562193775023125,51.370756009385474,5.3239868722691295,7.973861076043217,19.819650280261747,SAFE
99.76962186612135,37.66940574599179,39.41581981138059,69.3550566267937,9.632026409714166,4.145414518889103,61.63946064713818,DANGER
7.976342545107107,20.096009349633825,32.93194567604941,47.53592547271255,2.7338391811377862,1.5479853426618195,7.362679372528388,SAFE
93.35018767024349,1.749093675807678,35.38462407082875,66.13636390223135,9.639534253882871,8.614224446650873,55.04838358689201,WARNING
76.22325620441929,26.020438234129934,24.085351064670398,57.26178591627872,7.6535199391965385,7.9133842527578615,46.89900932593542,WARNING
78.9712009210549,9.763346759552698,31.993726284561188,46.60867297656785,0.09205667390642991,-5.995581284226679,44.93435068163046,WARNING
11.322064993344927,42.13595617697343,25.17012504295624,44.23489844437778,9.599365717988842,-2.418265539022957,11.217460979865418,SAFE
0.9585640144394558,14.192307417306827,22.38599161203625,35.140428086792696,0.7748729013574951,1.8651894035075465,3.23190149050032,SAFE
18.934772362985864,18.062139702050523,37.24035432260034,51.21690698981378,9.156913500516376,-0.04123893208787521,13.351047510493803,SAFE
39.88366148397557,37.51944635453508,21.463501975360042,34.47391914912087,6.519737139229607,-0.26118573521503485,26.96707425237751,SAFE
79.04152503192103,45.813541867176575,27.76733755343095,59.820501329232314,5.006966277953099,9.632213112848657,50.86037583487478,WARNING
83.10844073565951,45.58688541386768,25.086801751552084,68.62632115812971,2.6547322499764894,-5.825149331432202,51.336723703982415,WARNING
94.42661596555509,0.9652208358933323,39.30777407326859,37.46309484944031,8.194380817932682,-4.481548938637938,53.78311386673268,WARNING
35.07023274307274,10.837885566099247,31.710280849621594,47.40477737539371,6.573930394946633,-9.68705364115868,21.16638825875866,SAFE
6.437488351503962,4.983057636562433,28.37987370620462,70.7398086329988,8.881779103783828,-5.103785198781985,5.688997429132785,SAFE
57.4369724239014,38.41824963463002,25.776588598392173,50.450386836813664,5.239742026857139,-7.3025030718390465,35.75549566971193,WARNING
2.5982293725780314,7.640290465914163,32.53707242507067,33.680913076684085,1.896963648501283,-3.2429222860939255,3.4807113513537273,SAFE
7.787006430636634,9.584963558081721,38.22539577967022,30.964956611349237,6.5343192417436216,-2.3118213816963014,7.181087813161551,SAFE
67.26487394323712,29.43458601817023,24.469975087092884,72.36047437866944,4.919403826093567,6.450720378269434,42.61977850213483,WARNING
40.60125361882192,49.23427769576195,35.40978717002592,78.29751025562868,5.1432647890985885,-0.5261773541859895,29.446645370665916,SAFE
75.54538093252579,44.014563150671506,39.28291591731116,46.22759530162499,7.9870457384263895,-5.7870880472892665,47.253534145661966,WARNING
54.557434674544524,8.992407420459958,26.94794723500678,76.56791836032296,1.4609069977308609,2.6480179027039306,32.9342720232393,WARNING
59.295427292740335,6.036917635449324,26.519580875376242,58.14907522576328,1.8717860898849026,6.012473128256307,34.9956935097546,WARNING
97.21565095347499,10.737969998123603,23.738239295811518,52.74675358987223,7.477652771400321,-4.367987795294972,55.116713377496666,WARNING
1.9879908697280402,27.061031401644698,39.13201135534615,49.56384277034728,4.201345541831004,9.37803434228076,6.613580693312538,SAFE
69.46076116267284,35.95859614210626,31.254040107421353,78.73046054316208,6.888664844255561,7.900655032103391,45.47306753484332,WARNING
69.93788657332212,36.7557912420198,25.808218442844932,45.17393490069095,7.829846495760292,-4.065874216602008,42.81462324142486,WARNING
56.27700708015316,12.467615545335098,36.33966761618139,35.5250675613845,8.294466397616645,2.0545960101520357,34.31548797326883,WARNING
18.690953482707727,27.10176927530591,25.649976736946808,46.17336673652483,3.515280415968803,-8.733615060553582,13.389795863839382,SAFE
98.59616844014174,1.5767314065612048,33.24993746368557,48.56138238787153,6.46010290946699,-2.8750349382483247,55.19299868199814,WARNING
67.37506462588587,36.46177547341804,33.811052807992894,35.69809906790761,6.5689323465468465,-4.400249010918054,42.18655739591064,WARNING
2.8801370569333518,20.7415335944477,28.67086205607602,53.35870666762233,7.048241653907162,-3.823123817150817,4.36211925963839,SAFE
31.528051310392257,3.0276128120630297,33.73642431984592,58.3913045699792,3.494251126937881,4.103779578347094,19.495044418429615,SAFE
53.73577492268772,23.462247293526982,30.22649087322253,61.81740626335282,6.600026045745995,-4.220843617185657,33.08309709594701,WARNING
14.074336339115323,7.831709059525938,32.78781771806003,73.64366428835629,4.094962783455518,-6.609596793410752,10.300378131959615,SAFE
75.66024982938546,41.624473720972425,37.61164886241933,60.34157144568666,8.607285593880846,-9.691700831031847,47.35361007335859,WARNING
10.723580176952352,4.628803352604938,34.252093685094664,33.47908917717895,4.96364372466307,-0.5458620272742181,7.897681844213228,SAFE
31.07035235582409,43.52025849710499,23.40866403759992,47.62313921996199,7.741715000229291,-9.391553712134314,22.026215232547123,SAFE
67.29504002463686,40.81988631807853,38.64535677676334,73.81483202457424,3.193841168336852,1.7272828264590512,43.47241870913366,WARNING
7.729349315046585,12.89350017740043,21.884447574950148,45.759364507698194,8.75187213458729,-3.0566632065141475,6.345895143612612,SAFE
56.18981030014264,21.669042405747042,29.178330485974705,78.47860259182792,2.9615446826385794,2.5464893904634263,35.36152167176791,WARNING
42.0062669579447,3.0573090523843103,29.78661663248472,70.66716645225542,0.9875296868168837,-8.60816305207382,24.73124337068587,SAFE
15.363152039326666,38.22000556946531,34.47990768289476,58.25088844530553,4.682264040926324,7.76651629405244,14.945690445843017,SAFE
76.66978238334825,40.59711256509026,36.265246027013085,62.1358577372779,4.580146243159459,7.293555051713007,49.085865078065694,WARNING
92.60074176032506,1.1903021629171506,21.031097465325026,77.93716484542186,2.771606138441948,7.467388792988373,54.27679961899512,WARNING
38.879511896140265,5.95500288046778,21.608864004186685,37.825394954022826,2.498931948673647,-0.22963292138347668,22.88246548044713,SAFE
70.14979005657835,49.319928824265,28.83013486578342,55.90924711715549,5.218157013832556,0.7886871097587207,44.419991785334915,WARNING
51.77406571044622,0.43873775309589136,20.034496442196815,34.883315906306144,1.0155660342917883,4.097938179095921,30.39408523616364,WARNING
20.491603251599976,44.73570523778064,38.57212659154039,78.79466689479494,9.390813048870202,-4.562233561629507,18.331832638918325,SAFE
50.97768447035125,8.77274850984705,36.12419310344866,74.42158525720481,8.51288839297515,-1.3326610260633025,31.117934647359327,WARNING
75.8673884686781,4.878958478813472,20.804895412385015,67.66182071543804,4.253552743286837,9.910985294791384,45.502680466929576,WARNING
9.72542158555324,42.78138407676168,29.599661310579833,71.35750977519385,8.171272821701448,8.319840027241547,12.997510480552517,SAFE
29.78500112861028,47.48996767310015,23.033339207152405,34.098438879674525,4.316155173723492,6.566459372836853,23.553258116957867,SAFE
47.34211306334456,41.46433387652571,34.5937361158861,40.47141930694668,9.488816248994638,-8.784376627411932,31.615152225388783,WARNING
89.82797075437949,15.2221724495187,30.002961663287984,51.11759363503673,1.7183455691691618,-2.8370626719661374,51.31954620323529,WARNING
19.293443629279526,10.194323773026193,23.741136720527606,54.45086901732971,7.979313675113156,1.3794006752248205,12.591158807047085,SAFE
89.32065885508419,31.82722442883621,33.786802312652085,63.38036148635016,4.4945919318374115,3.7867764440016565,54.39952788852224,WARNING
6.970774646896116,42.992573595783156,35.55624286887834,42.261497911583945,7.6803245425408235,-9.747147971999631,9.431936890362941,SAFE
21.724657248088043,3.256861933544797,35.60453833235789,67.79370755891935,8.136360238018307,-9.910366133489424,14.100977986267683,SAFE
50.1232726678408,35.24180987586683,23.10802257478031,62.48953637563123,0.8411009930968572,-6.3734828779137365,31.853111694596514,WARNING
47.5796814994601,32.6782576340551,22.91738253907792,39.2611665415469,2.04446367065663,-5.2259839060204305,30.17994631761016,WARNING
22.655384852629123,19.757455424881837,33.07579301673446,51.90158915672348,7.759739087498882,4.385370118972297,16.200137298276502,SAFE
12.652691404907568,2.4420811660371964,37.55883127999212,33.991553328143674,1.4833918071971308,-9.55733448883764,8.705721877255161,SAFE
62.83363652986538,29.118528157917428,39.73807332870511,74.3466198158586,4.108431774809097,-2.5682831817493,39.63000915318634,WARNING
29.68520342799851,7.6203460018940685,22.76167313204018,36.614185400480274,1.1411475718677855,-5.189759151889262,17.927160937555954,SAFE
30.666863031311642,48.07894855194579,31.569465020037715,79.37978872566404,3.7246694782567324,-0.847467348211179,23.658365683613905,SAFE
32.457865916527915,9.144382544827634,22.863294155551582,77.2539598903916,9.868106817987558,-9.101810069825369,20.729203136214498,SAFE
15.034587473176654,21.17620461505113,23.726669526888145,48.194019681344166,1.2909634985963336,-0.8697648655641963,10.605157286270474,SAFE
27.16946161692593,17.595252787933042,21.886253029254952,51.406402535507084,9.832576109615697,-3.4233390623761935,17.420365448895957,SAFE
87.6429274842435,42.15995708118426,39.041168365944216,69.50547561335472,6.595968270588149,7.131688884549153,55.853074213856544,WARNING
7.564468065734964,23.14153285994039,39.785124772301174,68.48000756473661,9.620753780372231,5.592687122669581,9.737442452552685,SAFE
87.48819674421442,35.32648161515955,35.2100400883448,56.15890049197503,9.242377008141329,6.500778212467232,54.2318778927504,WARNING
84.38849656656322,33.650455048152615,26.09159894174498,31.781489769506965,9.356551294095446,1.7224069761099372,51.5565330349637,WARNING
29.814297114814025,7.45675539237689,36.590463310015096,71.82600972237894,8.145079681305315,2.901653839335726,19.801947355937518,SAFE
36.60153875918759,15.20351423901285,20.171095402363402,71.68037793441201,0.8743269749364246,2.6150999608153533,23.54339820896678,SAFE
50.40749468400884,26.33446794631756,38.53425690615546,31.580750563562106,7.733922246287723,-8.958952032653858,32.34194030028067,WARNING
3.81536059353772,21.490884907069095,21.261503486859333,69.45719756464561,5.295630936483372,-9.419224346804512,5.672103067866138,SAFE
4.050068648191951,30.63342648697397,36.1222363531681,51.88997656373868,5.545806715356244,5.996589080998032,7.418099203015728,SAFE
61.05061740418192,11.238011882940974,32.261040517389574,61.41397295326068,7.341069808811267,2.417483751136025,36.48594167479443,WARNING
96.9242130458038,9.864415435853424,39.02181359134153,56.91697451750081,6.71956140494912,-8.010768050956203,55.67767619446701,WARNING
38.0575941378107,38.468957323158634,34.13822030197981,32.00696940827051,5.465942634972446,-8.23443614063181,26.40843218454584,SAFE
99.58564291781623,44.864829426664734,20.42161320857074,72.93247894513155,9.194296005584077,-2.929035548730898,61.09384463457264,DANGER
71.95016550477659,22.105187310388946,33.10464969152688,47.01587021490957,3.2255923663326835,-1.5113222228484187,42.498828350813525,WARNING
14.556775865250115,41.55694822176913,26.973957907232734,50.00747769529226,8.940546127021445,-0.06752371873657381,12.7080206345418,SAFE
54.42539093508629,47.82490623885492,37.73452766289978,38.47333544442198,4.7321502991810505,9.425924548570912,38.05130767378009,WARNING
37.236629822860266,18.578655425810002,23.900604635783086,35.71615570595626,7.4030479075598175,5.40060937403033,24.557448198251237,SAFE
96.90129635029999,38.67091054526815,24.867049880671974,32.00582891442577,9.854373843696603,-3.190986089127885,58.56187879962175,WARNING
31.197154243242075,45.29776048746913,31.701997970899722,40.74355869245673,8.890962427162396,9.867217101094866,24.904124388029302,SAFE
8.667856115083072,43.11258141512436,27.81031395368788,56.20362232533522,9.148159757649807,9.467583915502345,11.880200589742243,SAFE
26.216391040879937,10.64253854799569,21.610331171830236,58.0898926331069,0.13604395450668272,-1.7620340478012686,16.064049198072702,SAFE
7.3384016652008555,20.261289146466698,20.798643785312187,71.76086303043844,2.0973899393856588,-3.433825792841761,7.465230289732735,SAFE
87.0047996606392,37.31330306661025,24.38076723284117,33.5949709328748,7.156737768553395,-2.185948986237813,52.79302010015445,WARNING
76.60799991182212,22.26473861876052,26.92004825944553,52.56027041061982,7.485589856706767,8.044405730807483,46.56805038587832,WARNING
4.9767196588575535,26.205577061347757,20.656708581677552,53.42047725121793,8.852828290969004,-2.7681946715938066,6.188583366531899,SAFE
93.24504210806433,31.53042358253047,38.683106875860126,67.85833127062598,1.034351666487623,-5.376972648746459,56.06660500833712,WARNING
39.41704545835062,8.505344100603802,29.89823209553321,53.56840778507453,9.562591980273812,-1.3254423420804446,23.431371005197303,SAFE
78.56268042879978,47.09552724257399,37.53977661947971,40.433381225579595,4.9602989425354425,-3.045204354081486,49.27236167691906,WARNING
39.98586951372155,18.040341312287563,36.527184203500084,52.60695275612237,5.236943322446882,9.648947140941495,26.69460580606738,SAFE
5.997927219151644,24.39788198953744,35.48123413892232,37.55809790941133,6.115315946147739,-5.210704409310665,7.190570778270086,SAFE
86.74041132245675,16.354983270003963,26.581256338018193,59.90969392589467,1.8356290811990872,-4.302227221938779,50.00905352160721,WARNING
41.66318501194115,17.68189315700552,30.497544360111647,59.98200720344831,5.666674537501645,3.0833662398386448,26.356925625288998,SAFE
30.774951660782023,6.321311357751402,35.216150828621544,72.5390191315341,2.5700623222243224,-1.8581608768396052,19.324616163324254,SAFE
49.85692169635553,26.66634213764682,33.18980342175304,32.08016166776607,7.21477082734017,-8.760579860411795,31.754161775826578,WARNING
46.82885676728679,41.383556778459706,29.024306265567926,37.454487438412386,9.850338450059597,7.785709241485264,32.77237661201151,WARNING
77.1313633225014,20.57558014496052,23.676914537785954,77.07055907092507,5.3235112651713905,7.047109207749703,47.5750874733373,WARNING
34.20950057594258,16.76441585397353,39.710809613480784,56.09165242474249,1.406954238607463,-5.606506440105852,21.60213771600731,SAFE
48.194427939272074,2.123545524420567,29.250679707566007,50.947042104006385,7.79336265319487,-2.901160710215165,27.36884414228006,SAFE
98.25487615395994,9.038495965045158,31.819733699362697,34.48496485041273,7.33863983993982,9.89507376123943,58.40671666787486,WARNING
81.91386377516322,27.785177036015064,29.69482714799384,71.75149806334235,9.359740847107243,9.78413051596186,51.57827218605582,WARNING
39.65392275644841,49.545873739725614,23.11852504347663,42.67748879659546,0.890161247338962,-4.565229670310367,27.268952260382534,SAFE
76.79375516180112,42.64621790892249,35.57785290205143,61.553288908384815,5.139665125226456,4.174085784272929,48.69954463352058,WARNING
39.08335492672218,42.06541757498509,33.54380187953571,64.89023492472043,5.3593599312907125,7.70457968422345,28.682972740817746,SAFE
25.201473367905248,19.057382668052536,35.55285139355378,54.63744480646689,8.892140134241908,-3.0720136047429536,16.97067043586627,SAFE
36.93301688196448,44.436789469331266,29.287406403640823,55.806229210124336,3.327637153356794,-4.466601156418362,25.427901870369688,SAFE
65.5948710838392,5.992033077060194,37.58545282365819,68.96015683825539,1.9074826370580278,3.8803989164913073,39.12511680206442,WARNING
60.263292128563485,9.226752536832205,25.46407012100465,50.44932518669172,6.9924273524547385,2.774468176340118,35.01767069266872,WARNING
53.223484767669795,38.42052715570171,35.15875479212332,60.8929577031128,7.869900833848252,-3.314732504415816,34.56105000424277,WARNING
88.12495283226056,30.74550429009704,36.44727027624861,57.3139552395142,2.1843824498868036,0.8482025735661729,52.76019539974874,WARNING
37.11116637765881,34.87495180185473,29.515875834694718,71.80564024638439,6.780725123219167,3.690888660626479,26.291926480238033,SAFE
21.715533349106497,49.21248832456452,36.833504185429774,69.45024422803473,3.3021522516002744,0.7126330569446377,18.73661381910719,SAFE
13.710318807432865,26.923798833135297,22.917784929665746,57.65189219948006,6.487218801549056,-2.1960806550019534,11.044121530969775,SAFE
49.854487833129326,43.78266938372929,22.171262894056188,69.58664464998265,1.707545509961964,-9.265840343907431,33.00438160988848,WARNING
18.557460274504777,38.252159498524485,28.1025214667372,73.6260258423091,5.247075411822658,-9.554992961473381,15.630600236873525,SAFE
71.67136096019267,5.511645436061635,35.78759266923849,38.405127490259005,3.4544638580551346,5.225428592507207,42.30734524206531,WARNING
95.42313574764216,18.571697532336618,36.588004403978715,39.539613273791936,8.071797702024911,3.1498811851250217,56.47588009307245,WARNING
19.274350721236843,15.125198017570579,22.63541777194072,49.148350553215664,2.036486411232774,2.87995907260947,12.952040417263035,SAFE
99.45051042205587,0.600458154213207,30.818396265745974,58.68332987745049,9.14208789680812,0.12010669533875173,55.96403858862003,WARNING
54.37014196449175,23.58264006641943,25.378086091229626,32.80145666244569,4.086576822098361,-8.94817057518643,33.34500239965652,WARNING
55.04924694659178,15.364682162114656,30.672048030508556,36.71484821975933,9.326299657393596,7.890424870998697,34.80581398444383,WARNING
18.99965092022845,17.172214164700495,32.269855437039595,34.78431036529531,3.5456782111615084,-4.977754263619878,13.468590586740989,SAFE
91.55167287166967,42.62553181446026,31.596654825337275,56.01731684357871,9.307257945453971,8.648555659576306,57.4417458734981,WARNING
96.93301253516604,6.268944205409382,23.211156215263404,63.83683493399433,5.4143447660984485,-9.630681902135281,54.99205248912373,WARNING
6.197503598951936,44.404019112940254,37.377415910787725,47.86354609980226,8.910506169305346,1.8735014879580358,9.39494798732374,SAFE
80.59056470189019,21.371553558010714,22.267966546898176,51.68635313230081,4.572997979968979,1.01888387681206,47.11531194547167,WARNING
10.5582712904428,49.570093152480574,24.882736416138126,39.927620176854646,5.268029188559366,0.7441635878977735,11.685774872349484,SAFE
43.982073783324424,38.594607316262724,30.333088014572056,60.4847727572492,7.2374638540778555,-9.499497968722668,29.20236754374966,SAFE
57.06441825450448,44.209723561418464,20.34777485850868,50.259105190048054,9.2622745020583,-2.9369119543492435,36.5150826377992,WARNING
45.872882420024084,49.07706965221564,23.986477179011477,33.26275945625029,8.594225908613044,7.369306824247371,32.928903124751855,WARNING
47.20778346800132,25.710358723864314,36.716127392356725,66.92797490578975,2.6514900221701065,-9.66213289856963,30.100096395802986,WARNING
47.97001625335457,42.94561630478207,37.91669353380324,77.8113098538077,8.795632376127813,1.6008711059619678,33.47442657920255,WARNING
44.46055992361009,38.742492326704955,34.79643268731193,56.90717150407272,0.8732737255846912,8.521626935738375,30.910726473652193,WARNING
45.56025375016621,18.166689095813215,32.591347903375436,63.69189805834885,2.1068791703030145,6.7387768961991235,29.392070108013925,SAFE
28.993709366237784,9.334196295715834,28.12799705708995,66.52800404487326,9.654581784398035,6.185625287428664,19.582613982806162,SAFE
94.03483776701917,7.03029020382634,21.423535977273534,57.88523809533356,2.9029748304403435,6.561099459385456,54.45264353154529,WARNING
67.19878714023261,48.536408199289724,25.095847114626082,54.28920571776162,5.0124047742535325,-5.216464102852476,42.28284662738898,WARNING
59.00933994880078,22.164299303961975,28.934431119797473,48.13683239862418,0.1692935242553506,0.44190473829577925,35.058292462167216,WARNING
33.524783570033115,0.06599344921648376,26.158874153238642,43.93141665448785,3.934481532236358,-7.362960207132061,19.00332725998922,SAFE
50.768382463508445,34.6220176259065,32.60371138109145,70.18774737845953,4.520082879870811,0.3818346067945644,33.0767561208503,WARNING
81.04019408589834,21.385058540961925,34.031986997991936,51.73011843589959,4.177361945115626,5.204112490583206,48.49840846840728,WARNING
17.483691546621117,16.929298597078677,24.483445534938035,47.955497148379855,2.3037482236602402,1.5881126217330923,11.869823011713217,SAFE
79.81708026178453,39.330653060895095,27.29001929097585,79.43802029471308,5.938543647058008,-2.0119939644341045,49.715788611708355,WARNING
83.55392792414254,36.49370063213204,34.98550673648209,39.80696748669358,4.683243073685551,7.236562616492055,52.29443206096373,WARNING
50.403800762875726,34.172637171052514,31.75867466068529,72.1178393859191,2.8456083976160262,1.509505557727298,33.02736137044339,WARNING
12.323466800980398,34.51053883497339,34.63935676705424,32.141866059449924,6.757909636279851,-1.7061969166842736,11.94173064123077,SAFE
12.409687610968234,20.99537738492338,23.884658593911634,50.77797660616582,3.843390279585277,4.76783273872115,10.165267886861072,SAFE
77.42155581663587,30.351432719227333,20.45373684364895,76.5511139535497,6.862332800964477,-9.316091001576224,47.51498446661573,WARNING
81.88328992141179,10.013307735899806,31.584423791422136,53.33171849750936,4.198387823550767,7.79427440248795,48.301721616488166,WARNING
43.73612915626147,3.7672058786575366,38.93277454429905,76.02676156198137,6.844326895815987,-0.6421494373594996,26.771784773914387,SAFE
9.285947294352127,39.53740592887381,21.50955828848058,33.430049244757285,5.373838424393681,-6.7974351963071955,10.332723149338841,SAFE
0.7730267340348984,21.15567154978931,22.74434463220132,38.02577076403456,0.7691063873533466,-5.898124925527801,3.2906814082539984,SAFE
71.54841797743894,40.44636536088957,29.050672880586013,55.32769079407088,0.32655034594202603,-8.613674772573663,43.881512124710326,WARNING
25.756772564951692,27.194921035657377,34.79102297469986,60.25015306690165,3.921278549867883,-7.633518539937237,18.08383974386264,SAFE
78.07732348871895,18.189302579952855,34.72108028965579,55.64894209571709,7.386620535618253,8.145791229051436,47.528448568650546,WARNING
92.1029516053802,26.75533900003017,30.230167295312775,43.28392327514186,9.357998315292914,-0.8416166560075826,54.397369399735325,WARNING
12.759123928737715,21.635245731327498,22.54106500476008,55.12658421285376,5.612755148562122,-3.2448847701282935,9.840956451771284,SAFE
7.165061423148467,47.17517678166195,35.46706226966859,71.94405402525605,3.668683942862294,5.21662060038901,11.505615592865,SAFE
48.53728951691942,10.054174420302298,22.488467538144267,47.25254346610284,1.3755211147513968,9.96537952408137,30.0257280866774,WARNING
4.918899023202206,22.057179968453827,29.041870447807682,45.03159642908378,5.713515657069453,-7.000459516969107,5.647301943396264,SAFE
78.39123805872336,16.622385912381915,31.826851795972836,65.78196180334797,8.890421176901611,6.715748729044002,47.695531008155974,WARNING
60.83090281035596,19.419659019194345,30.064093401499278,68.43673966894013,8.77545542559473,-7.924361436466563,37.01277687241692,WARNING
38.48562624930535,38.80582992067503,28.63303525187922,46.61138820331419,4.113226968232696,2.0568949357270156,26.015800117170738,SAFE
99.98051441338015,24.64962145522659,24.169889499085212,38.14232876395474,0.4234974747641429,1.1763446983664299,58.34507797314124,WARNING
54.45720914888342,10.261696339015458,33.90658812905134,67.05535208148405,2.5909820538211124,-3.1180047194052696,32.40528077900525,WARNING
99.04716723472566,18.713223392536708,35.216033435122036,52.636271331497,7.9334482786097595,5.380464775652957,58.46264492574482,WARNING
66.77560251985356,42.73891731477896,38.7843698975537,58.99916602260419,2.374689072227457,-2.0274207671184996,42.25838436701663,WARNING
75.83057135132933,32.54417425619348,23.555966771304973,32.561977057321236,6.829615935420649,-4.978419519413093,46.2468152741902,WARNING
49.96702437290534,37.33733862562971,31.253335613126662,34.16512915558982,1.855802367835554,-5.613436319381617,32.41279770892953,WARNING
25.78642536448449,28.270169597525214,30.07931559650787,40.158001918210445,0.6755484345568707,-6.5713559105056385,17.789394015861706,SAFE
98.43813126186033,23.427347489573613,37.34691009404225,72.43762333344216,5.115195574628737,4.133754169210871,59.305444226928394,WARNING
19.275201041271227,34.419835246345414,25.44769158526579,71.60310483770755,0.8372413310890992,5.46277345770555,16.280300676577948,SAFE
9.993690656861954,44.05946184471545,26.084090362700074,62.71966824152874,4.875022786202798,-2.673937094753221,10.836415115267199,SAFE
64.54418331834965,47.3761490275619,20.825394947492438,75.9426427941552,6.0908165502101355,6.1462860153810475,43.27657615076836,WARNING
38.38749534342776,23.592148741880685,37.37701503602328,50.742398490491155,5.34659566749085,-9.596101538313341,24.395637772773604,SAFE
15.85980058380423,32.084325398739985,34.33953802127754,59.130046839224974,1.4331003627561067,-1.0918914284433043,12.926457122129257,SAFE
35.50947663631898,24.783067201754417,37.406580691081885,68.79307193293259,0.8398950138915895,7.806183955491285,25.171733043144442,SAFE
47.17671511498236,37.193107244299924,22.800784625287044,63.535976285352405,2.3632601760945793,-1.2323820571813684,30.571426629478285,WARNING
1.6862870082104409,7.5805318965238015,21.841609862472396,41.98720864691292,1.0001809002432227,3.8382005323912374,3.061719270189266,SAFE
2.903990220921937,30.887025031249898,22.814156616511486,77.25807285889485,9.330940731098543,-5.489937949580748,6.6246399733061505,SAFE
61.442129822302945,1.4002659736229217,38.63577086102348,56.149365409585485,0.43223151417778993,-3.1500001398372524,34.94406638886826,WARNING
7.684946186123421,19.647221968667992,33.39852684322646,53.494495402071976,3.837221747194545,-7.616859089190704,6.97795479885933,SAFE
24.493904569365633,5.007164386917556,36.14997463313321,36.76199139923613,5.953733665488935,-3.1451917282230824,15.489449796812156,SAFE
22.59783846551835,31.973421974605188,29.140046187538815,50.007273364227956,5.928520048922215,-0.17464743019998608,16.129945333530063,SAFE
30.34842085515608,27.953064388262582,33.38997153101389,31.334657929342715,4.658717289076754,-8.846334308329125,21.072639453699498,SAFE
18.640541406811106,28.025436703898656,37.32377830531161,74.14028395942424,0.6994401013863127,-1.6178982742658672,14.913016562442083,SAFE
58.30064830045513,7.35349522751717,35.30864433489543,67.21176292186195,9.033410137067946,-9.83027975833114,34.62839695769331,WARNING
21.668424398900264,41.35933571226609,33.41160101653871,74.71949268492455,0.5717965453026652,1.9392793143288571,18.126567365825817,SAFE
56.904657489367416,1.7837208180266184,30.27044153824967,60.47601556549621,1.9129317420210723,-4.533408337506741,32.35890314324309,WARNING
64.03473462977371,23.415047379997915,37.16027315136654,47.11908830045942,2.6665965838820114,9.697318806896856,40.385461617494165,WARNING
91.11357701300834,1.449637249948993,35.41457230613132,35.516738691260144,0.2748519482937095,-4.526089680673023,51.516065360307735,WARNING
26.93458790611043,40.96593811734823,34.213344918856706,79.0804713666007,7.115129003118184,-1.6348889348790419,21.181064424524344,SAFE
69.89276609452169,49.9729533593201,34.20283765125056,68.08406779901591,9.383650151902593,-7.726974773766333,45.271844468027396,WARNING
70.47842934477269,42.54029789837245,39.087572004417865,40.54846448558497,5.039290077242442,3.6110969528896355,45.16830519984392,WARNING
24.746772950133746,30.023643162513704,25.151575649959987,46.672851026582364,4.415186965108651,0.5838019749313403,17.124545413235516,SAFE
44.93658716251506,24.659775989396458,25.971775125765852,37.94825470113153,0.4734997732683943,-6.080425550166646,27.855951548218066,SAFE
58.1943641505783,39.30577239015662,23.38495194885789,35.427767888632424,7.4929036054925025,-3.8968333892542066,37.12148671023384,WARNING
95.14994392273525,35.71589853051865,26.535120944860616,44.47713738968525,5.236983862713091,-8.417106634435811,56.51880738145067,WARNING
11.7676512645299,8.792894065809625,35.4944718660912,55.69286796345612,0.10567122774442939,3.4703305494421794,8.860214264825432,SAFE
42.36901786604971,25.542618248189896,24.282324868258712,57.589111419705176,9.791532397514885,-8.531106179884771,26.7621375985944,SAFE
28.391739966443062,12.149879643041489,24.970986215023594,48.93531787826886,8.181097847441675,8.257173799287749,18.945619393412844,SAFE
20.22150874589733,27.147496897405638,32.737979443309605,56.091373718192244,4.340763941969196,-6.160489882815243,14.745085355157649,SAFE
48.82193591992385,20.060741385566445,35.91126725004539,68.18021795814977,1.339986812056707,-8.229618948738649,30.37971249552736,WARNING
90.8153943227503,26.775419448224884,37.156018745651814,32.90755602832006,5.265156165216302,0.7885302915247276,54.5093958247675,WARNING
86.07020325421499,4.8804999114853755,24.808911273518184,50.32691569435066,8.658414754199422,8.77766630141134,50.041016000000646,WARNING
99.27246195936279,47.95967432292608,20.118835116887087,32.3854170726936,1.4760681915758866,-3.0227580645945373,60.5944123100419,DANGER
82.99180309869587,44.632809766774024,23.73668812589166,60.983207580985436,9.173619850652766,-0.725365281373584,51.179779646247454,WARNING
10.354357195278396,22.890682504231247,27.515898045761144,58.88289980330035,4.3865868440710365,-9.653081462925641,8.773233942482872,SAFE
99.39977334136711,27.177011886528547,29.472615109692192,77.73086857520269,1.558603675870771,-6.215247949095035,59.075680894443046,WARNING
80.80147490627834,13.041554001250438,35.98454212583054,43.57667414542513,0.33187630225001485,0.34029447773431976,46.70001270825776,WARNING
19.668643412686137,37.892314646623554,32.82399266464296,76.18013339889589,7.829883572657359,-6.384480903185463,16.69868582344954,SAFE
80.01582366647963,32.08685224070116,33.3790328352125,71.61314429850744,5.738240691889402,-0.6799297129397424,49.00390913191439,WARNING
63.6641035358728,14.897871447917954,23.651942621741988,60.829391903562325,2.338483690854777,-8.401697813067866,37.23084073815559,WARNING
0.0554184585253914,30.415970070003358,27.242975669604736,67.61554853367281,3.7517639831310245,-0.2799310352354656,4.252591568509729,SAFE
40.70849728153849,32.528739555467304,27.122783240299363,78.18838249711544,9.3614698659853,6.9605580531456255,29.018290851192038,SAFE
92.03002705727481,22.45698442296955,30.728607935789842,67.10462962791223,6.9614592493854115,7.813571912109417,55.914662546874354,WARNING
71.63310272566953,49.894235411423026,26.97011599663182,71.6498871119709,6.976348228326642,3.827728904300372,46.682993387967095,WARNING
32.583559484499894,39.28008962115113,38.007520446951986,40.92742307602815,6.254968371167041,-2.1573034179444956,23.265719965694608,SAFE
98.9548119294877,23.941640791584078,24.566403475938856,49.09288126109163,6.538383898166263,-8.478212573008474,57.21326559843344,WARNING
60.36019202212376,46.5612379589449,37.00725575315701,33.38367683289917,9.933898787390682,3.9745384740775833,40.5770109882605,WARNING
16.22808243140237,0.6208044584711747,23.425652725843026,71.90879603428692,0.2163932494516374,-5.337053927638269,10.172502611013197,SAFE
75.73055953348754,29.305526794906754,35.65471420720384,67.3075251913394,0.5060138712180473,7.850228381883031,47.575818762773494,WARNING
22.70318342822687,27.669622011488187,32.885763130555574,38.43141054425477,9.762312567009744,-0.23688087825382098,16.714546344339126,SAFE
5.764269559739343,46.86310223889202,31.72535686386536,64.95965989906881,5.251757899342241,6.69475909553935,10.542449033967532,SAFE
3.3133462193210894,13.418918263857387,29.392967128053844,33.8301808156855,7.059066693266582,-2.126731718887185,4.545324897294084,SAFE
27.266799026814404,0.16894234042061362,34.396606234999076,71.69046544364309,3.9504053568149846,1.2843595406673103,17.022379458696303,SAFE
22.768662592959842,31.109882314006654,20.24274916630401,54.43219485493792,6.442054818406922,8.363835464594679,18.088094775799554,SAFE
38.13358171222843,38.25951014905149,31.953740598870013,76.35060564625402,3.983776756594306,-3.6180932025402406,26.663827106716706,SAFE
88.71419986941437,2.462220070414456,22.727707858673536,34.12022172920222,8.431099565764026,-9.787851532593612,50.36819043411377,WARNING
86.16571554970481,22.56338976856334,20.080505577079414,50.082258860602096,1.8680084104503558,2.488009749443261,50.4885725637813,WARNING
67.93587899216466,24.376378520249993,20.8103905087934,62.806440218360095,8.420387836055212,4.40648554652803,41.95449028430227,WARNING
82.99579189553185,10.025476177544373,37.77775879312965,46.109672532398136,0.13404814251991026,6.867832926581414,48.86390646577581,WARNING
94.18212689647267,32.77790987086744,24.628732609268493,42.58722321412652,4.665928734356195,7.956621592028391,57.29178374410045,WARNING
14.959765614755838,41.29868347917435,25.82605617410301,70.4293084714549,9.202711976015387,-1.450122560113595,13.880643267111815,SAFE
36.50506541055309,40.11106594856509,30.58965764758788,64.22245242315987,6.228292369611795,-6.9422230871040735,25.39091269267869,SAFE
84.47903602895617,9.788755570656809,38.64564288141561,42.528564571107395,7.338809732737419,-4.306892130128159,48.86513977514386,WARNING
31.778540858686387,15.500092639115264,34.957845080521665,57.84075589846965,8.829524558474972,-3.8525456159191034,20.359613013062354,SAFE
69.19925220567443,37.64742998315553,23.029642260599164,50.029467865990554,4.828174943504111,-2.886252202112514,42.16573173888127,WARNING
32.21125959691381,34.32099469988209,24.31732795318977,65.46953726255643,9.350441963907306,1.3039504235550226,22.68421489666551,SAFE
61.1434236739474,3.4466351062044542,37.289538072356564,44.27238935999328,6.150511655285649,9.582243394896047,37.098378228653175,WARNING
59.55026005728078,36.23547437321888,28.90639236447504,33.01829217575287,7.975993494897885,-9.300023174720287,37.81939515300732,WARNING
70.0657828887854,1.1460786574818471,37.24610473153341,37.88180179164903,5.142714954425511,1.943014089662947,40.51474216722824,WARNING
45.75454073734121,17.03817446744436,29.356285923619435,45.570787694057934,4.3812234708086315,-2.821740180039387,27.527150937300608,SAFE
56.62048235071453,11.896208112249173,39.773131098280246,55.04349766910828,1.9416207741450964,-0.45866500865455073,33.418798581194594,WARNING
86.64151295248243,1.0903396562197798,33.59108238214578,57.39838983969641,1.6955799437013552,6.349528786098414,49.916024454984175,WARNING
36.88846223740057,14.690101440775372,36.562503837138024,61.926252309583234,8.982590836748244,2.5976740734239883,23.90076653850612,SAFE
74.08176579321153,41.822294812980644,21.09479271819874,68.80244794346902,6.137064818495768,-8.609844069696136,46.369436669752716,WARNING
50.85779218687151,4.122903899197694,34.71894403446445,57.325085694894156,9.535735374122973,-6.337292568564603,29.713064347873182,SAFE
60.60334525203784,10.579106728524568,32.28129969454797,66.13248511804282,7.223043293295386,6.301479813652197,37.18188792949802,WARNING
85.35502279583167,3.8635863133588524,26.86534314144808,64.35612601799028,4.985862873912121,-6.18648106490417,48.39198777071083,WARNING
55.2709570166698,20.371782638307188,27.8007655530861,70.48768587178319,4.075983338321812,-9.470909890391518,33.80442636115867,WARNING
5.806333889109128,42.81220208458102,39.212016200250424,64.42046682278539,3.643682941000802,8.77200631589455,10.842913408848862,SAFE
66.28030863757358,42.21667745996688,35.317046080740184,48.95696578862962,4.787022008507855,-6.277356912638011,41.483192611693084,WARNING
29.201410044073405,38.90628306432609,37.879567837662165,66.22302116257059,4.651736966566383,-8.26981462120505,21.639120129012944,SAFE
5.694794869844822,18.71627823064269,29.27643437535326,60.456031110664846,0.0648952138699721,9.794457809326126,7.702524598338551,SAFE
36.39388834040429,42.40473319005607,30.699334113308087,36.52197272666732,7.975655525345219,4.196541498397522,26.454071051506773,SAFE
52.7436084929228,25.727654566689,21.74959211501856,62.792447428693706,9.112451557542997,-8.135101615572832,32.83951547133735,WARNING
26.351145064890492,45.11539867210494,25.686878196395867,62.69718360899632,5.348181649431441,1.9265521000772416,20.326592245656894,SAFE
41.57889015772531,14.999573527685556,20.97066901459338,67.21404696470822,7.460934621942268,3.414514801574464,26.486465528435225,SAFE
64.36337881196206,12.18585660837631,20.446898675325823,70.43576984427199,4.911385356958268,-3.8632373859476328,38.11345683371199,WARNING
10.193190678057007,3.1360795450694203,26.977334435903547,70.23685323834702,9.187237493338305,7.935027292261296,9.07693954427,SAFE
92.00008347496549,45.386267156467134,30.544495032007916,40.970781927845195,7.980465828368204,-5.72574050294842,56.26638157350428,WARNING
26.720727675656907,11.662716091127423,30.299648073916117,46.091375408454,1.5415604962534146,-0.9365317621223532,16.40016348880982,SAFE
87.3907238785167,28.52764274749861,37.56671211775174,39.79360925395687,1.66973873672554,1.5115425139684042,52.44211299075375,WARNING
46.33289015462731,33.008632082347845,35.89253582053563,67.56536478260882,9.422611736585612,-2.034871816859769,30.67797841026631,WARNING
20.638674224818075,27.54563199739429,22.214862403823712,44.44255616658157,2.0788805526314444,-2.068725664058382,14.626907122500679,SAFE
11.121657500221538,1.5920872274048925,33.13588009260064,60.51244891449024,7.083589360386612,3.2077288054268784,8.204262027321587,SAFE
11.42946811423835,14.553944068782315,22.590532198007047,72.14862010242817,7.469036553555233,-5.969459941635151,9.342958092608143,SAFE
34.13092404898934,48.33074961321071,31.883187157593028,70.05777986505785,2.645910347687291,-5.798941596413895,25.08442705678212,SAFE
78.39169288465484,34.29362276157201,33.61955858423528,57.63172909145969,5.635783427765489,4.7139501061250755,48.5819369391154,WARNING
27.00024811211953,17.638423292847786,37.4327354104011,45.44326005060789,5.46309571379299,4.052789280133682,18.547165200656565,SAFE
99.99248268331765,21.764566574766597,28.561857532498877,72.12941897168338,8.055031112598632,4.621517634690971,59.783941041078606,WARNING
46.32296374090289,16.19695600803579,32.17460965169697,73.81116465658204,8.837774582085865,-7.830033098591231,29.088503102818414,SAFE
42.83502838131506,23.236097809937473,39.55230735047506,63.89990076212923,4.072464172620705,-9.47884228028814,27.509109004978285,SAFE
56.53851600991959,4.8037987819178065,36.68899914695526,67.6259330285181,4.605091599081788,-1.4157844091660046,33.27256487237531,WARNING
89.73389655687687,14.42291752090642,24.980399242135416,76.9598716412881,8.092458367534826,6.412511861343894,53.832033768976075,WARNING
19.519381427592553,7.1647995715467205,20.520590996342698,41.852075445934005,7.7419049171432475,-5.1992316247170045,12.470601666073904,SAFE
72.91032835948762,12.595413268371075,27.905849959013434,79.15811449557043,2.448117312841356,-2.472587454034647,43.08582601292656,WARNING
30.108718046521364,5.481249316500114,29.7978828426165,48.93453316665011,6.948870858072801,6.351890939030923,19.018909071744908,SAFE
54.424971449563856,1.6098211043668431,32.37844712469443,32.76953650104696,6.1635632359902495,3.7005989853837704,32.37345989775545,WARNING
19.776762761751844,40.967307436088554,38.22170263148097,70.65434820569098,3.0510919021208216,1.7328602489126883,17.166879449319545,SAFE
91.48151491912277,16.033236311142495,36.400556445308496,30.473756563084827,0.0364670278467627,5.194233206779348,54.505166823491166,WARNING
76.14475821271212,39.448859392614686,38.60053675776325,35.89531559101421,2.3198498498368836,8.074498407476153,48.94065618857766,WARNING
17.723619777235346,34.1114633788292,30.609260000816306,34.15968384257536,2.8526366194153283,0.40744432881935744,14.455736720009046,SAFE
85.23501166838341,35.376924480733685,32.43766322909866,54.80164449707074,2.986839838141343,-7.615101773614777,51.17825624389978,WARNING
40.90760345660955,1.4259246955646288,24.22111778533701,51.62416879363299,4.186051856719151,-9.114091380060152,22.971229513942472,SAFE
58.90601535252913,27.48421279266181,21.562086080418258,77.15815262302196,0.9938277895086012,7.096683024746721,38.14556104471217,WARNING
0.030973191500593966,44.114054752269155,20.39439464408625,67.8906015946058,3.6169081130025296,4.764336002726397,6.686963684273627,SAFE
40.17452054249785,3.5453961165920864,35.35013390790728,33.56263426606825,9.22120435961218,-8.980519284166773,24.250961110105592,SAFE
47.93252777715155,36.15172154253978,27.864929295840753,40.861673729621735,7.590909613960271,5.685894095774529,32.094949509851205,WARNING
92.26949839543673,18.808255521553885,30.12503468994654,48.1564221423036,2.570818218513682,5.020659230752171,54.110153054103854,WARNING
33.965184501695546,21.407472099617603,28.073473152480556,65.6330612823373,9.177956261106798,3.335121226147546,22.882847465920054,SAFE
47.15825960942326,38.96025573694417,32.81942648244275,33.03051785589067,0.9566358641884165,-9.241661118527333,31.120345583414238,WARNING
45.68163262063199,41.29267171694824,26.261663387027042,49.20800915462408,9.094771083678907,6.738068906333098,31.15920016011313,WARNING
66.504811238256,13.340189104612566,22.34082965376887,30.802941134005685,1.0701067260442088,-4.148071127521145,39.05798188841553,WARNING
55.17900635794957,3.200004137619344,22.72455556636898,39.054035115397056,6.319820929833062,2.3157959796024876,32.10867461895805,WARNING
55.07657263721529,12.52507123479698,27.42239382437464,34.83448581688715,2.264606037580549,7.954104529451609,34.128068682091836,WARNING
97.96917464358285,32.38297928201474,38.336465840468406,62.13709502007126,0.3319648610546988,9.93525169972818,60.39867060819739,DANGER
9.895230168653491,34.132090072253035,25.0567240614958,49.599055645348,6.459341848009382,-1.2702530138458599,9.201436113192583,SAFE
25.054605893112825,16.722309343916237,26.83096233846353,77.96619522541069,7.98613015923451,-0.829024570411999,17.341428561759116,SAFE
19.98209203413641,40.5508055131328,23.14364943216747,40.52311085710017,3.6601339184015114,7.606963917039803,17.316292634952962,SAFE
13.178666863411026,6.111709642726304,29.87949976610532,43.82052705468374,5.687279416481599,-0.9672663063355298,8.696750345543855,SAFE
43.49591063512168,5.598648524349664,22.820993804996803,71.05392887234251,8.858827375717444,-5.306329342294996,26.08720382390505,SAFE
11.346050152476906,2.6708335967255303,32.165952274837935,65.76766062501028,3.728099892032055,3.5935173498127924,8.559200053091423,SAFE
71.2958815559526,46.76711406984527,21.297472756702145,39.61458616155399,0.6852598759698814,7.35987866672221,46.1000820439886,WARNING
79.25871600335685,28.73210353109195,21.673268201023664,43.66561793268598,2.9771984805851694,1.2148639203083427,47.34039255636092,WARNING
25.804389403671546,3.647993195647742,34.61524603706599,44.954010582770564,4.5237417702330065,-7.446667300353893,15.516462352810548,SAFE
80.25483033945797,28.27659384620288,38.03171252419726,54.77357815326667,9.414256718178798,7.8373640876265185,49.89626625862962,WARNING
57.64598564592339,46.694671907493166,26.461774945891044,48.282108135210564,0.45477951306036934,1.784018135277062,36.913285239249646,WARNING
72.19239699289334,38.67595951210516,22.996325720922066,52.207953615625016,1.7686321209391564,3.2425469770849773,44.52093669350096,WARNING
15.794637242176812,45.208184197803746,24.612692913228265,44.57011331441224,8.509063221509997,-0.8306477970855237,13.9241817526711,SAFE
2.3995945800073026,24.72931256013229,21.69086670760246,79.26723593436553,5.881115704556024,-4.869347647780431,5.715582521583201,SAFE
56.37176795476178,3.843355169087742,35.99782608537634,76.26640269320819,8.744443882061596,-3.164847954028744,33.68924152506006,WARNING
32.57681196433685,1.7543805608149998,33.028007174018335,56.745239209489746,4.5934637132734135,8.15261906669414,20.69154395464467,SAFE
16.787890108284632,0.48331333450911673,21.46632904241531,41.168571891368444,0.3328554926345695,0.05687421286270933,9.927943463522542,SAFE
31.409045523357804,9.024150403406633,35.00168149897324,40.2225663116265,6.876051009937933,-3.0147018830472216,19.510148388051693,SAFE
51.18277606625546,46.693351992565994,20.747032696316257,55.0132253738731,8.544229603276182,1.7594849674069692,34.06228014322015,WARNING
27.687051696515663,19.884056757251717,33.60531257457149,74.54059471569016,0.41066373746611595,-8.569223562192471,18.894112660195173,SAFE
32.50515236095875,11.63898422187395,25.29861772444812,41.06349993129405,1.9582504885515772,-7.387520662614165,19.60140063479999,SAFE
93.3954131795238,7.209473195307653,24.088075495310726,42.31328619903928,9.330148731304206,5.1142826720216945,54.0077204545209,WARNING
78.96994303155147,5.237912976924902,36.72619750031343,50.4096540908709,2.6282302621238873,1.5150016704062104,44.99846439179245,WARNING
82.21829058167339,38.93260755374547,37.79994965162264,76.4066093007722,2.3812207142774957,-1.5228421166145658,51.19270955862853,WARNING
1.4628539205070012,43.966082963253,23.091443029495352,73.07374061713472,3.2938732198659637,-2.637328200377236,6.614986492979417,SAFE
3.9132254483859374,16.34393948826598,37.76727365602528,31.27737005608021,4.063274730467254,-9.372007403745178,5.56432686195948,SAFE
37.0923425109065,8.63203203901456,25.04436786536744,73.87991865807095,4.36049220621891,-4.524040171961756,22.678230521382897,SAFE
58.93383779505478,7.1053479916291185,25.187832148417115,57.31239838014443,2.3752304184806885,3.582554748017465,34.334429583398645,WARNING
49.149130225952256,38.59945351273454,38.96489071444937,35.790244467370385,3.3466500998454487,-3.6090187424318687,32.46803179289342,WARNING
15.118291933725425,40.51515686667354,35.1975740807758,54.22127354171995,5.377707777946096,-8.809117239950075,13.35640402023843,SAFE
55.55073523270456,39.56707620098182,31.476551471677144,43.26531850602095,6.6754827233433724,-2.770231400695047,35.50394778253567,WARNING
54.48732842857352,24.378268163946238,27.623500019303602,65.94389901970675,8.838761119858818,-9.895749630461502,33.77616546005352,WARNING
93.36165192303673,25.575756804161248,34.0146376072653,72.78122830879386,4.671036923142699,6.6994814672978045,57.069725673505985,WARNING
17.761981945520223,7.958376723990723,33.149427377123075,73.50715027758686,8.924261775360394,2.8748091675449317,13.168931547447697,SAFE
52.548923020931745,16.56965438482581,39.60000831198663,45.984784333312525,7.441861072315932,0.6396359981000153,31.98965455216455,WARNING
60.85123425253467,19.67402752943131,39.29646250944496,58.58411630496355,9.3778763045879,-9.848171676521718,37.048504347787016,WARNING
57.267058319112095,35.85934448626357,34.90160342324436,75.24884408908406,0.044016090037862776,-9.99339681481047,36.842539704256325,WARNING
47.226346079521534,1.4646852502685326,39.49065107324749,41.1032587270696,4.726647293648448,-8.777247399755527,27.526660850755018,SAFE
52.20484161712585,18.997806257370424,20.893200577544476,46.756213334811235,3.914360202228556,9.7984298254988,33.13537679474967,WARNING
20.788587191937545,27.238980768504984,39.74631098397258,69.60096039700676,9.93367500882089,9.365966293203385,18.244861610546835,SAFE
48.95395420941543,34.81879249352829,22.208862538823023,52.0574412523401,8.090185422666975,0.10670641954286708,31.074833555249093,WARNING
70.26990328172319,37.287566499213845,25.069382824857875,73.78496864712827,4.59822430909179,-5.796297927569125,43.79983224392305,WARNING
86.54158817884438,20.890940305312682,35.00624876759439,57.401653611079645,3.818717522345004,6.197528300771388,51.98780418410092,WARNING
58.446993164461304,19.528105121351587,22.191957406702542,74.7722656883354,0.35469585341666554,7.263746967361126,36.948156352813584,WARNING
35.996152488315545,31.966938175070293,38.443994476713705,37.58533077519492,5.669504756388102,5.28865724740384,25.628717558456692,SAFE
75.75838327190574,26.281595729975198,32.49478919812916,67.87634970664223,8.410276377574117,5.236261937517275,47.03159352416641,WARNING
35.40049431812427,49.836320052886656,28.690053874386088,31.22323513794667,3.6261695158546203,-7.4443409085231345,25.75855329287171,SAFE
12.1442615728375,14.076752005344717,21.067509883545217,64.42560942047815,0.7398888420190508,-5.934208891280877,9.041918484542697,SAFE
9.289971449411938,3.1583865451515534,25.355033310790834,58.5949483830185,9.646855564468417,7.511133086992125,7.857391432004033,SAFE
87.59339254453248,8.803351801882881,25.2981438699564,33.819665839765285,7.7846833991518505,-8.60367397028876,50.269859151148296,WARNING
55.66956708208532,12.393778616197537,24.868912680574894,79.53625276238026,7.567798069785374,6.738787165821002,35.06715409751042,WARNING
57.198268534401265,43.55071436968746,32.90981078332706,77.30868523981727,2.8133858604563677,1.9063909156579015,38.096991408201056,WARNING
69.01313479368922,19.646865251390334,37.59415964808106,78.99015815520772,4.937694913726616,-2.1871869039132186,42.24801129751888,WARNING
47.19379285564587,42.63683728659658,32.90936851036335,32.238618625904756,5.421699104457148,-9.653997545180603,31.774892248710675,WARNING
77.85353710034055,16.415613677123186,29.440149642346586,69.9339052953816,0.46448817285761557,-6.829169288167791,45.70293392842891,WARNING
39.796037644511486,11.49625817727803,26.758028515501262,79.90873689462325,8.254144375738107,7.678036299202169,26.569099271342683,SAFE
93.70546335657754,17.046794015709782,25.941539155929455,41.703124628603746,8.301169113081226,3.591037245703699,54.837870878849714,WARNING
23.61719824828773,18.849691460522745,30.134235278655964,56.40700286368768,8.887277285517147,-2.388677341055674,15.895853954003567,SAFE
90.85240305005124,22.06837801598948,34.927453495847075,76.5127159992528,9.075757039632663,-8.860942654086376,54.45145580586376,WARNING
20.570429497656985,23.845271276613754,28.631085799062145,62.04458324186035,9.447090508254123,-7.751905774441024,14.95440132883155,SAFE
45.185866513424045,9.620551894356966,37.88215196795895,78.22900929008264,4.787016818903501,-7.919794045437185,28.109190675666177,SAFE
78.52946667226732,34.85706752461995,27.09341653220621,74.37037369844818,9.758318897827072,1.1570769826039076,48.71943427515387,WARNING
56.57279113442924,14.875675255688892,31.690120719666282,51.98211602624232,3.021910269280519,-8.656296069521973,33.18731000026443,WARNING
25.270785970912492,9.89273248388322,30.840839691078976,60.08350108817969,6.085717243060165,-2.2363799790864185,15.988708433506135,SAFE
42.1229733685496,41.711921482032,29.52465627034325,79.38866660685612,4.396172300088649,2.9916188923567795,29.85262603824124,SAFE
5.03629989933958,32.66699622094054,37.02852788830012,77.1228919266648,9.973206116397705,-4.356427087015337,8.492895863298957,SAFE
57.537006482571684,22.535899276607367,31.27634961150342,37.87264785949233,8.561495725959414,8.191378866891753,36.88547914035204,WARNING
44.966166311292255,14.021493078678843,22.816668553060246,64.18824123889021,3.122318396207352,8.190771398267774,28.74638961283405,SAFE
67.101247484487,32.28426625871204,31.188042317964815,32.28881697143628,9.31922435685587,2.558749865989201,42.306785200706116,WARNING
99.40619833831104,26.867820238644352,34.20221783812426,32.81047789331111,6.317361768234109,5.292992231807146,60.0542446419493,DANGER
77.85142948525574,38.50558261151427,24.525652545873353,78.7699238802613,9.951821206249388,-8.488082496767975,48.62864910507394,WARNING
93.64464228117572,14.472459715218466,33.785681635019294,46.905546036806605,9.677543233731216,-7.9699228339292905,54.02968316776569,WARNING
49.774681695637604,21.40238959710373,26.5204690455597,62.27669954400743,1.3105574342166748,4.333248362673938,31.138349866035036,WARNING
98.05921238047873,40.22793572343151,37.20033505819091,47.98183715895013,3.248866064812187,0.3409670938026643,58.89692199856964,WARNING
4.572661476227269,47.26790672282663,22.875703460323844,75.15065195840462,0.835822220003557,6.452498553571203,9.937792730826121,SAFE
15.196252587821512,1.906580704573635,34.38978900518818,44.01326500872142,7.1449615278434955,1.1017050094563956,9.895012271865989,SAFE
10.880739023006559,46.606503665058185,29.046283495269552,66.7223638899344,5.010205720156251,2.087229499224094,12.351445384272255,SAFE
30.277359235669245,10.018015200172513,30.851404068161358,52.0109486485501,3.9011321343393313,3.4513439018924608,18.932792122566372,SAFE
69.0506632011136,2.2960028045631518,26.774889884873442,50.58822751131887,0.968921611641681,-5.281982666034233,38.37406699146049,WARNING
5.164179722275664,49.81210493085103,34.73114405939689,34.37250782513768,0.20249379790092115,4.3857560030456035,9.976717042553846,SAFE
43.91921656826669,39.3398354532288,38.46952075636767,59.96501945081863,1.8710842291725305,5.643880720929051,30.483610023873315,WARNING
95.58117431743744,29.011564352997798,33.63994894561467,46.87373475183365,3.8152769466031122,4.693089957061279,57.188494858321846,WARNING
92.77710984068192,31.44941936121761,35.79695816970695,38.58175087076865,2.1195909025797355,0.6406937366678012,55.51723100590628,WARNING
17.655419224284053,31.74975351104618,25.833063707893977,69.5766309333446,8.081103466143434,-0.724250884892939,14.30999582982995,SAFE
18.081063503763527,32.33874805409663,39.85574036527173,61.129544897126166,0.3577469071400785,-9.654120484658348,14.495611340956502,SAFE
32.03619704923062,9.789190343020243,36.26102414286616,72.24028335180003,2.5861877131047617,-3.487104461002146,20.40320217176741,SAFE
23.624696771511466,45.4191273685632,30.052986692445643,62.80685220410099,4.154820866996033,2.6202838700906224,19.160285723382888,SAFE
38.58553767217361,16.983921886461275,32.6896014634696,59.553103902449465,2.9352795416794963,-7.013030993610531,23.929337153721544,SAFE
36.857669383813764,20.75988195709546,32.5736866684921,75.72643818184318,0.3618479753292514,-5.126779749163102,24.030804998090343,SAFE
19.371594227956034,25.11472043468918,28.594016140863197,66.45188119100942,2.4241591254486385,1.8899673149951717,14.667345154709837,SAFE
88.38572635999593,45.53388699591523,39.17569209450062,68.66305760399942,9.05987906258915,-5.309382560294516,55.260469635643744,WARNING
19.758094435047703,0.32440418902632273,34.13688714858196,76.87335939068723,1.8693534504167642,2.738871508537578,13.341146659370684,SAFE
74.64597592217775,46.38071175740283,32.937204480344434,78.51468663743762,3.4467314101254773,-3.0014293245718466,47.688289059333435,WARNING
54.30125100143456,19.175094055795356,20.02851456575065,66.58860125434937,7.517170414784834,4.93949209373541,34.22495873028481,WARNING
34.50206666104666,26.114473665558595,27.19947036353339,30.80182000153229,5.624489412714188,-7.52478667831978,22.93869101886729,SAFE
8.00413240914406,37.77495343483936,20.19012404836211,77.9504221804363,5.152553641125769,9.660328614122967,12.007476479997763,SAFE
5.7997572472708425,29.176477443295664,26.986540719518224,72.1741246407143,3.6122273523428627,-4.790248418853018,7.496158865957298,SAFE
85.75531270999133,18.73265458266305,20.33666639721123,49.514455041966684,6.545222690109419,-4.9128092238723635,49.62339251130811,WARNING
43.19875924251573,2.835756914111276,31.761855830279146,67.81474619301969,4.133125614011103,-1.5953473439707988,25.478379656660277,SAFE
8.828249858491644,10.097043225599128,23.093506062558255,54.084388433076896,5.292555409507501,8.978802625685201,8.225174158868665,SAFE
7.323150427723391,29.99339865775236,30.529970546564826,55.81165489679146,8.731592873828264,-5.889230586090271,8.03073351688233,SAFE
4.077327434137146,33.61357538170962,26.903149282719603,30.87949581062623,2.513740072904138,-3.813464515663762,6.780757304196268,SAFE
61.683837678424204,8.629289702463605,28.26108695906796,54.123772220891624,4.592373913640909,9.478815333335636,37.28366441472682,WARNING
4.550423779029611,47.54840932261997,31.638744279880665,69.78638574849191,4.3039261801607545,-0.9232423748603917,8.794026821154949,SAFE
87.93264990158237,44.79672481459511,24.77377762862595,39.96209392923091,4.96235173869951,8.005540542553831,55.20506204488271,WARNING
32.23550934061763,32.600730766956566,34.16303375481202,68.93373324470778,5.639244579209633,-1.9508964344206081,22.67640379297183,SAFE
96.70159887989729,30.566537665142633,34.57130423266541,47.24914228479392,6.699491810030801,-4.844046756717482,57.19361583835289,WARNING
24.509691752863617,35.73611009047132,30.427894725258703,64.16383052111948,2.6943849074809165,1.9744668211346088,18.563140345041997,SAFE
44.393364970311254,29.848014342276397,25.817594644884387,65.77254818245619,8.059293661594655,-4.8016705228455265,28.63362399234559,SAFE
30.062055985564207,33.05771348595465,33.911703486070884,65.2049842198725,6.8269850477583685,-2.143845660949224,21.387085778340868,SAFE
39.48536744036784,12.740881182219072,23.13667399792726,64.62886896984529,0.9318878597231284,8.755845735735633,25.613413499153406,SAFE
82.66863036714514,42.8752869978628,38.13337629230381,50.430248536162004,8.46700723350401,-6.838773994167013,50.8568070048146,WARNING
2.1641794608235676,39.244569733192506,21.495932959938784,79.42623336629609,6.747964296015559,5.0689942048421095,8.11246775285928,SAFE
24.580385627786594,33.693269695984405,20.864398745099145,71.89128599618005,1.6962409303157244,3.9471613366754106,19.064127741285983,SAFE
22.448050123272832,3.422658471302137,29.629873570987886,38.464310513639475,7.294439883265498,-5.248683132330303,13.86169356196097,SAFE
34.24725562358289,28.371962563223647,25.69936555154623,48.89940581049808,8.156217710403867,-6.415803008779486,22.170995721865555,SAFE
8.220158948193369,16.417889256650962,28.487535340277564,57.13296410682838,3.72423696175007,5.798234004456102,8.039759968505471,SAFE
3.9319487668473263,21.5883769099279,27.645118293128093,62.37892454034295,9.66276251897396,0.20750813257724232,5.597251406896518,SAFE
98.68768469417205,15.112469745659872,20.61736265084922,38.28315837382064,3.9512488477456733,-3.673321816228956,56.79200994751441,WARNING
9.705413098337768,21.633005384535842,26.762315433191254,36.13096102287192,2.9611713061190894,7.728721107107809,9.97664824978284,SAFE
30.204886548934017,35.69777116210258,32.240941593155114,51.35905812041859,2.3902563680366917,-2.6197060130810907,20.731977522204488,SAFE
59.210721347104275,17.537660737467746,24.297928671484637,35.823137444581604,8.797669379095653,-1.1937404849618876,35.5034929778056,WARNING
62.520832174293005,24.520518056840263,37.45133036715927,57.346742622410545,4.8078141794911335,8.492019808434254,39.76720782168508,WARNING
71.96895960453546,5.577495367342866,23.55408922393628,69.3561431469721,8.358513211799544,0.9038165818059305,41.77946899233174,WARNING
55.44552278666393,31.596648142572224,28.782315485652788,64.0099561741952,1.084812575664157,9.225584847347726,36.44367352816754,WARNING
75.01548237949217,31.558710200450346,26.326441140189615,38.04777437283646,4.093429638289447,3.2315348114811684,45.929298111344096,WARNING
63.370974342311094,19.132057753278573,32.265727876662595,70.68741477837739,0.26284772337607065,-0.9875790413944863,38.17804118251976,WARNING
75.85552284667911,27.30722352316886,33.029521758581396,55.8338196302671,9.91874544682311,-8.907569270219236,45.640364259773975,WARNING
49.10448217723773,4.570827455725884,23.195711242271408,49.15191752091309,1.555400915004873,9.273743319133022,29.529685214470963,SAFE
94.67897767251591,16.80548231103019,32.79495424075359,56.687666029689304,8.155869805157685,2.5489121963388435,55.395692894034575,WARNING
0.0252454490562104,38.15871928048694,34.93696242592236,55.486135278324056,9.029189732330538,8.168924113808032,6.686156119620064,SAFE
52.39116767043972,30.399411559826884,39.930441438493446,44.94101174057087,3.246172423114774,-6.344521946730072,33.0168634807764,WARNING
89.5866939157868,37.224419497463316,22.11285697740484,79.08836755989827,7.309617081611161,7.0104421920994895,56.3614684250542,WARNING
4.8150789173200925,25.248045947108384,33.97196573454079,57.14732922859206,6.666474656992775,6.357481271809451,7.58388273460506,SAFE
37.43370629601962,42.43343378093549,23.258322095305815,43.54430275131874,0.43345619927325774,-2.7114637732949776,25.263423408536774,SAFE
37.99095448241203,40.263529860362546,33.062613405793115,51.836127907783336,6.521139786237482,-8.944332989686178,25.742372006353566,SAFE
18.027153601837608,31.34739276208775,32.82733638450605,68.70673293537135,4.029997590536022,4.451081932323124,15.468093489204755,SAFE
68.39803325601895,48.169668918492455,24.302604528493582,57.58397818763197,6.017644421104693,9.972957698684414,45.14542762640871,WARNING
20.11841421666517,26.16090099836461,26.92370615427278,56.29464842894999,2.3212860210310593,-9.047752431450238,14.208199949214997,SAFE
57.25654538976889,16.79271579304161,23.63882803496867,46.19677830390169,0.4928020144774492,9.008844681802067,35.25500026381782,WARNING
58.114791497326046,40.73843406735124,28.462363950954607,75.16573337830928,4.833182215522534,1.478906444013388,38.005823996306454,WARNING
49.179398006265686,36.66391479338258,31.33312155204125,43.579946179019885,1.455395313226463,2.122487777659554,31.84998647262869,WARNING
48.91799615470362,4.798784834805647,27.91234931586537,55.738821100022676,8.2689323382559,-8.477978883332753,28.230781506274756,SAFE
34.84953482460029,41.13280613551927,32.96847863543157,44.497916090189335,8.453351220226423,-0.13412838874615218,24.376720455355525,SAFE
49.83518913104605,48.829366960019215,38.94233006472757,47.9266341684922,1.405791286630823,-3.4866653544381183,33.16336507722056,WARNING
3.048326031138804,1.0383943355195602,27.910442725028382,77.0509911348617,8.713573412322077,0.22885667835246082,3.7599404499593985,SAFE
56.52263811708307,0.29667483730282385,24.31002311667531,31.238706346719187,7.545395326953876,-7.087084079470046,32.46695174130394,WARNING
86.90471024768169,32.16621568378941,24.588373530314268,37.88601585416249,6.276247009230531,8.016739605646471,53.55765300697085,WARNING
71.83602189143816,17.42733258016888,31.747671905372943,45.53808476862107,9.99149566778659,4.976783769237024,43.307956192382214,WARNING
61.438163975675366,21.16295713829146,32.36304580519115,47.080803123366735,0.28864839458030755,-2.098229552867343,36.43583045427084,WARNING
93.0480819579867,31.31505473869329,21.679114061418034,74.24968066975129,2.688748493415148,-5.124610138345451,55.82091630584944,WARNING
29.70909687803208,28.860111806297873,30.893761868679533,54.57068773114409,7.17536863512627,-3.6692453733008197,20.108005375294926,SAFE
78.2064521572431,8.766083918929956,35.652415781540185,63.190505262514144,6.8320830954758645,-0.36893205745480095,45.42390728535321,WARNING
66.70015326808647,3.98985232797287,37.03102234098735,32.7773616743823,1.4874150987149748,1.535794169944726,38.92828215249979,WARNING
73.94114554566914,3.812578217312673,38.41529628244639,78.68038244003493,6.059501730077111,-0.37513089246326814,43.45664689447723,WARNING
74.13949722797497,16.417867616360272,29.86528868210213,75.80755134072007,9.556554252415335,8.5413823210237,46.138256414988874,WARNING
26.244806696384014,11.62345201083817,25.953290118586285,52.06555561942301,3.141674127919636,-2.5157440852188406,15.905014877391473,SAFE
62.063695212075956,38.1262838546988,34.71116396535834,70.7211783539576,0.3218440321540217,-9.045324206424878,39.48537006968515,WARNING
78.93829606886294,26.653941116231593,31.562813475242407,32.629343010718856,2.5531380117127087,2.767086097709555,47.959204592851506,WARNING
85.91818901106761,45.84916985907013,30.008389916701635,57.27371163690988,8.33049631068991,0.7524920149470926,53.02104923819869,WARNING
51.685852553731735,45.25420188804768,35.798654421117604,75.45362631806472,2.182470547811538,0.4875097331071352,34.97187860432835,WARNING
84.24721285933579,5.557391373355447,35.893243085879234,39.148669170743474,8.081187549853212,2.240018751137363,48.830998033447145,WARNING
19.323599148486714,23.667708966640056,33.63810332921543,61.69264504417712,4.272471962317043,7.98733057841854,15.822377560800886,SAFE
51.92634144878443,25.29336492643442,21.245011798829086,76.10601948988185,1.77116568678373,0.5668938687310838,32.78381173211292,WARNING
80.35676014003101,10.772663847782166,30.54746579941682,42.034245461167046,7.596949977999118,1.286823357463014,46.58635764910033,WARNING
85.59758603951435,44.72790014386914,32.97466964890796,66.26956230794723,5.492200998868637,-2.3114253386523416,53.038283983906005,WARNING
64.81179230208346,45.41443117436644,28.33360760862876,45.72050131868977,3.884369385525741,-1.2920473957680088,40.762802667355786,WARNING
7.356102897771621,24.92209202174972,29.886284961001195,59.422191382026156,3.6282003047133147,2.262151919111794,7.887330012158756,SAFE
87.8216310274203,47.77354952475822,31.672244322820994,32.12954769851565,9.69235997267109,4.117241217925125,55.61445309099083,WARNING
33.59636485536521,7.357885048186169,22.8683722447255,38.38722030698014,0.45572521613820305,8.043083773058232,21.53241256310276,SAFE
54.076823282733635,34.997970635691864,36.56217018536615,69.57705031666,8.826056237288416,9.345092450499038,37.10933219613821,WARNING
43.90706147419395,47.51677333341953,34.465798966856326,33.533409515403925,6.817831212123454,3.7343331920969725,31.284938815746816,WARNING
90.58605637925271,18.646606623504603,31.698230005436358,30.609377550587126,3.32075242181336,-8.755125476824382,53.15747191477258,WARNING
52.187297276489694,40.87238252534766,24.12885384258138,56.372052277888926,2.040086365107671,-7.586230643075192,33.254415994624864,WARNING
51.09967919343424,3.9574310474863816,31.747092622759787,31.566873033836313,1.0671497186837553,0.9999497097471561,30.01292506846727,WARNING
59.14074128989139,1.449346504687904,31.46753576003117,71.92512626618185,7.223161772939539,-7.376297921584028,34.453133549866685,WARNING
59.24746475636149,33.612625003710676,20.744624035045835,72.76738343418114,9.062673972898303,7.009045467245173,39.1534488784206,WARNING
82.46314679891132,37.248259923044664,32.6686406256392,63.931350249412596,8.06395293334983,3.2499691672260926,51.212747755571,WARNING
32.7726956682071,18.798055108067697,37.941149367445846,30.856104289858095,6.98820581244282,9.095551048504309,23.677560882523068,SAFE
70.62281699579736,49.6955994115891,33.75089811056662,31.718151460843053,8.270098816469236,-4.307401761213619,45.577251562157116,WARNING
44.60572256644409,15.604595795354104,25.371082124193588,51.57028518348927,3.7875144844067377,2.666771636851788,26.913405408054505,SAFE
81.31512009875107,14.854432659362038,24.274423056440348,63.34476354351711,6.703200658307816,8.022624785723437,48.85196133466321,WARNING
1.5945686453310848,42.652033105825495,30.42004345896714,61.06510445860494,0.9137144056141477,-1.3477013425590876,6.012159181673958,SAFE
22.73024072385238,12.711251504125453,30.08190229352055,70.62279752015561,7.437809301448562,1.8199991817190764,15.793882840631408,SAFE
53.9418192753467,21.365302161724497,39.454199471227724,58.009627711711666,2.539663983122221,-5.398184159199209,33.05470537591622,WARNING
61.13530307751418,26.14137636554644,20.153956059094256,71.50326860978896,7.041223542324346,3.236585793562071,38.55539829255081,WARNING
6.878065769765895,18.10279250862457,38.70764521465573,73.12946206706819,2.8554293786953346,-6.858822318017226,7.5778422572546615,SAFE
44.90879571685771,17.791518933383045,33.64452753411982,78.32174050421598,3.6300144998256147,-8.75551654695516,28.50880366451812,SAFE
89.76140083423853,1.8974865119935402,39.05531794306666,63.22897140045199,9.41689208441949,-6.006806267020435,51.39357818142745,WARNING
4.069979525380763,24.41049891382459,29.012468291402506,46.57461366274414,9.576564743886975,6.4516746432286425,6.820594527614874,SAFE
66.15820213755933,8.142914581891386,34.686468164370496,66.35062273498619,4.250681736160074,8.495718194280272,40.41483490447867,WARNING
16.697788222901046,13.366878120583214,21.26448678501267,69.77254790887937,6.217593860953973,-3.701193886375009,12.006754083894933,SAFE
16.38136635943154,2.0073885014370187,23.334911372518732,52.66423231688291,2.4717696901060613,-4.820356451360666,9.550544879554561,SAFE
87.55763666677143,25.756883673055032,34.58503946256829,31.785547451407155,3.651633556780287,-0.4166130520911633,52.30494481242687,WARNING
18.64168552101847,6.009577072276934,37.40607556999685,76.97158135498984,0.7880669804540741,-3.019625749151138,12.86217093905989,SAFE
95.82856281444737,4.158086656623245,32.87282745757452,78.61106854835027,9.782236685813746,-0.5755333819251351,55.43482484819531,WARNING
16.27491077823806,10.104215748871942,37.79202790248789,75.58415021648679,6.078796438735548,5.323527989398226,13.249076828683286,SAFE
73.99312514704081,33.09107989945535,36.54553909743878,64.27033115201606,5.340023057474993,-5.2608727482368645,45.56312148616448,WARNING
74.3888144118619,23.671893391913724,25.895833680150186,70.09731378708877,6.967136003530284,8.746791262494,46.42840969175268,WARNING
16.544164001887772,32.45946423182466,24.88478936176352,75.17914926508209,0.9949941425661568,3.1232361288975437,14.284351552294487,SAFE
79.10857215280299,17.74589201823536,39.08276158767619,72.53653422930186,2.946182996849034,-9.849178145680026,47.26257782655654,WARNING
29.665717611806087,14.065523523537127,37.799292150018175,78.35605891273738,0.7043998597026035,-0.5741034293336646,19.81568458496997,SAFE
54.833199852979575,4.645583066485165,27.54995418275045,45.85412086964753,5.360563543270873,3.223817994638761,31.870401667533727,WARNING
70.34851104965666,6.837751180669377,36.258954038892426,63.92710148953795,8.890749167467195,-1.0132788112913182,41.07929643017299,WARNING
89.38897627221915,43.28870611780377,28.76818664718539,49.05716576464893,9.328120149702567,4.3032946907687535,55.05542355126661,WARNING
92.82453464380757,39.848738944790654,32.18594878582829,35.792638850188226,2.914806725790985,9.37684814196783,58.12914341003835,WARNING
31.942209871420445,4.662743489268539,34.15106711838639,66.70021272718421,2.854577202871508,-4.046560413073925,19.469782630630203,SAFE
46.88929855087839,1.089447488112777,35.78646020722327,45.85443936370628,8.537631020019775,6.0526084320006746,28.282063231371364,SAFE
66.14020331187831,16.243743354964437,30.3263312332234,52.24146287989795,3.388818862486742,6.962725786063565,39.94186196302263,WARNING
48.35070745776653,41.63615488985732,22.104369482836486,37.051239430016786,9.773203051129768,1.7553692521217918,32.38845814809551,WARNING
50.9769673499049,26.157803157205585,24.305375480657197,65.93519747509865,0.8478062372975437,1.4664742620604638,31.8202886221673,WARNING
57.076879658590144,45.70942120667555,30.523656202097207,36.85313479870898,5.727532592481626,-8.173447112693353,37.18312863268563,WARNING
20.379383529992168,1.5554292093708066,30.265871649189968,34.22663076467862,4.693943785313291,8.658900706482882,14.382643237220583,SAFE
71.97614130193321,3.8705837112646524,24.484196244176864,63.68312099467171,8.947018610241837,-9.341628264720924,41.131233255226576,WARNING
81.2451131720594,28.090694016915435,30.921826505927854,77.8906591376679,7.476446125967731,7.002377361122239,50.958803707026846,WARNING
35.39955695446667,27.718202041420493,32.30811354855541,46.07919701812325,5.702481249473995,-5.266892410405724,23.088146418094023,SAFE
14.337567106823956,18.69851296386663,34.78579257492874,75.80935740369438,4.577140514982325,2.8564737655086336,12.335422482921839,SAFE
10.303713097510048,45.223187927616436,31.372084271398688,69.01691238125785,7.944412009213938,-4.870389472637882,11.856031429485695,SAFE
52.91744531818495,48.023987578048875,21.792690896416556,64.15249490147818,9.62264078035172,-3.9884578389195564,35.256115922077285,WARNING
86.14479214043482,46.682877270413584,34.9417241878965,41.566415615347914,3.340007188265939,-9.283814111645386,53.13368919232123,WARNING
83.14532342453552,42.480559325554,32.65420619932385,47.62639256319257,0.7681102763992054,5.061152198298188,51.5300104513361,WARNING
72.65261936099229,45.63012608694505,34.610640420107245,71.43474711220009,7.459546179039995,2.613743766246328,46.9699486960569,WARNING
42.696639419100926,45.10586543211389,33.01937143814939,49.91776609829545,0.8346929518195723,-4.185902881912358,28.440553138300576,SAFE
54.37267348301648,13.781768500809727,24.424706958358044,56.369675704392364,1.6982034589573458,6.00820126650207,32.91694612929004,WARNING
48.4368151342658,28.693138698132508,22.94766535194697,46.22881678146837,4.100896832611529,6.16425661033006,31.238634250685262,WARNING
77.01595230861525,11.148873739384069,32.323581632140154,42.17281788859988,9.882471556902454,9.042477562617414,46.53381842122242,WARNING
56.32647205206205,34.94512859470715,36.0286076441729,66.04992100224518,6.998286910824208,9.171080158990563,38.01212929776507,WARNING
59.64561063072833,31.815133590952783,36.985375008763626,63.49454339292034,7.329326220175226,-5.316626276067151,37.62706143708883,WARNING
37.126692411507086,7.365067285594651,30.11530884669611,52.786370034012315,9.971628142794568,2.2241730563108497,22.494687517325684,SAFE
78.64448231944233,16.700733537882712,36.63090662685593,60.75424832438417,6.969923315984384,-4.111384441010912,46.392292542842775,WARNING
54.863839169557714,31.701848670680434,31.78189351633162,75.75968557122832,8.982726644925535,9.419681157537411,37.305447928456545,WARNING
66.74280060069894,48.59570650628423,36.649560000638175,43.541607016997965,4.274356695512971,-5.232151156219804,42.687226464970514,WARNING
0.41971608305652053,9.40243765734543,20.081211725737514,65.99192306752451,4.2553429772119955,-3.7485054584428346,2.4293903273655792,SAFE
76.1720891095188,41.62433873098225,39.5059907729976,62.10067923376206,4.615289585400517,-3.894713967851282,47.61818086294157,WARNING
22.231820921422628,10.64629752413006,28.183787494395975,79.5893177643965,0.008536974374032669,-6.055882055379984,14.931213370853776,SAFE
18.839298240357383,35.85597427661462,27.049694551961238,52.863040229591036,1.4862413046990497,-1.9000592224610457,14.26716026417059,SAFE
10.319981190583604,26.652164394429157,21.95876730765712,69.5254190586578,5.666017175404895,4.479357475470337,10.648711035678245,SAFE
41.85163866526839,19.074564662111364,21.964177780977273,56.19278035214113,5.1450216485709195,-0.637959111007893,25.644538943095494,SAFE
74.05183646824493,41.62522000161773,35.01579349897016,37.19328714034219,6.220595092821081,-8.393537886209332,46.34318713026894,WARNING
69.46222874404765,19.091954828056334,22.649979125325732,73.1025428488064,6.140083390389374,-2.90550064104945,41.69305364772534,WARNING
3.0727179650499536,26.865512950180527,38.46451756972465,59.81899163511829,9.716506046194931,-7.27097763459083,6.026546938347421,SAFE
56.83051045948368,39.90625240032147,30.510814622514324,34.55331779937363,5.828860015472177,2.2347581168494344,37.033675458048705,WARNING
72.87092484753526,38.06057575827369,35.415453764212145,63.1722196819483,2.1581118641865817,-1.915284883210413,45.172355507489115,WARNING
77.61299726143986,47.67134917004066,21.57893929673244,56.776833889859745,3.1252227132430646,-5.492122113663404,48.1204392761145,WARNING
50.5810683519715,30.30446702782684,20.195444628389623,69.01032861005955,8.198821312594477,9.31021649135866,34.31276285935196,WARNING
18.064373322469496,29.7276281180474,28.53250746952789,46.741392577767535,5.656334514375047,5.647661864471004,14.660072982363934,SAFE
2.305278344521011,48.47000562830934,36.197631714114216,67.55768518227893,7.603873821805035,-2.218785807626949,7.932863188227399,SAFE
75.16205508448137,19.33851043014788,37.97413659149586,38.86111916532349,2.9234742421515145,1.0267508539815218,44.83015609369204,WARNING
31.921103588727252,21.21186226476367,29.84845378797189,72.81766744067544,5.231922536086929,-2.7508030277087903,21.322695388513072,SAFE
24.77361640351158,20.433798939609858,30.314722088287397,67.30574286016181,1.2104877617233867,-5.567816235216982,16.86041655140098,SAFE
37.96540158686732,18.01992025597573,27.834961752104235,69.67606323201622,3.241544029621731,0.037963608053292575,23.978184070672373,SAFE
62.39070328578965,11.608927509180255,34.37390774295078,57.355565986914044,4.467811630313781,6.195680534766275,37.774779933064515,WARNING
24.3495259185182,44.15879853071616,31.220974707334076,60.45874396898291,8.750589641689428,6.351653756986721,20.349965275554293,SAFE
60.156206882190034,37.659385192408706,28.66638980465794,57.36888767498731,0.6207013670851114,-8.202841639999063,37.434651246781904,WARNING
82.9425404186332,2.983582784124833,23.387982512652144,69.79163294752207,0.01145950628256287,-4.3519134230827135,46.987511005718375,WARNING
58.40386578266218,29.772496573464828,35.54305816458947,55.296312724608526,5.094018695309703,4.506211510814008,37.04728761919887,WARNING
49.86244632662835,30.424554328180843,37.95548136510102,50.072550380618594,3.851250709192222,-9.929020162704575,31.31076503520927,WARNING
61.342626152123195,1.488595370356599,30.082969794566324,70.21168945161133,5.4992107051966315,-4.60727669566648,35.42699741827214,WARNING
78.61684214493712,13.485850204126942,34.66063561891797,60.51292275951156,1.699962967480012,8.102677496883715,47.30205976680033,WARNING
20.06436829571957,49.47935370703349,20.146209773098814,43.17416885714515,1.9986029727419885,-9.720131796590747,16.667249150474017,SAFE
73.23679001473155,34.67129010497981,35.84701928709861,42.834927323228264,4.443351670829699,3.1822704324309488,45.50658978682153,WARNING
43.976850388814356,34.86628851589579,32.67946816880884,35.732390151108824,7.81043121076968,4.413527181850366,30.04447746323104,WARNING
65.58343876174052,7.754680313550116,25.359928975907273,49.65885157938002,2.799296216564434,-5.443794186477371,37.02137803096689,WARNING
80.53576701617757,31.911612318010118,31.309442631005005,41.29763554266269,9.180765622686414,-6.176339218053675,48.695461726250116,WARNING
79.4950932824677,48.33363333526465,34.541854584484724,79.64293875923148,6.510511169779467,-5.6507931279221,50.840429864558494,WARNING
20.38194937165113,16.228214212773818,20.142600404420122,64.08492350414173,2.686677846278276,6.303664645855058,15.175076552156511,SAFE
35.917265055930024,23.997824673165635,39.31377833120739,42.108606152363855,7.212540974297395,5.102355786108344,24.645635062956796,SAFE
22.099815752363515,25.049841830609783,27.004038506259366,68.59531217000446,6.224833190290374,-0.4803389027890592,16.00109204018862,SAFE
77.93632650477183,11.757778500420851,35.07243761168718,73.26871560464122,8.786215968075725,5.673471860392077,47.281820258965226,WARNING
40.80141669982687,49.09040113589135,27.591872876448797,61.93126995512128,1.6107417806946867,9.608977972727853,30.07830912365273,WARNING
70.39859218646633,37.66887726231842,21.31553406822289,68.17089071103359,7.747234292206013,3.4354545272445964,44.65333388098808,WARNING
29.190961379034363,24.484502108044076,22.20868742617433,53.57935332295763,2.4382385260040484,-3.018060270118359,18.943924190412677,SAFE
16.26004084036986,11.502718387344851,21.531372836402326,75.99506832184608,5.304106879754034,-2.0651605747452066,11.8316844191978,SAFE
53.50292127687839,31.414661424077632,38.43757586738698,38.934647614315665,2.955524986352176,9.515786726882293,35.84415285203852,WARNING
37.11929866485244,1.1280825378663817,22.952869852743177,31.316935087427602,9.899231424207285,-4.422583020175539,22.059893843657306,SAFE
92.3542756936226,49.794313787985786,31.996824422862282,31.65981575327809,0.8159163038692696,-0.36821889784244455,57.08192925896369,WARNING
40.6172012911486,30.30886528908838,28.776956194227278,76.70384246357422,5.347397154135111,3.8745212292488436,27.936661275487165,SAFE
89.64852726424965,7.343593791660369,24.594693082370572,35.365933023700755,1.3963839922991228,0.25167933868466363,50.91317313655167,WARNING
32.1179258967464,21.158641976337744,39.64979663588124,37.83521738979741,5.408120707980756,-8.022576898926982,21.391858438547526,SAFE
31.84963132638786,26.37629618372993,38.93263491930675,49.56141106417415,0.6490669621466982,-2.236771040793661,20.905941388750286,SAFE
14.574117587397772,11.499480664572264,32.361812463299806,33.37119331018408,4.647237562500374,2.189231720215288,11.035451919349864,SAFE
42.185839236749686,0.956317531186518,39.71038713805731,48.35578836702676,7.785771869332669,-3.487070156250935,24.504861865349145,SAFE
47.50167569934188,19.423182130549826,26.850784590192156,31.092568860388937,3.600209378545035,7.789799807990601,30.84412106470855,WARNING
69.03933385936837,7.271142954771992,31.823100092454784,74.61154299744358,7.000340409648555,-7.0263121528660655,40.62049709310715,WARNING
86.78324967344967,15.077200664443268,29.081522886246837,56.30713798445732,8.505066043781952,8.63214990295322,51.9096237131566,WARNING
92.9652877790556,0.397709063927032,38.437769711709144,32.719348300078614,2.6577365681743537,0.299757094556659,52.899438502774856,WARNING
47.9925689004394,30.235489694369598,29.588924574740116,76.71878398202104,2.40548848214587,-4.519506119230283,31.105121716623984,WARNING
92.07379356930562,3.8369756872628114,32.1912164380962,64.08679760328053,5.055417234297394,3.884637576462744,53.11788311092064,WARNING
17.2754646011967,42.63161163857699,22.800513789397712,50.04062221578749,0.752576013082058,0.9042215763480037,14.095145231759078,SAFE
66.97458074256392,47.06108175476453,34.786723917920014,57.05514582270756,9.326170171703337,-0.4312632391824689,42.85052957950315,WARNING
56.12056530988694,29.80492638350479,28.199594517731335,71.9241345282912,1.8517593884505912,1.09684380743216,35.414946741998385,WARNING
72.2233256187194,45.19880859382886,37.67836792868557,55.4370144715071,6.431614511633416,-2.1152452774139796,45.47005979526986,WARNING
46.81777628802003,45.31328962865248,38.61407986384948,74.77070290335098,1.3837086181363822,7.001680426612722,33.669866575865655,WARNING
94.83637310214803,18.062484728680232,30.372925788433385,68.9547627906498,5.620781375656487,9.869670434124988,57.43761126361142,WARNING
45.57133651568284,35.69713556036888,35.85182280393089,54.70502078792197,8.569838057113758,0.9230918241439294,30.024901086939565,WARNING
41.16507968016314,5.391183692597351,27.86827152700848,66.69682273666422,9.212864116801073,-4.966411922793794,24.618810112373154,SAFE
35.52355173305026,7.69804970522131,33.814457884579376,78.00942150049627,6.409522198481755,2.3415306001245266,22.937734622902553,SAFE
55.34899305004339,4.422787034276826,34.59007652858767,60.10247717746754,6.61476768856287,7.976221860548431,33.79483532279214,WARNING
78.39607870610179,39.0457626077263,38.54367537758695,79.49674757314997,5.812827319610596,-7.8223676793766845,49.46508206264598,WARNING
45.91299077754364,39.38005732308222,20.554506495236986,32.84437191780745,0.6715778238282133,4.620715166566216,31.22792866380966,WARNING
50.116662856317205,18.444897176029677,22.11234090523472,66.61201251029445,3.2101981055089968,-4.693518598706657,30.544147774105873,WARNING
65.2319201553551,27.95054462984209,27.248212836266035,62.0743735402794,2.7122152038411818,5.896605232086536,40.70367167386616,WARNING
22.931895030765393,7.941884769100782,35.648788189977495,65.39460153489665,1.8263897570179843,-7.67508494620124,14.80021971792565,SAFE
83.83990884866921,38.8299241098344,26.545147473993286,62.90987041066833,1.241601865478108,0.1409531809535629,50.80796390144921,WARNING
1.8730292060419873,19.58009404607777,21.496856429428103,53.75735900784413,4.216816468528943,-1.1122994672388806,3.5620414202781188,SAFE
4.5331302047994075,18.08081706409162,35.12967698199833,48.44571866768101,7.151719526095807,-2.6104255273253347,5.243087211069493,SAFE
42.323944149018644,28.194605641463305,39.01363873614165,35.44302233233276,0.3291376866117368,2.1591436762009035,27.9744462858678,SAFE
94.90970889284263,49.486156627735745,29.683284947840036,53.40408105425492,6.449637707451962,1.112695144099396,58.098344768134254,WARNING
63.40880576141181,43.699971276894715,34.926123389752185,54.84386958433978,4.618644590001696,2.7920349702623213,40.772679168723116,WARNING
45.57062844202975,22.88896756328199,20.326118035730097,38.70320687036542,4.88513639995753,6.453069181007383,29.686146810339142,SAFE
27.872700672712412,26.13217165655745,26.899241695184642,35.24019947697945,9.582984830713006,7.093477405006034,20.67399936909469,SAFE
7.84924244669064,35.98936312341423,26.951598087150003,79.74249035308964,3.023985198289777,-5.225231092748002,9.651923339947746,SAFE
56.78905483054052,41.756308167160206,23.85037743639596,65.47013848596657,0.6140658314112168,8.378694862209947,37.94704129000439,WARNING
8.107491614729877,45.711568817208125,29.816144989054056,52.40455563979599,9.733070795003766,9.807683553964381,11.839502551807811,SAFE
65.0178125961012,6.355964592852425,30.12340171310405,56.45815504778312,5.144464281353097,1.3898367704001942,37.50966179333296,WARNING
1.8724713794390668,35.56136407352512,34.247886039059765,35.773488758894395,5.702394424458007,1.3672236487154912,6.318279981018266,SAFE
68.24504201904001,4.269884606754054,32.530066145321925,44.037597537317055,5.07002990496172,5.466471054081534,39.98318070761205,WARNING
70.56459363630132,5.945150883899669,31.823695742321465,78.45582654703693,1.5676943733500226,7.0581417545082985,42.659030772392775,WARNING
70.2548080553777,38.700165645487985,25.63916654285291,44.39444646899212,9.06019455776488,-2.8033593581488265,43.27540672658782,WARNING
6.3015390692810485,30.0298351789725,22.496353380836855,69.8298120703954,6.417464425010574,7.494530104424165,9.405282182615117,SAFE
78.48372497826352,5.605682416909808,27.621413528688446,68.72801249572936,4.173414732663257,9.447309695599564,46.89222095670988,WARNING
73.57404498934493,0.7749958345160513,37.59971383121673,35.04023924342788,1.4052372418008585,4.689848012221018,42.92942952151501,WARNING
86.49685594304802,26.8174813949778,25.78099465891558,47.56577726265878,3.42889329596056,-3.466437923809755,50.587224442785065,WARNING
24.29096718216498,30.443354731461653,38.008106371301345,45.35412065416706,1.8669429746141208,6.771553327428496,18.734724523410023,SAFE
74.17833308897033,46.54185157799552,23.310394712098194,37.212565705829576,5.414293943049967,2.288673096701906,46.904569652329734,WARNING
48.017344185958954,29.948331816193775,23.607595377501426,53.98068770820417,6.580925609396679,-1.345871015025926,30.002073380901777,WARNING
67.94473358165979,22.55956402769198,26.671991616845546,45.18025235435462,4.10902058988588,-9.538207546355984,40.155597865300926,WARNING
66.85251384461137,42.25528204901309,27.09254188886237,32.30165680708593,9.867755973855576,-4.726034890978661,42.47734287221916,WARNING
12.6621121690773,18.487625398651396,34.771140812671135,44.695829844528284,5.747032039194878,-1.6888001112571551,9.854041383224542,SAFE
11.776399227661848,16.514350624605513,34.49741011428134,60.60019486657228,1.19778379883561,-6.733551805713828,9.19322407665903,SAFE
64.07333593074455,40.67077071604344,26.989489919163386,59.76553759217251,1.7064358875210528,-3.7724732618935235,39.98048500345669,WARNING
2.02702056730526,38.41379738997613,28.020196395459337,70.8062786826977,7.083729960227263,6.5748853145695385,7.816728365848629,SAFE
28.56586695828828,9.255436521392262,39.43811365303341,65.86638935204348,8.340422679266704,-9.737332525801325,18.56901676341496,SAFE
35.446162029588656,37.140834528866584,21.559656659799668,58.36699647844678,4.290727674550032,-9.647669857177855,24.014375943820276,SAFE
23.59755771194514,14.23959945333571,22.23719892692645,61.57684548713302,2.42397876251889,-4.447610007612233,15.24079795303967,SAFE
89.82385982001475,23.356154634656974,27.842562939385445,66.19355191573587,9.09613796882912,-9.499273275251124,53.14535100567134,WARNING
44.82388465553965,30.539067803897364,26.371261962519792,68.62038610616209,9.714770702702738,8.868547325005665,30.966073744506907,WARNING
26.598253937994187,11.3169139218743,39.14981062042442,52.93142437157329,2.082977230846917,4.139939272608364,17.546929523748137,SAFE
28.442032390379158,13.362348753552617,37.58498086155569,38.12395766884517,0.6439294646623639,-4.616271196566255,18.234600322932444,SAFE
60.69454128382038,6.154392670163528,29.431893445535877,61.36685552126599,8.48736992593174,-5.402608175954913,35.21174291775424,WARNING
81.73463233827894,11.74531305656193,33.53533082479281,51.53367857412276,1.1468124237867017,4.285269256436974,47.54642403413213,WARNING
21.77626185490178,8.831171301229574,27.166458571787665,62.66451223797417,2.339964787906278,-6.326769224362286,13.718607930202342,SAFE
0.9953625713364334,23.58215485508618,28.572911386303655,41.693387181868815,0.5365216400969075,-1.4148825080832612,3.526467191970244,SAFE
78.82051110716313,35.76410656635885,37.215897797203404,30.47913438565778,9.664193168045985,-3.171754947451033,48.9977395945552,WARNING
99.03977960919647,12.630973030088732,29.430727751564895,47.69638382876518,3.557607149943026,6.845641974964316,57.618702036696945,WARNING
74.64189397373387,49.607571761502406,32.270293654350255,53.16283021972514,0.9007386294689113,9.931228390277134,48.56673766493651,WARNING
55.15306529322829,35.02387348450709,28.134847743826228,57.385785408961794,9.425777318928873,-6.671611241367945,34.83389378331212,WARNING
29.23725843302546,7.602986388901617,35.84431807609549,33.10226302109148,0.8163164985133831,-4.030117744252626,18.268709354730035,SAFE
51.41881809210113,20.31374002797933,20.896326213416145,77.87457789354758,9.528695203580837,-4.4128735351848025,32.38707129763917,WARNING
73.15256152685815,28.928770569161188,24.749533900112482,43.108577587080774,4.911531743104504,-1.615261170052797,43.729456909483666,WARNING
29.122932823126423,40.375579815257446,29.629258352747698,62.74240311945639,1.8927350016787547,0.6701532503297347,21.152421508005368,SAFE
31.79760494466215,26.32068051974391,35.616516668218566,68.44566050456308,3.5422067803427595,3.8855423415927817,22.52807843751335,SAFE
94.12899503942769,31.28346649624532,22.968202467652745,63.985431463954754,1.0490438634931132,7.442208175860543,57.24104919947163,WARNING
51.66604958019403,19.257036815578978,21.140131892993846,49.03918672960548,9.032066679157895,-9.580340074273936,31.034668353492542,WARNING
47.464815778180494,46.55790455553112,27.896819995300422,51.40878437310752,5.785600551991199,-0.741253328456331,31.265999379572342,WARNING
16.86016912375524,0.9277769534930203,32.196233159574035,76.0403293503906,1.0636413302716563,-5.780945614944932,11.0808809054265,SAFE
37.02294858249735,40.43711145105598,25.385206329419553,74.10272021393843,0.5495787465006641,8.819132425178697,27.422034615007814,SAFE
56.07470778737649,32.93888392438522,27.35379045072706,69.09971427555303,1.6656625008440606,-9.02176349443026,35.290936036851804,WARNING
39.551694310755714,42.68478569905197,35.09853673275389,55.8577985244479,5.721377471653534,-7.402143474024891,27.10579607726361,SAFE
84.06815086175821,39.34798414820985,33.129407877738856,53.30955181644693,9.644592682795125,7.58063943752942,52.74258689514293,WARNING
64.44304935146185,18.590049885864396,32.360445573630244,58.77204632653327,3.9424198783491637,-3.866520566238478,38.3064277208161,WARNING
40.701079223732236,28.695570301669893,28.562696894221887,43.178724410069194,7.609633177608087,0.6293499191482592,26.280700870137412,SAFE
6.767516322559997,18.415825281306276,37.69826914423987,67.76182655999759,3.232467839440071,8.763663040890183,9.00107729090054,SAFE
7.660290835821016,48.06173519460945,24.914101849693512,30.45470901512096,4.338080365183268,-2.820591406259827,10.217796954180944,SAFE
53.90890052067938,39.83864302849227,36.848616043008946,50.061499980584586,4.298457437063502,-7.036445393410526,34.44418826225574,WARNING
4.7547608881163494,32.06074951175123,21.288752511053847,66.69150597107279,5.390901450222475,-6.0283404354783325,7.110876185151187,SAFE
53.95229435126496,9.149885830104942,28.774744150208242,69.97801581211144,4.619192934106374,-7.026013634049035,32.00734812102753,WARNING
72.38286818229452,9.338420813500441,34.77099748740219,53.967614460791665,4.537417590943016,7.028700757149494,43.063961209998766,WARNING
70.86035243406687,1.645539847746963,25.923486292032045,73.54603304249494,0.1832616854519864,0.9050689252394069,40.55140065955831,WARNING
72.78256691739439,31.09280427422879,35.21064404208873,66.28459244573729,6.920306951531133,6.430797218513042,46.09662884766026,WARNING
64.56906684495384,20.120924712849103,29.438182198291752,65.83623913407253,8.76306029666794,-4.5556239832044865,38.97695331746113,WARNING
34.207679597107074,46.53696981812063,31.570235848188908,38.94809085675005,6.636951389123827,9.815243110787591,26.64392420140661,SAFE
82.34535644704,37.28705682757013,24.160933085325382,73.80698923420036,5.257888435355465,7.785800441439111,52.071009046128374,WARNING
32.98278294248793,3.102552631771638,29.519519373194925,43.491880240893884,7.152292897762981,9.142131057120647,21.18820869447286,SAFE
69.0974151151564,44.34669648546017,29.06048027202413,68.58203685976508,8.430434366717034,4.217512551670847,44.835398047141524,WARNING
50.777728606956465,31.293305480768403,34.0101399135776,42.65422016107134,8.095792609149848,9.006490779345466,34.0809650558548,WARNING
46.5239315179936,35.053359155493865,34.74051811580708,63.112377376074015,5.4711510832863555,7.632959091496211,32.03629239750349,WARNING
44.892670926889444,3.055147824330179,36.89112751424321,63.699063615827534,8.492586264996465,-7.229051151106114,26.700622661975572,SAFE
3.075294050971633,46.71872701912507,22.954566117011485,70.48261660352259,8.232099421806359,4.174104010980059,8.73611272755879,SAFE
13.126221109287094,33.36993122804038,37.78173166653731,51.27658224004416,4.135168543785989,-1.142833808411618,11.466088855430314,SAFE
8.227189067620644,44.60127845149867,37.383657279610205,79.89546608951431,5.851831414984135,5.023832729027715,12.396396117352198,SAFE
20.267190630730468,33.376440911208476,32.99465697514781,75.06043679208062,8.307927228390742,8.769329252355263,18.306615838274617,SAFE
86.88334727016075,43.4346947449426,21.274466533774365,72.29809763479778,6.074783945031181,-2.3911109646807756,53.734231225385415,WARNING
5.651462438806232,33.883688738402334,26.56403501075235,53.388813249301734,6.817284370551343,8.235490940482858,8.732278034810506,SAFE
82.54369156049984,22.529856455179992,27.755663148927578,41.988986942202374,3.7242675117596824,-7.779072254162034,48.37656318971716,WARNING
97.11055083647545,28.695872197978943,22.556116855904257,47.64030046329529,5.47039143620656,0.6577127328173926,56.92563143227323,WARNING
3.5503368718632355,47.54205171145557,25.50751362949889,30.80923344659456,0.7644400895028247,1.6038980649595391,8.050806077282603,SAFE
13.778552067509686,2.0862396426751637,27.592529328254226,61.13805961700943,1.1183980484161238,-3.733443356973689,8.529276951081833,SAFE
41.776067162454225,7.973004889338359,30.1214779693342,34.26070434508854,0.4651849634506866,0.39670734310269573,24.919776826289016,SAFE
24.789697275087562,4.768690394901376,28.478251749752644,75.75703697586974,7.241924466541549,6.312318306940551,17.197526861784603,SAFE
87.19139887586364,48.631387069820946,35.26493147028346,60.42039609697399,3.654258803022472,-6.367135268845678,54.035387407221094,WARNING
68.66598739832943,49.74749930609709,29.34717369237838,66.18396840464038,4.950924499931562,-1.3613315327304676,44.015146329538425,WARNING
41.030561355991516,25.23123414658488,27.3379132373075,67.4386660910904,8.742720265915166,7.657706132903684,28.047438366750214,SAFE
22.769871342582594,44.79545693657454,26.8310246371021,45.46538327426488,7.267560573982359,-3.9060731982742114,17.68463502891886,SAFE
5.296640560971011,18.6808886155154,34.42931200716698,46.347921013508824,6.295590559951465,3.2023888852626072,6.3905680248186,SAFE
73.37360117263562,44.85652331554682,28.651289985368628,38.32160383312285,3.189257154318894,-1.3566548965202827,45.76708014183251,WARNING
71.38914693281131,0.6561062780816751,26.31570766879758,68.99212905096584,6.708577033306954,4.634799471712103,41.60742202285034,WARNING
81.18107694391948,39.16178594389812,33.64366332305556,51.98307661852953,9.83598328878154,1.3814639118014753,49.86519985742415,WARNING
20.27692093688391,14.64064275523922,33.8712491194094,76.23697825997317,1.7872012920589753,-8.353070085084273,14.461142224382153,SAFE
88.15310480420061,45.76389894564172,25.52758690631799,48.86428621856199,6.6018799749785835,-3.4013995831505035,53.47385657001124,WARNING
87.71587082700529,5.378935135693136,20.759644419203905,40.424310337139474,2.8608777820496902,-7.741468174222499,49.61546861970754,WARNING
6.569042934064672,37.78038567508991,23.285531318045148,75.6961099533152,3.6799966144809604,3.4121161944269076,9.627964182617493,SAFE
22.540211476880025,12.016138424593342,31.494184057351507,58.0321462572993,7.687292280120813,5.156266113885319,15.740664507258993,SAFE
67.0687764663661,22.45652829467455,37.812807725612345,61.12892451106494,9.901984904623571,6.387396358687173,42.103145014771286,WARNING
4.430981123832622,16.02969535401589,31.437514329419034,66.07347689357437,5.503364977619415,5.722608449243635,6.5852486533888985,SAFE
28.26556527573446,9.195602561641254,21.078333675795403,58.665687228576104,6.885995206754952,-3.477005657612768,17.439288595794864,SAFE
61.35841848558766,2.6078615426664618,21.985866925936072,65.08773861292491,3.6806970521729876,3.426680622060111,35.78238088270998,WARNING
83.1721120279918,42.631121873805846,23.44335290928902,54.314278617567325,7.339267236324865,5.479611925338208,51.76420583507388,WARNING
78.46759807288775,11.408366719029223,23.850696354475467,59.50062341368479,7.4108579773821965,-3.617209689316134,45.201054863820765,WARNING
10.470515686242155,35.837319145503876,25.99395662760009,38.318136215586094,1.4772352839713165,-3.701809049465674,10.05016832678284,SAFE
59.26780659137455,17.92011193469083,20.413237031868633,34.845421733890554,2.905032471986191,3.1940896429418366,36.16044143262481,WARNING
9.851507346853383,28.032842675034093,22.397717416480084,40.580766367469074,1.7218852755576275,-8.655427288583791,8.908783382853192,SAFE
67.13298173865903,23.170177369301726,36.621068817946764,34.94454199911585,1.4473293333807224,-3.8708453729909875,40.64635050080322,WARNING
76.58659869388082,15.28794115778494,28.16837414997385,45.08017831485823,0.8022429180102997,8.788672457923749,45.853679826653995,WARNING
54.853899207118886,39.39165940927484,33.16714184370592,55.712713953098756,0.8967825665938012,2.8546709054060866,35.41857660409402,WARNING
15.537035593683212,20.71915846781383,32.582262869608606,69.11145002360617,6.850451757086196,3.430670581092576,12.980627772040712,SAFE
14.90422091752075,17.306427003579394,20.85824545320388,65.97384465882323,9.525859813174192,-4.717792196418484,11.41003715593403,SAFE
8.769670916230933,23.77850383768268,37.133964462551376,57.598709763588985,0.46777150190113304,9.48544481055892,10.10828063620914,SAFE
82.86499099626006,6.579703852575508,38.43595513007018,52.53441443025943,3.7189799057494124,-0.7789333894562347,47.21818290650454,WARNING
83.45719568709472,32.973983914339286,21.18496904799455,77.88021855580854,1.4778413347831776,4.911359034707022,51.83978236840729,WARNING
63.6136530428131,9.376402397328043,23.414641522260993,73.5163796852346,4.196949234995971,3.0915302834827703,38.00838983987504,WARNING
50.40710038566733,36.36767585379798,29.58484750078661,44.36899576277842,3.6338337099649642,7.181553889006853,33.48946784769686,WARNING
46.8034692922727,10.672466612230464,38.69210776154506,69.83002282491884,0.5566614605619913,9.978859239610355,30.508866222246397,WARNING
69.49266964401023,8.013329952029347,24.743353625971928,64.62227406207734,7.79761055279122,-5.219281137003877,40.1561278488534,WARNING
25.696885389927083,15.356034743603042,31.960367296732734,38.590808915063846,1.042431988847775,3.577281781710271,17.35494631368809,SAFE
77.90979397931702,25.046470220825274,27.276654205367706,51.60213567632382,3.884078338719519,9.199698164753507,47.583116754678144,WARNING
76.80899052191403,10.404360742505514,27.6837830410796,57.20061456815549,6.129858620636885,-0.6363220794246587,44.08609367279686,WARNING
81.01266350119592,38.380300972911584,30.103158372563335,72.72146933908652,7.510895304423859,5.571636974412865,51.27609856863518,WARNING
95.64007794334167,13.323347060460133,25.352963247336984,74.447612784532,7.722263733856795,8.53091082871255,57.26670172891273,WARNING
6.313016032445306,31.38785386307983,22.89256676246895,55.194859914629134,1.5574693185344424,-7.438429820302415,7.053932327687634,SAFE
1.2168345382033152,31.511940619145218,27.18045233380172,35.259414243948584,3.2283777773130984,-6.621118170968301,4.827923851284657,SAFE
94.16948315016595,16.000244288067407,26.679070465787795,71.99290016997928,6.477557612860042,4.203432148060028,55.74140300344138,WARNING
63.60018039889606,47.30981419742827,24.140016631160904,79.45196208778978,8.309561775565133,1.7794517775268446,41.998046356250725,WARNING
66.2371624396249,32.441293825030705,21.16792448118308,40.90082492659693,9.614708845247492,0.6872885771875854,40.93932441160766,WARNING
37.8353603261912,38.10192316945375,30.49037885311619,30.65813857159488,7.362375967151179,4.644351201057226,27.15824154899561,SAFE
16.51487121099744,47.83300442121067,24.478162630822286,52.88746836910997,1.1473596126091468,2.065646389011768,14.507442153516854,SAFE
37.54511200572125,17.658673110485275,36.53953754441895,30.47808564252391,7.979467708924225,1.428971314961574,24.653519157728493,SAFE
98.6098513480199,29.47216103021245,21.10758268295916,32.53226632218632,8.83152986371832,6.824282910221061,60.05707496940505,DANGER
34.589007558202326,30.90162420905686,29.791827141112005,78.35820275680261,9.499609008768916,9.67678017081549,26.181954557414244,SAFE
86.64487806342642,45.477579538755066,24.34557557534273,71.55033944948872,7.0885711320427465,9.255730176561404,55.518253674381754,WARNING
57.12618284426194,4.258358335527817,31.94797782374306,64.32904640106439,2.203210287124283,-2.117732329745432,33.01924812349344,WARNING
59.850341405167995,18.705286865825276,27.498954344773278,36.65433195863987,9.40746723077666,5.00988768990193,37.052798478250814,WARNING
0.1243438866102009,38.28066420110826,34.795899853157174,30.48654800777615,3.6960429761376457,2.1349538065106124,5.9737160601244925,SAFE
45.275065185803584,38.899305936025364,28.50916665268868,37.69314847269185,9.764156242738286,-5.159200144479068,30.070225166931262,WARNING
71.76923105413323,7.157815583203597,26.580252275678653,52.101380421521185,1.922320045270639,-1.00080847262781,40.46905627521716,WARNING
15.716282299174999,27.950326949294507,33.27426505040388,33.121714201400536,8.71132121082168,-6.29718229915929,13.132181562466952,SAFE
22.53624253203238,33.067492004153145,29.37502120868828,54.96977995855329,1.2815498456313268,6.114716437528166,17.4559434311824,SAFE
61.705424610421,6.769102165472801,27.47998734051192,70.52049663675152,5.683550459866207,-7.8270244173413905,36.049095474135314,WARNING
37.27770457892867,12.13471992278673,30.349311073074528,72.16805644359948,4.3626713480441985,-1.3331593926335383,23.310211453925355,SAFE
90.5350902327037,28.80927062536362,31.323821747948138,43.09549459376947,6.077227478371263,1.518209348347927,53.94414629182048,WARNING
39.6851470341864,49.534778294959025,37.63781929896173,67.47931450384078,5.373455884130005,-0.758803962107395,28.554838182645053,SAFE
18.489739522319937,15.286873700731185,35.479215996464205,52.68744769687757,8.822695165695013,-7.041777273089425,12.797512050300924,SAFE
50.83470960136365,32.34828420106544,30.33696912615852,74.46134457924936,9.895632818291398,-7.683306833172605,33.17861602704152,WARNING
12.9954904076921,6.516205678006054,33.62354192141055,48.6338047747919,7.3331466126590605,-1.8905705422604253,8.665284479995147,SAFE
62.76067213320636,38.49290028394468,30.964318213098412,56.975179522500305,0.8823432528563446,-1.7843651418113033,39.05875175108072,WARNING
54.57771532249376,23.0990412833205,38.01564000376851,75.32653160597447,8.219173805887618,-2.4940384925376,34.65571482648515,WARNING
71.72991516875344,19.76442305348049,24.65187197951518,47.145132177544085,0.7096463328553548,-3.3644498199070565,41.62352775695226,WARNING
46.07422172611716,47.7740447390415,26.2682117243925,75.12267696027604,2.2885827582349707,-6.180622044815012,31.552199995413766,WARNING
51.89954564321649,33.6255684648703,20.886645016045627,41.05329325236083,4.556836665013164,-3.379913280336371,32.78815187008644,WARNING
71.26210793483219,25.55802980206584,23.207182112078005,74.72326896575453,2.9290567548335957,4.62262217928847,44.146743960647484,WARNING
77.99157791054098,48.15788501280511,29.970149330482027,60.79177577322161,3.3487629347953374,3.5635858682413293,49.379407927651265,WARNING
46.33834858663197,21.882618236221113,37.10935058232211,32.50844217493443,8.819624278318685,7.041396756571139,31.00365953186924,WARNING
50.63662535617891,24.510142710281414,27.236147360709804,79.70868958408673,1.1116933275384122,1.80430471257214,32.31484567305772,WARNING
68.1681590112417,46.716500410847225,35.60406993713523,62.19236014057734,1.1681231681212267,-2.525329663370652,43.362365159559346,WARNING
13.884164254798526,44.060636623275684,34.992423111272856,67.87683933986146,6.522565177735441,0.14087073873419342,13.790119531657085,SAFE
14.99710594634972,16.48474433525259,22.738315849537813,66.24565714261716,1.6022877602200503,4.0422710034337115,11.710818357369318,SAFE
69.22553895959047,22.965223949564447,22.704573082361044,45.74004130670183,3.2009310907555144,4.007702662865869,41.65992519038901,WARNING
11.374301941372433,41.45343231080454,35.22014580371828,39.315345908713695,7.191643817788894,3.3702636293564368,12.480084210346256,SAFE
74.81208001109263,9.446427772434724,23.151806443129374,41.82419929613771,3.658717031489757,5.873299620716024,43.95008227209876,WARNING
73.792393747885,46.27257961392666,21.172591181972308,30.57781405070928,6.991388297007991,-4.414250084116686,46.725123675945746,WARNING
33.40788955338175,27.34010129572561,22.04826246253597,62.13472082740248,3.251474462311502,2.6543024860198337,22.55610652249539,SAFE
83.40069130733858,8.555566666871483,38.617461858290405,56.53440705312219,9.229277651739684,-5.845398355964438,48.19499421388098,WARNING
60.456266460423755,20.194355866180235,35.484443823120266,60.29544716066482,4.945154569583185,8.259708128620172,38.208576043243546,WARNING
37.711706417168024,10.999010244909075,32.162023737041835,61.201421858640686,4.390946215718754,-0.2677991262123527,22.97905914450339,SAFE
95.95534142999,36.63428456984006,22.21203502965154,40.60650354353055,9.755766344355589,4.529311075870625,58.44158984721131,WARNING
91.50451261446531,15.193073199436103,34.83733720173184,65.70013542617556,2.9468998543937506,1.0163265090141067,53.47427318381742,WARNING
62.741511127029526,24.05659054137325,36.543574133160256,71.64345208989948,8.506005483015567,6.068471381963256,40.211836035699974,WARNING
48.80834771971446,19.07191490745036,36.62752567428741,54.51007292781334,2.4637139862798185,0.14687064644432546,29.711222495295882,SAFE
14.184982191924211,34.581474529939946,26.718425632478127,43.03293992237272,9.56508746234745,5.537619915166152,13.279940300208187,SAFE
78.70695027239316,31.186098463959173,36.78345621020594,67.95812405816906,5.987737041336166,9.222488037034346,50.03839596910459,WARNING
19.159494968442303,47.168985949737554,28.028763239977298,56.41994917007433,1.2273931954430894,0.8021487784358179,15.94885586357892,SAFE
61.12067518581934,49.8850770904262,39.50384822143053,78.31986459371436,3.483880601020574,9.825329974900868,42.8853247270317,WARNING
45.54781515951108,42.591812938095025,24.326399380379442,55.291658982830114,9.660120961276053,8.940627938468552,31.87987424742065,WARNING
68.37348778214267,39.89071612765299,23.528533932048028,66.08292747420788,6.180508083353723,-8.168965284975078,42.78123497421946,WARNING
11.315900658967626,5.422180887563094,34.487138696596716,37.08576041237862,4.677322711144704,-2.8603638824448456,8.119898500956644,SAFE
55.050414077021784,35.32382436097014,33.69445074442664,55.77599579571883,4.643348736103855,-2.043688097554826,34.765799942271464,WARNING
86.19099483043794,16.542590243632247,25.1873164233499,67.16577468276355,3.5976346169672646,6.93997199514537,51.49483686628721,WARNING
32.788871863714476,35.09724122872941,20.90218012570672,49.278144005516,3.432301749675515,6.3335747855184685,23.22291748594224,SAFE
96.70554032283101,23.04406383464807,36.49672554307516,64.98473504786826,9.673859876636932,6.222170286856496,58.544653641772186,WARNING
7.747806596373053,35.66408611911181,30.70999430844747,30.821802896616358,2.513129587254437,8.435104900537858,10.88478926997821,SAFE
92.60613727867529,39.94252301003172,39.63559206555979,70.32726123121024,0.10204187285245192,-4.243313193969764,56.68087256275571,WARNING
3.0624182237762865,4.705398436877973,24.37681633901552,55.177927316276126,8.475320034620177,7.239335123142162,4.316558441987227,SAFE
61.620185855729645,46.40879695331175,30.001246531804163,74.45180220666008,4.540652563320121,-4.4554998515623545,40.2316669810717,WARNING
91.64129181004277,19.396753783943467,30.068082176889234,46.44303162653386,6.628376002907298,9.90062450012071,55.085182101605156,WARNING
2.551354886476964,44.99240030035507,20.07852113978531,48.21139405731056,1.686068062895143,5.146835613451026,7.351659983578006,SAFE
5.061084075717348,27.674247679216396,25.898522676906254,36.68351244323511,7.718182121026408,-5.651663314894866,6.647680627301059,SAFE
22.36752120549389,13.75383925689615,31.735335276560548,62.98329658453741,0.17602523701344963,-5.162607277724193,14.672253443616826,SAFE
43.09708425052828,16.598847608061657,37.68341317021772,69.38543654432094,6.2589021553882755,-3.239151680059205,27.279668692093068,SAFE
70.06723448461598,42.18190064228972,31.896607547179734,69.22307334466896,7.491049613997478,1.434746223206444,44.72265480070136,WARNING
31.218321682151096,37.28910790006359,24.135927327152128,68.97441732357669,8.04546692142533,6.442897591407462,23.581765079363446,SAFE
47.29159709784576,9.624038388521083,21.994472001321373,67.16806252439622,8.862613845298132,3.016767176738133,29.027945896433557,SAFE
14.41600603883696,46.7448224258787,39.78204029078639,51.6689304967461,5.948252892737712,5.544570400033155,14.83216082796834,SAFE
73.63897900500447,48.38935959667246,22.29766182157578,59.03624330714028,6.919314196730921,7.801968483753402,47.83366289328516,WARNING
87.41096277181506,48.8999896780645,30.24156907875358,71.53804334066133,4.272817081273277,-1.553722442879355,54.518649967339144,WARNING
25.334836447285902,40.911864350961494,39.71630211627031,42.817086417362894,0.5613158802107232,6.310848748380145,20.410542809735336,SAFE
62.02300525347562,47.98494002755022,25.044784381539046,33.551382900064056,4.924422608665015,-8.29067954069705,39.98203809667361,WARNING
26.179000110270746,6.298893040958414,24.482643593201573,35.30723264106959,9.539059994272854,-4.42874573100529,16.26579855274484,SAFE
44.389758599256545,44.93059038171111,33.546431759229485,60.90187402808871,7.055631903608371,6.576445142107637,31.547912180730066,WARNING
87.7669267851761,32.13198353325132,37.80014549388115,56.76987637127384,2.7729085626842345,7.601534177676889,54.12246144209933,WARNING
54.147282741308715,45.306879378361714,20.803356279011624,49.87578757706177,9.478050183624681,-5.006998144833945,35.001638761933535,WARNING
94.15362460384927,47.6951230564625,37.64284628451722,58.183402254664934,6.469394490806385,7.392339968997383,59.39725598306226,WARNING
77.58970823891845,31.50469247277058,39.645188157414054,64.28383181668471,9.754819924477612,-8.852230507858184,47.75900077361102,WARNING
13.896037074221246,22.57294230002453,27.697589217686303,69.13674206785139,1.6061402646920375,9.521903582229772,12.97651891478158,SAFE
31.5065875260914,21.446185387007972,25.49490064880046,58.968180866327366,0.5862870042258395,-7.006449888591025,19.97571010401875,SAFE
74.57977034187242,9.325029170240196,24.710289031133257,69.64911178624189,0.933011783572536,-1.2505235445831815,42.99496833198791,WARNING
2.3063386997226987,17.340369965895192,33.97962805221509,34.505163985861415,8.883346267787601,8.18998085881432,6.308409969906932,SAFE
10.49903751251351,49.53662181878883,25.950591067909777,34.205083556580306,0.050671144972622706,-1.829542084722748,11.567941746576418,SAFE
62.98099857061177,16.608962495165663,36.734347309492456,65.8303137782525,3.501615319680327,4.686193332172092,38.79099795015872,WARNING
94.04877369692498,4.654799927150854,26.12207920315234,53.16629695583467,4.979901277547686,0.8439128977214736,52.82450197739486,WARNING
30.062690653864856,33.362982299117455,32.901690070596594,58.89107531358069,1.1376172171087662,-0.46064217808110897,20.767297219601723,SAFE
35.622688748937556,24.55192349190613,38.43732871030052,54.02656715792041,0.1398079183951184,-1.2232652383173814,22.927856350437075,SAFE
82.06481800493822,39.00304616090841,30.26780147056362,42.488450642965766,4.650886629145451,1.2740443883638335,50.162275269316794,WARNING
99.98714382741338,32.20890450846887,33.88529860125227,54.572707178402595,3.5448955078252986,6.259059672944119,60.31577655488708,DANGER
49.493232433923616,49.73450649822625,29.14241148536088,33.40001418237887,6.8257813709008275,-9.067170981483779,33.57313742217476,WARNING
25.05015968847033,17.686912638995167,34.78967171242655,54.71179632038064,0.2864593131025661,2.3369970255184427,16.75307486495738,SAFE
41.143623742666236,46.09172549835536,29.99124622280471,65.44875729696695,2.188684923295469,5.219471290633065,29.413494288581937,SAFE
72.09553104836723,45.20408542706541,20.676432834383984,52.37503488087256,6.791554027396302,-8.096721998395699,44.84745842300276,WARNING
41.06040671489124,47.10733015330977,28.718689817822565,79.27023917403157,0.5683906107981962,4.356595522817825,29.84314179321734,SAFE
58.10162362482695,25.02698385660627,39.41694802970019,36.48252002455643,8.959989516809134,3.824808222732205,37.06827389995953,WARNING
25.89960732996327,45.08345728161467,28.585898357220266,70.71136640365354,3.8883651704739997,7.01861654866482,21.566134565941624,SAFE
63.66291184450487,7.0523316791863575,32.99326326939055,39.56723813509363,4.1192262789416265,-6.5940883149593255,36.84709725305824,WARNING
2.2016115667118585,10.594326972497875,30.727440474482513,54.0780483888673,5.014970955360637,-5.046262431067974,3.011342049876833,SAFE
68.51612006141862,35.21316434101729,27.15935651119331,74.05850442370871,6.440232166355479,4.260785505172635,43.69024422397937,WARNING
27.733991793893942,0.030581757779352126,37.30751224204219,71.12121922899043,1.231918880428302,-2.5178973008738703,16.98978617999265,SAFE
66.13393083885826,32.60554286093641,37.207006696171135,37.01340808177143,4.299397477851188,-8.055511641471504,41.10886605207824,WARNING
38.959524843862816,0.7553722793852191,37.96546130220254,56.35219984143406,8.498022608023536,-8.801905979932725,22.89406007964608,SAFE
22.745811047292065,12.968999761059031,27.73382989277576,70.1433186198773,3.8655787373149266,-5.90692940707346,15.14423241461494,SAFE
6.499026033876842,3.974587417634373,35.20094411921955,52.24014955183165,7.261811220000153,3.6457424352739505,5.686216792003059,SAFE
13.536246176025779,7.14439670961336,35.10684030868268,66.06341467427086,3.7803076687431036,-8.451554733343198,9.656903200360349,SAFE
1.20980216984522,14.407847473087243,20.18444547174454,41.50363105518517,4.195007402113386,-7.571684693760917,2.9815224844827792,SAFE
10.427775783154624,44.82187178593683,31.709400580457785,76.72278433813906,3.458261637856792,3.542898746583262,12.770565936468063,SAFE
20.469167462179037,30.91701586399706,22.591714600199687,30.10403195881429,9.31531801409579,1.0978875235041858,16.150299768053106,SAFE
92.69406627820395,16.691576185103603,26.555721383235138,50.03275008865158,7.060409839581682,1.3161726837234848,53.34657267384066,WARNING
92.5354907099118,1.2720450566219677,34.16391875945073,46.516384468327715,1.8023365181846118,0.20791245040197914,51.785800426659456,WARNING
50.5063784179996,6.85055143442142,24.0379211226578,50.408233245077746,4.0881141239231535,-3.648837207606306,28.73648458565908,SAFE
14.854515150998093,0.2186839550489761,39.404701248560414,77.17496148519635,4.836503791761352,9.901035065500114,12.49286706792978,SAFE
67.36543307822433,3.442876880377077,22.354363981652547,75.80554219348188,6.300522021496285,6.8636725331470245,40.505595399356785,WARNING
89.82696496338443,22.397100564119306,20.97051903153386,39.414017444866104,0.665719473024351,-6.225203086029854,52.40859993610459,WARNING
41.05329264558768,5.909840525749272,23.334664956106867,52.29108910358396,3.4017095038848955,-0.6468375162391808,23.538201690216255,SAFE
42.917202775906205,32.22390129899417,38.743790977517094,35.393216922212126,0.9926014930919491,7.05612222181804,29.705234878431284,SAFE
50.63967046524591,38.32025117842211,24.308438072145627,71.44312865837759,9.23846624192696,2.709660310929765,33.794433777321366,WARNING
10.587902147380223,44.76474070781694,35.849754547401425,67.5438888257245,0.3672818890591556,5.979250505139424,12.933716615977955,SAFE
13.7951010468357,11.11930880984442,31.54269669738515,43.24903864584415,6.613482063119197,2.1614089539816312,10.126875253273415,SAFE
10.814959801326262,32.80072897957532,38.4790981964986,38.05549525929166,5.9706202094288745,-3.162692561266118,10.798011946018766,SAFE
45.961167177360394,14.350008953948496,27.082612726953904,31.445591163327865,9.815517379172206,2.495998441454965,28.735469478373975,SAFE
50.07055904938853,19.185767475016334,30.78749117648055,49.0052999357902,3.5990792749367326,-0.7210691655597383,29.976447750446678,SAFE
27.59830336711908,9.002494998339273,31.13211796360587,72.13827180751505,1.528281777258923,-9.345313187915627,17.569249929168418,SAFE
24.681174515403615,48.98603217269054,36.57516147486679,59.79330267642983,9.29248915243136,-1.0944176632551077,20.006296865927446,SAFE
98.3280602575174,14.815102255964202,24.806114990318783,61.90241005735055,3.781539679503604,2.527310839525157,56.86129727246279,WARNING
30.49955183026858,30.895912841899552,25.514925211700728,32.5486034409445,9.121359019231834,7.664104037469244,22.751549637830934,SAFE
97.0798149272672,35.826358811070236,33.65442355470606,57.95015350374153,1.2594241635252268,-6.2152937810146,57.86973415220263,WARNING
28.94696886725362,44.50781812866972,23.4593904920615,76.14365872439453,5.227857330514172,4.311392709461444,22.879499509891108,SAFE
11.024448668056653,13.451677438795546,39.17037216362853,43.30749734648657,2.965217203911461,-6.048052303178411,8.600019112363386,SAFE
12.907366530682951,11.662882072699897,32.846537839015966,52.76838667517818,5.537558363378986,-7.552703424679514,9.072963943024272,SAFE
80.21164471629001,39.2047350289924,20.43179822285351,49.17575472551525,0.6877060197114782,5.842115588299162,49.509308868085725,WARNING
73.72696831257043,45.0994047146578,24.72807917906229,52.814794156389944,1.8448787716439774,-2.5753013105176104,45.30635273082811,WARNING
52.2243251566884,2.6665394919294485,34.297408213547705,57.16466801855376,8.289590172106733,-4.564389976176056,30.227616105581976,WARNING
90.33211052692545,49.93471265152217,38.38596876755349,68.89462379165771,8.123688028737808,1.4748848508917298,56.99132305453701,WARNING
19.01538629126105,33.85203425738587,34.25506004119863,79.26925701339528,5.413013162563218,-4.572619699498873,16.04053239679002,SAFE
68.36725217395067,48.96879098332273,23.54427816538188,46.29989592678014,5.418809537726811,-6.595707302359903,43.02759956628338,WARNING
2.2220639519938357,16.84915612206253,37.30741603002116,32.17341996618574,4.289290590169175,5.244015458521648,5.6770182102074225,SAFE
95.31825969108853,49.27376995022161,28.439387612174833,77.51921471895588,0.3541897328086374,4.918338759971126,59.90172718031206,WARNING
64.27460346336129,12.476092879307615,30.14637001359298,36.47768688802478,8.71597150951561,-2.842038289087041,37.96787392453367,WARNING
62.60444704657166,7.938814314363113,24.12329689262414,79.5978185401576,7.5308639444132925,9.239437395481417,38.97448406574434,WARNING
29.585116521204412,8.22814383099102,30.06136926957662,54.73341411136717,1.7494651375798786,4.664391391628204,18.604719174013354,SAFE
36.17775344387341,9.318261546525864,26.639667890865766,58.18293498175076,7.264709321804432,-0.36218227885030885,21.68395615850401,SAFE
52.55949898283735,6.94729679713742,38.29381849416464,76.43620989960222,6.834265904180037,-9.647371821319506,31.930668835171627,WARNING
53.70742159033261,31.460948604430676,39.893084459162196,79.80334775973984,8.576112353255574,-8.72338015947773,35.34880396373389,WARNING
95.32763907787299,30.633062357599954,36.017735409583594,50.35964248429268,3.1966947123458977,-0.7351170903238398,56.222211358901255,WARNING
14.687451296882692,17.8533069376653,37.15234999536557,31.897524313044073,1.5087804682460448,-7.49767680701029,11.451609214580388,SAFE
40.307554270022806,49.849345044543085,23.467158604227652,37.27413247996301,9.150557297761544,7.641010339319315,29.85275473150926,SAFE
3.224036999655444,37.58529800896575,33.10931402952859,68.38704049263545,4.945024547959221,9.827584368965912,9.069335978006416,SAFE
4.384701871096319,11.718579320190287,27.9309197394723,52.48889707828516,9.213674026995186,1.2000872815451764,4.5551359596686725,SAFE
4.511099552039388,20.393148171283094,28.3298082473814,78.27454692188924,5.991970910211082,2.713021423178777,6.9428401593598155,SAFE
71.32530312512708,38.50196578410616,32.70102140404978,41.85971755669678,8.740459143411641,4.642396008212604,45.236680648411266,WARNING
74.18704850969559,49.82783696173746,36.05053069726632,71.45757015775766,9.514055157101584,-6.977320003022123,47.88676817711261,WARNING
49.772737647806785,29.02835117953938,26.58551458444915,71.97016719472528,7.624196216457234,4.41766149016248,32.72036702206176,WARNING
99.71494397581668,12.969068670419526,34.70914503350843,57.57022374529503,3.1298918249387606,-6.788262585537483,57.160589083928244,WARNING
89.58838370675471,29.772774135392265,36.498676752815896,57.267249200077245,2.1997708065401955,-3.249023737993495,53.29917329022599,WARNING
38.153884247354654,48.64674062518512,20.11266556762765,79.28330115122534,9.804616351098307,9.923015810602731,30.032676157418923,WARNING
47.658817891963466,48.19044848104998,27.911983636996545,31.314722033419336,2.2434718637176454,8.905924898747692,34.00461634179919,WARNING
1.376469333539998,27.299706771148752,21.512031777893583,44.31982892137893,0.8809285071188666,7.190572422261127,5.427596685406417,SAFE
59.10707096477058,45.105323285915645,33.767063990804566,78.55145656225498,5.098776547604066,2.7742116352574904,39.695128541300065,WARNING
57.63088198890566,24.213021472330638,36.91918730846025,62.22625678351801,8.013122648554727,5.727278732048264,36.87167132456748,WARNING
19.10451606552953,32.508176625882186,23.99296038362668,59.16602391218854,6.774346844463005,9.944701431751739,16.594612303631052,SAFE
3.054197814973836,4.5621197056860465,21.54053392742463,49.918064313337,8.215883614858138,6.881126655742712,4.100110368657583,SAFE
73.69795957211517,44.84391209149739,26.45719888338905,34.40773221261496,0.5815302798985011,7.042654392387725,47.308349699824255,WARNING
73.04362943536913,34.93076530055605,26.793526770913374,48.99525943091131,9.581135288993192,-8.7239051180413,44.28604285095838,WARNING
77.37317369377926,15.481666185419657,20.781092368251123,67.1285055371228,3.309118856783746,4.442950374855933,46.22482882637452,WARNING
70.765438311812,26.739343771655754,35.547462584210976,59.051916208562176,2.8663685284826066,4.68230602128838,43.65467401898264,WARNING
58.913981587772355,0.6363640844960272,38.03288355540619,57.282180916215665,8.686272654795317,7.654736779644892,35.44734049397424,WARNING
44.49666567350885,25.382999822561548,28.31508775351204,52.471838765402275,8.951471589717277,5.762880279358221,28.900962063989247,SAFE
12.652567631557798,30.515389077004794,39.91813280772685,59.77753506162429,7.858716255931055,5.3812294676234185,12.714416204846064,SAFE
35.03175258723286,18.592465135197944,34.481528435808066,54.99917658024175,5.70570709130388,4.258115807296752,22.9876542033249,SAFE
77.75750270390502,13.575828886653568,22.93587518873926,44.58973233618626,5.075383250920755,-3.1571736540592177,44.75169816211288,WARNING
56.83627588475938,2.673286206281422,30.195008232275345,48.399245346885394,5.346667548928824,-1.5493329023004634,32.13440187896175,WARNING
28.422585063754248,45.20539527288179,23.695299768427137,64.06827877902799,9.24644712582414,0.7733991937086611,21.538612457915995,SAFE
87.6408488579482,6.242573921664219,29.875775405128163,52.85126402404697,0.08118807036994857,-1.13485317281331,49.21713563901519,WARNING
36.90297563825978,33.48993638873077,38.766595571530374,34.289554413101826,3.274763867146231,-1.118705252114962,25.2832204911947,SAFE
45.51853780343833,38.740486042112686,28.867913316668815,31.358065072682667,7.101040945928313,7.696593902913435,31.92910763618076,WARNING
51.39047125496729,29.05542608492527,23.25872877938092,41.03229723394785,2.3517023912461177,-1.3851605023740952,31.82333561762041,WARNING
92.8145220895642,26.0892383357443,23.841952904027053,43.30438679344748,3.8401502972718426,2.465179513855988,54.734637415595806,WARNING
44.00331530040054,19.622242208846245,31.294572007979895,42.09174974772327,0.7890327258458218,-9.511713703555557,26.913640385410044,SAFE
25.125916346712707,4.579601707223436,26.726812770415336,68.64667701798777,7.162943304868383,2.2185524557605767,16.09774630723002,SAFE
85.25002438794787,14.103381227213834,37.701075060599315,49.96195848345896,4.008933182666265,-1.8929677274895695,49.13525402408305,WARNING
9.809436624098144,48.774524916552785,22.770135556503185,47.044286223459224,3.1930032032675717,-8.506411343665807,10.691571706074518,SAFE
15.226013011187668,2.242916809269291,25.84808987121027,73.33284620144532,3.394422057373845,-7.526163358652416,9.977366743581618,SAFE
64.5693868383918,49.83004560274553,24.64647579063855,43.97855026852847,9.718470542807886,-6.424474248990258,41.30083954557208,WARNING
51.12140674591639,11.982606650804744,38.64703795802488,79.07605072881469,8.146978461200154,-3.704323683743789,31.858537732736476,WARNING
40.3487475280505,12.115284183321068,37.81515934017983,75.72791388440791,4.188706622460472,3.130661398060038,26.166060830724305,SAFE
16.555317977469386,21.746795018170452,32.62998213346995,49.27015592590098,3.575995256864599,-9.980020154661148,11.876895462646887,SAFE
80.42934637771141,44.46688060107241,39.38927059091664,65.96356925346078,5.487923123698845,-4.614309603825813,50.474866716252336,WARNING
99.92994759634985,29.48764272660528,33.62308144660892,64.12030809776589,8.452517957571814,-9.806549223061616,59.47003082575027,WARNING
22.02469404313718,33.2767000085007,37.902914736491354,64.2669390960678,4.134912914936802,-2.768890082594768,17.00649006195032,SAFE
73.79480082833204,37.06188485685967,32.14115985011381,44.57335120486685,9.251548183905436,1.0375988423727822,45.591816551200765,WARNING
79.04923562483306,10.715413108091582,26.880815772294557,73.72897581936712,0.5010702993996841,0.2463062251332424,45.903425244047064,WARNING
48.170547984400905,37.561509445404106,25.63787541198665,40.953341092979976,9.261328387732338,1.4341930391692959,31.48408407913172,WARNING
10.46895682836545,9.651808110716054,39.97652119028497,39.78044981260962,6.104755113536787,-1.597438420087638,8.28814839123321,SAFE
88.55990948498354,37.758429614766385,31.939027925236317,30.536949089899124,8.797952074934596,-1.1066505832256741,54.24379472373118,WARNING
93.15776530185765,24.776950642710062,33.88448978365451,33.46463247333211,7.451516535267858,-3.2400793737615423,55.35803467257223,WARNING
35.135901433178084,5.932792235469497,22.937142972804047,39.28795281031051,3.2820616857142237,7.8393982555121084,22.288752958027306,SAFE
36.82602382300805,36.21813532816092,21.654950077797427,59.55493996359963,4.818912312704395,9.55915893909009,26.673903533213867,SAFE
84.62077698789629,22.741488621932486,35.50285528090677,39.65193706468888,5.62336327391778,-8.507618888625837,50.139290280043,WARNING
34.80890322516831,11.293109081108515,34.37819630650422,54.50453456071807,7.510704788480105,0.3059087526289126,21.40506121526433,SAFE
8.648444215163853,36.76838248662634,36.66458527975611,75.17656129563963,5.719919453067082,5.071707179989902,11.575877304423873,SAFE
75.20443368826271,7.787487989947217,23.284413749191415,33.544275290456305,3.1991363514030144,-0.5298282451787095,43.209709693126975,WARNING
99.78978527542169,21.549667103408478,34.52485177014742,64.66985131362674,2.0448195025057956,-8.82985697101127,58.351324741136786,WARNING
54.60067515335874,35.015279615723806,39.965035803725115,47.93055261405854,8.963645620810967,-2.3613508826162715,34.83180573644358,WARNING
68.94117084305128,29.912646525852598,21.059575866051937,33.91942134851293,0.20764089724460977,-2.5833183081202105,41.920340800397454,WARNING
74.58010487660107,8.637769699536136,32.11705936767792,44.441389001553894,7.969926239790722,5.967922980059818,44.1086990783919,WARNING
77.54145149664235,26.24167569006884,25.691334201597034,70.47220219393174,1.8610056193924152,-4.20480795942688,46.42319299290624,WARNING
18.39477061606216,33.71050801938239,33.724720562316364,62.625499639337654,4.156014668646678,-7.996579855971335,14.763486384287463,SAFE
91.11695845150211,25.38654820061191,28.139443898221828,59.44124466241466,1.9279043581910582,-7.349024417902513,53.37841161432873,WARNING
40.552522145794356,11.361034704995527,24.885805890743292,74.62557438892647,5.307591771858249,-0.3306187135329779,24.942358664188518,SAFE
68.94795937285974,47.57740568383698,22.24397128941128,71.67672835546287,5.840191798678459,-7.076692923763255,44.192765666693056,WARNING
29.714931868899164,24.118070823236977,33.823542891548456,42.13035084767261,5.348788154675899,3.6934325483172348,20.59580512980927,SAFE
44.87407508475062,43.15129805600879,37.38918205680809,53.53456088202229,9.729257104088996,-8.488298151891055,30.278521104359694,WARNING
0.3362378322936621,19.03341319019595,32.021941227450185,61.46000787248305,4.764457362938286,-7.502333735187077,3.250592449924685,SAFE
17.049752178789422,42.60739919260046,37.35822263478522,63.69492689303601,6.642179722788823,1.9536425605561512,15.663598592235964,SAFE
20.292588570198824,21.41253501299516,33.917893029267574,56.86261360016694,0.1858033405509918,9.071136134401968,15.914719940288538,SAFE
84.48160525721434,13.027250705486892,32.32917870332592,76.16196918640938,0.9601101211365137,0.06058961593401335,49.50228878574697,WARNING
45.62430258462945,20.510250264176616,36.7117721778585,49.03230733487287,0.6366333324100759,-8.68324515671395,27.810196356733645,SAFE
4.274460652460899,20.457271093701863,34.368125553967204,40.186123096525776,6.4646852043154945,3.7417694420740837,6.427368739726344,SAFE
25.520212401559796,30.027882803031464,33.69736680053695,53.330681140106286,3.367165972800951,2.3830310314865457,18.285272003130554,SAFE
97.7847087328057,21.342070468448902,27.83470192570242,53.213345121305665,0.7621839344504822,1.0632655934278006,56.46896151764651,WARNING
32.869738721726364,6.071106116563124,29.325134822347465,30.16919932869887,4.017852451627589,-7.88529464147099,20.09415630586962,SAFE
2.429270339978029,41.2237523122251,38.32497606565269,40.38373241795533,5.3929826383426125,-4.440836857380301,6.875185232512425,SAFE
49.35774386721822,21.831566044708012,25.38102110160971,65.01967898176488,1.2649095932025423,-8.938544356572658,30.163196215269682,WARNING
76.76754330372792,33.29650156103399,29.97052248292796,53.38948852362708,4.974113794914262,-1.2595184780265427,46.21850521322722,WARNING
39.289229583117915,24.984530144306017,30.57030342319521,64.59511570418104,7.1120716073402255,-2.447418397197108,25.471403821881278,SAFE
41.354052274348874,18.68485848681115,30.730715472514206,52.66767689570976,8.895964631361936,3.9272253383294515,26.263377517218185,SAFE
89.86563837544456,35.456849577971276,39.41984297047628,61.78683891276346,9.635501381630547,-6.836602191811478,54.76389522753516,WARNING
5.247768082940385,28.95625926019296,39.669864115995495,50.88026236511984,2.120433621929596,0.43082898387027946,6.751592173562811,SAFE
64.87986245788886,15.758934775794447,34.29538716998519,78.75572535228629,8.96963121710617,-4.168292529756094,39.6108550163872,WARNING
32.67236831445983,18.57706122247943,27.891055567872908,35.01597495966397,7.619628388892893,-2.693214727785991,21.10224414505594,SAFE
87.98199767054523,46.347031156005436,20.488626186153763,79.4251534964103,7.100227315001845,0.4078445198592462,55.15820846963519,WARNING
38.952760837255326,25.925906630485645,26.49249447956889,61.13439068482741,0.9298027644479123,2.4224520582362032,25.178933931628446,SAFE
27.53448501384441,0.8817414526173184,31.05411532325755,58.92238779263482,4.26569004711536,-8.554275348993663,16.194250561026543,SAFE
89.33429528041916,30.571540361394444,22.314265991379393,55.546528829707384,4.972543159484715,-8.79196262414146,52.851256740260624,WARNING
60.685970360294746,40.416319946078225,34.980161084969566,40.14847070820917,8.622925295542114,-3.149156686812981,38.84164647638505,WARNING
94.65083782919413,3.587398211285686,29.724173770396852,59.856218858877455,2.476500984746047,5.427603774404554,54.35506606276727,WARNING
62.689567981071704,0.9054718643977777,32.16737181392472,54.573911720922325,1.9602920170350768,9.914964541190592,37.23788126186144,WARNING
89.71621948276149,14.625384751453174,30.821418415972325,45.82510699551454,7.754957516360781,8.6066286639291,53.415348370290886,WARNING
35.88286069143835,40.27921245718137,29.968150854264096,49.828928065578864,9.384218520987698,0.20809377438062882,24.531285446369008,SAFE
46.74105002574649,33.62172009811715,25.22468402036569,46.23964353941579,9.320458362386226,3.570596908738848,30.44914384788686,WARNING
82.66371477710057,13.555588096771482,30.875803798597442,78.56981334947491,3.187038990282176,-6.790470473659163,48.702234744000194,WARNING
51.088600822466404,19.39105443624381,23.19154465573427,74.4275691351684,9.907239105537778,1.3716436137999555,32.11932779798949,WARNING
77.4676768373454,42.951918477314976,34.019640120436534,32.20780245558656,1.5763423171681779,-8.580216176972272,48.32182310737237,WARNING
0.987960664205656,15.299820437861827,27.847119209631195,42.05148661679628,0.6460464808632094,0.5972618167335515,2.7648967261309103,SAFE
27.331931995714164,39.80185774317812,20.161052432505624,72.12635256438051,9.54753678945957,4.322701263071391,21.702930470641604,SAFE
73.36440652625666,46.67811558013666,24.181425706006983,79.72827841042883,7.734812033785419,4.531414166555873,47.83860121767637,WARNING
36.109057899529276,27.288874270280527,33.07835576546694,61.01714306586079,7.049846384775807,-8.352365218431787,23.896136532574335,SAFE
35.56484328316968,21.700000829773856,25.21258595749933,38.63136351346119,1.389274799128628,-2.6723321548682977,22.37918875087905,SAFE
49.34417005625659,3.1488220073330355,38.92916189181099,68.26216614303792,7.308517731854666,-6.542789500225461,29.429168020009605,SAFE
60.3800768012189,26.486247340433373,39.649376915733875,67.38358850400789,5.757618837162312,7.016253329402446,39.150446853439426,WARNING
15.509427086070948,0.7608264845488599,33.804666668290466,34.91557301186187,1.154336399835092,4.893614528490611,10.837161954305214,SAFE
27.05348441339891,31.431560778444645,38.34813852185497,45.82372658189291,2.171441578399188,-7.868742325178966,19.007365181131927,SAFE
13.046236141972612,3.1111347689421365,21.752847576594803,51.600229440457696,3.2086504502396975,4.13121628645996,8.715588227976273,SAFE
87.02416582470019,39.23866015711921,30.612745133313044,35.12210581163267,7.0976728394155355,-2.743425505462529,53.16657282735182,WARNING
8.565039391541019,42.12332036063128,26.764330343650112,40.912441625578566,8.714520646188431,8.042677368940097,11.509959643411708,SAFE
33.89708371915599,17.74007096406867,31.59257055166288,66.67207469053291,0.6314920190686346,1.8668731437694337,21.985584633759764,SAFE
95.28200617835816,13.104694858997684,38.176544281938675,77.50841703815468,2.6915364097108974,5.084037317707011,56.90120523402837,WARNING
23.877500831956,36.880558086606634,35.948399425776515,42.360285185532476,7.15869543583235,6.2420907772817955,19.356439905496643,SAFE
35.857887210691175,8.385138799486347,21.839291346350272,58.76908518049709,9.780981193157132,6.4590064004443235,22.937691877282845,SAFE
43.58396389345528,26.83104514274793,25.59055770823638,38.153293368003176,4.820811582322733,-0.7299686766562967,27.517188451802994,SAFE
52.19299528037602,47.64022927819704,32.077906002895446,60.28859183111869,1.2802476286107678,9.92977732353641,36.38846306986504,WARNING
77.28449442346685,43.86016720470024,28.28600823661988,55.10640478928124,5.220838091622765,-6.118109214207896,47.57315120925299,WARNING
68.94891563269572,45.148836180872834,23.274116362768382,34.31591367430823,7.382189055403422,-4.535963366540359,43.67639516698627,WARNING
62.386254161732936,34.78791689960904,26.438215271636437,70.75722987128921,5.499889821142169,7.379988159036056,40.651995858924614,WARNING
76.32935525589475,43.42878160187269,20.403227642357884,42.17531303692974,0.9000794044593863,-1.1583396562130162,46.99010048718798,WARNING
88.99601216153182,23.37701311334346,36.99426089160788,46.35891190096589,3.395700728052524,7.911234606537551,53.81930740741909,WARNING
42.58171465117015,39.48827438973332,24.732870957638028,77.44004148388177,5.745782465305711,5.186471371568038,30.078712421008,WARNING
8.95156997948855,24.633211291526436,38.02076995468046,73.85193145216522,0.46813957234227543,-3.926030617421066,9.253726666830746,SAFE
44.33200064790801,8.613240717789411,34.599966219799406,39.22559977993558,3.4663969436988618,3.2656127371563652,27.089085144737755,SAFE
48.20893445244799,36.92855193174469,39.224158024457196,35.827334385759876,7.095677163980609,-5.39311688735771,31.982394182154767,WARNING
41.44767274075692,1.6431362897569912,22.71814764585398,45.988864452444986,3.4198580528798495,7.991704329241916,25.044516799969433,SAFE
74.18129092665151,48.60914840935205,31.98143020670481,42.0856866045659,3.276550299216429,-3.603281534160658,46.569239545661304,WARNING
32.64943276632516,33.648208655590786,30.616158561808327,49.27120890433221,1.490897687287166,-9.557216741157081,21.71380125427608,SAFE
21.88346775876926,5.373570198434063,35.70890061704479,35.62489789069427,7.242282373068361,-2.2868262044783467,14.189578542137443,SAFE
7.337838974377597,40.63650247157929,31.592611404732267,41.78807564317865,8.946811743326679,-9.094833722588971,9.287029058309624,SAFE
20.18196081977629,37.60234639029305,34.18755860619778,44.4635846862239,0.6202487535278312,7.161561444498876,17.059836512481127,SAFE
31.369763806990257,9.785670746413262,30.32123644721954,75.51135996412236,0.43546577843375345,5.316081760617754,20.8585566300983,SAFE
57.24732279387089,21.272455827590846,34.881608882101204,78.29122122208162,2.29206211162691,-7.127052698557607,35.63651773017857,WARNING
91.2881745222697,33.44765387286518,28.75972043123932,58.662978513214156,7.45613905176244,5.460637974114345,55.639330869168525,WARNING
91.98941808189646,21.342139444781132,25.8682182003879,61.983213339492096,4.1572789927953036,1.8919690789795585,53.95722323195085,WARNING
41.99857984559502,7.649789333908724,29.388535033179167,64.54589109705164,7.992838076676499,-0.13347446406906371,25.210561058813497,SAFE
16.52378902104009,20.73438548247158,35.72587857683396,50.64296353085364,6.965307936042223,0.14427363356179512,12.10708473871806,SAFE
24.12231251093967,39.80752540115372,21.684269081413742,56.244514137757534,2.0889103424340494,-8.658687429172486,17.830482191071084,SAFE
50.293393708324885,24.97810779674618,34.13801803351441,67.23753465259524,7.277914886928968,-1.8088253416648996,31.84185069790524,WARNING
63.168978722656256,28.847262132198015,28.431235122338393,59.86063470929966,9.472478767062626,-6.142125126372453,38.76588194061578,WARNING
90.57720957855263,2.672775699159918,26.167784258033215,44.40726243057641,6.263651078809057,-7.375500964454194,50.735951483433226,WARNING
88.23476118397538,41.427570423252064,33.04131639370556,52.92069158960989,9.329560421420783,6.614931094411119,55.0094403326307,WARNING
49.93151480812449,35.09366772271556,31.33859904359369,59.39711191941323,3.3097606943747127,-0.7583079075020649,31.923973499609104,WARNING
7.812143078974421,17.867434583229624,33.916570307243035,77.66080152530932,9.630641127630202,1.1144573824978323,8.616714276267587,SAFE
60.66222518095821,9.286059275048375,33.90616216187061,33.53293963371931,2.846856857994445,3.3672669457088453,36.37728713548091,WARNING
31.03101315434893,2.492343705722716,36.637408187019275,45.51650035672815,0.6310522485867842,-8.504236709942695,18.15388960940808,SAFE
25.175879878875364,8.900797361076313,35.48600235560302,46.084202333351726,8.046957850398325,-6.523080043536944,15.859251563121562,SAFE
49.28791795440838,34.40185667765644,33.039817077317096,60.05647049651344,9.248216019311698,-5.429497045865112,31.915765722347366,WARNING
49.37192044621054,44.199627503620434,21.55787531190314,32.79441341265376,2.3330228755829143,2.660424390760369,33.25564058148122,WARNING
25.98796264498069,9.511994190439948,29.17604630716584,60.679903438470575,2.485577070167404,-3.9861762655251587,16.111655214573567,SAFE
61.35593048115139,47.286921099472636,33.494834548761766,69.145207179228,3.668100947554688,-4.554912812310679,40.03986100835775,WARNING
45.426774320262254,40.35664143558368,29.125992835811118,72.33627043949305,9.88771980695127,-8.559466685393273,30.83788917381538,WARNING
4.541015608370369,7.479485145668091,27.687393514686924,36.552110457271624,8.70664477618756,-9.537074979458724,4.487603490850655,SAFE
31.579271633582252,9.234731474710268,38.630786603150646,63.4740502445014,9.120302564513745,9.446574206207867,21.992644357791132,SAFE
49.70982436773692,11.715955402401313,23.874575723931784,41.14594308429203,7.085933076220029,-9.191085437539986,29.365269655895247,SAFE
5.136107303271487,30.4071471191575,32.841142934748135,63.263146216123005,3.7188050458859125,6.118897774283063,8.330507993409533,SAFE
53.36245877266176,5.273281500470972,35.9419861413469,77.65338931352292,0.6003631300235868,-2.172973225988402,31.836467404255735,WARNING
48.751604483474765,7.323538003915847,37.354178955657545,44.2074822445022,7.830085399381601,3.4198896405663213,29.528553299942818,SAFE
59.804582246702346,9.60714243482772,24.414070411018116,32.36742023732847,2.407124297822664,-3.091127810789718,34.884516161642864,WARNING
83.31453038624254,18.319633335740264,35.09243565531213,51.972114064774374,7.848683119938884,9.525432008740797,50.55570308975685,WARNING
23.98415580575801,43.11708059819381,32.436481726115495,70.86471307943273,6.515859022678052,-1.521009854516997,19.2438464443976,SAFE
22.807493944179036,3.501761266558251,30.71036728921434,79.51630472634328,7.380418050142063,-3.453089172019668,15.02465229923928,SAFE
82.72048000867352,38.44920000882033,25.632715867069138,30.715374489711735,1.181626385339496,7.546123806241152,51.905357155035546,WARNING
83.65630353048718,14.760450043918121,25.70390852568841,69.64324935512356,9.37737469895422,5.582745135951999,50.089787602338475,WARNING
60.55786770307615,12.133567516590226,30.514958281905216,41.67559292966323,8.080114200967737,-2.260778409645255,35.6161579660114,WARNING
83.36972169940262,19.080460899136263,36.482988103997826,46.665890758262094,4.401327046176698,2.3097683868531504,49.18426792155132,WARNING
7.028761402991868,47.41035309077322,31.47211572247606,55.391000734540114,8.39393971119912,7.315254597936551,11.082757808720924,SAFE
52.2260404529016,46.36311628968187,21.294755321529614,35.66128961256088,5.967882300144401,-2.9186827641283264,34.56122574636676,WARNING
46.422516618919886,16.403960894858326,28.094506228898712,71.13231735731497,5.934761998543046,9.946890985669967,30.670237706263602,WARNING
78.68791978209629,13.683312705091332,25.286902354533925,46.79491350585036,8.432594806477427,-9.454246986988688,45.24291633342014,WARNING
23.01812788712577,45.24592101721335,32.79792872166504,41.34235477505282,2.1914496823258034,7.252362035188611,19.567386028125135,SAFE
89.37575082770465,12.806554548105764,28.410207161530643,71.72978693141586,7.710074386098854,6.278322131321691,53.33548626026475,WARNING
51.83981907879688,45.577452415258655,26.519030879088703,37.8336067173759,7.087323325648648,0.7870883201379275,34.2657007732598,WARNING
85.4585768809481,4.057962456235748,36.87384806876133,44.66473266044111,6.54855667168183,-9.197424218434884,48.59589713414514,WARNING
60.95812963036007,35.8635844593668,27.375004290112408,40.770535263107014,5.37630676603545,6.663816088712931,39.29513175002935,WARNING
32.35473582966508,12.623464876063977,25.578706172753755,77.45660764583323,3.5927691576455967,-9.927915202234256,20.638855342733823,SAFE
78.16812079596197,34.96373976676951,22.571365292059376,79.24521245674563,6.080622853051112,0.015589818812030032,48.37968187910531,WARNING
38.2219267622891,44.9336377781819,24.879269628371265,44.28844501099509,1.224108066865669,5.1823819116852015,26.9047195507892,SAFE
59.55492804058533,30.453308462724916,24.369408620389272,62.558419456354194,7.65458447246864,-2.842229385486215,36.84272103401611,WARNING
80.13471439617122,17.439529426601048,35.16276923018575,31.68650537288595,5.5116460147365265,9.390531212797733,49.395547596715645,WARNING
98.12446006823907,14.08762891708703,28.82798182160711,33.14889539933165,8.733413076045997,1.371443062804282,57.12212951671714,WARNING
38.5100678940517,5.638527924457653,38.935345709937785,56.510952391049685,2.8292792908290387,-2.99569739736981,22.90816900376503,SAFE
27.069718092214767,30.09049044284903,38.5992715156102,72.83469016632822,4.603808754259775,6.529987246020156,21.255279966016964,SAFE
42.310548127632984,12.6153570379319,39.66830230532856,45.19437839854109,3.237242309869084,9.793857355730445,27.626666955970254,SAFE
13.392749316565489,38.02669940048475,38.71625516965453,55.58974971377093,0.025217617028200356,-2.498821117737875,12.135243189182177,SAFE
11.156899238482708,20.809383046684786,35.80053523284569,51.935577444190024,4.319251213459225,1.1357895383769332,9.297158988034104,SAFE
58.16905847476802,42.81481543994857,26.16710878457903,71.0835632184008,5.659337486920473,-3.989409005657061,37.669964179612286,WARNING
29.51260440060771,18.056875855286226,32.45386485239951,41.54058656799746,9.203335616722674,1.4982516835580064,19.593101037630703,SAFE
92.00157769960067,2.320217928957735,26.852227409229467,31.140383034381152,2.722518150979698,7.240129445371764,53.4526335430419,WARNING
3.660971584220085,21.807354995787243,22.351341409464556,50.84203296301838,8.388515842643773,2.4614206680503834,5.280514374319729,SAFE
73.67563453314231,17.455205772479047,38.88795390020283,65.46310468897501,4.217988192845309,-1.4707039954589014,43.94557190957733,WARNING
91.86841779432976,28.82023467176959,34.12758419806083,50.851761225658535,2.236927647647141,4.471185839888372,54.91470407560433,WARNING
60.78237721413878,25.067144021238967,32.48041879988928,40.414279303211686,7.939387065319563,8.963256100406117,38.97994941808132,WARNING
89.11031441677028,16.071787265350856,28.12011546564152,70.42011498987806,5.951171308246038,0.9582888735329842,52.28407951865362,WARNING
92.66419675334451,26.80124804885254,30.298773591746198,32.10092956331798,0.6941695859013763,-9.851593842386997,54.84003369994122,WARNING
91.32442257836337,20.419333000885032,29.37122752266825,72.2693473796231,6.09246310375778,2.1900319278116225,54.345024004053144,WARNING
29.653442935481245,41.695418696225964,23.316599520789875,32.65747960864739,1.916033575185323,-4.645255624508707,21.526033206424685,SAFE
28.231105785420674,33.52567993093838,24.35649174657287,63.83291522474923,0.9113217323379974,-7.05595077804182,19.64906343560093,SAFE
50.8821448490995,46.09479012883213,37.19135177622228,78.43767212214016,6.504790652781709,3.5162973283218406,35.654608873109524,WARNING
62.50229989314921,31.140946142909865,22.942406901351692,57.186947808196436,3.8606793345172576,-1.1492556844541308,38.14562056759115,WARNING
52.36005730592373,6.41980859011258,27.189754677042398,33.17247804383018,9.796681304223991,-7.629439423597477,30.880710274141123,WARNING
25.85247385449545,44.56464633516986,29.654200924782835,36.78186007603151,3.8423053803934892,-7.6826401161722835,19.761057564946725,SAFE
20.02159970845018,2.6014923474922513,28.764549890981996,70.33180608626299,5.859691786998955,2.1269061096922357,13.195212684547469,SAFE
20.05840300832403,17.194692162618324,36.904842076816635,34.39280921632573,8.579306536685337,-0.32619947470428734,14.556157840698862,SAFE
83.71474313251173,15.900320969720017,26.776859031660415,67.58024341615715,7.849961733922202,-5.407106440197065,48.99349402894044,WARNING
97.28713248219056,4.224505212241447,21.370059262042616,59.775210764305136,7.227407677716214,9.217722584499477,56.80554586232779,WARNING
40.49457807988615,1.2645704494816556,32.05792678892814,44.484801029938595,4.329471211954022,-0.23061035500129456,23.243604837432727,SAFE
6.451261073803383,24.29908922820514,28.526393336086294,65.62721326432967,6.456659112123447,-6.295685636988779,7.258615799039346,SAFE
20.613891821039697,12.550308938718663,23.579008805943545,62.86065998342336,9.944301792002705,3.042166810318731,14.412402405981576,SAFE
60.66815461912912,20.496396667553622,26.251605177195216,75.55368784532396,9.69001874142153,-0.06447648824544316,37.24189029547341,WARNING
29.020049550655745,38.506110383488384,22.64913581733757,68.27941188218408,8.189483743113387,-7.501921107456653,21.252626281607498,SAFE
97.68614687965638,49.27561451942392,38.734389586547024,54.80174047031322,2.4607414227682844,1.6401856176382594,60.03282293326249,DANGER
41.993383847143576,10.297432235859855,28.47352819235695,63.19449178387953,0.7091331078599106,-3.331639971079669,24.994961993719773,SAFE
1.7794890012825193,37.47477527308378,32.813825352334014,33.13360673509829,9.647375596019678,-9.547568857457986,6.442576188676534,SAFE
58.99606464760886,38.81837308995279,35.75792626089446,31.71425677966019,9.064151326404392,8.369033438542445,39.908870593270585,WARNING
56.13903731543727,24.104159944357306,20.897349261251996,58.09770712549343,4.093790817702308,5.456128148173123,35.192819581658036,WARNING
40.38835668860878,34.17904166623549,22.028162924750617,36.647613538298344,1.3971019064915835,-9.08949000400513,26.517566617530516,SAFE
54.13288592698038,39.698386302181795,32.208224073873325,58.74774427764281,6.806239284027365,-3.207093538559704,34.88103627183457,WARNING
36.19540716482289,15.713504911046128,34.24217865707151,38.08201678353871,0.1302528031292438,1.9239289344498474,22.928130952480274,SAFE
94.23813647342054,30.470395849815233,35.658433058817906,63.63953547330151,4.974366535230162,4.36784803567692,57.21520100586569,WARNING
82.41041238552218,11.236582208584899,26.72260960966291,41.18628662516419,4.52172955590441,7.70129101833335,48.74254586358252,WARNING
34.52071008353323,18.72334445652767,37.207344693438635,55.76871653723376,5.354489996474344,7.216024066644259,23.468457366282234,SAFE
49.052673702547324,34.077876731469765,21.712893317481214,38.93158565634427,4.043762007162456,-0.10321864360250288,31.306722361214852,WARNING
96.57337012362295,48.5325816523895,37.02394174957523,45.779941764278725,9.640282908324396,3.7868172935242512,60.02018933661747,DANGER
39.29401278174004,35.08374584923832,20.330454595730533,37.30773411371068,8.296857115563677,2.9114727374634235,26.98530958267966,SAFE
36.419470129188404,25.03333201113594,38.10284299291534,61.57890547395433,3.9814928393433027,-7.5934668520493,23.967203837477864,SAFE
29.3746801625561,48.91701163982917,28.74726125703555,53.591973192243046,4.9859803239701534,7.682080458964222,23.200452083844052,SAFE
60.39282843853099,34.683851822596104,27.78827085098208,31.454380929448718,9.309729142428443,8.98255361832813,40.01313250031538,WARNING
94.91530533480511,47.18435433233583,36.30483882139122,64.22980250581634,8.445099182672855,2.0109247800207246,59.023025348874555,WARNING
13.436961389202363,19.56090825207105,39.425898239458746,47.55689067978282,8.678279137313694,-8.135770584502609,10.623783924117886,SAFE
33.41838423754696,17.54766623636898,21.032050862179602,35.95471650933775,1.9316521112177099,6.75631181620226,22.483384554513197,SAFE
6.340198993980639,14.93504506721936,20.20350005178535,64.78138727015124,6.203030900433798,2.899645241062835,6.84958890756384,SAFE
37.43827847146187,10.413391063378452,34.40640426572067,70.55589363703476,1.3860149809820177,-0.26341144125157356,23.19980790982875,SAFE
24.87156819788625,8.405343060306686,34.68650626989998,56.90484677364185,2.1618533237866777,-3.7999997757690984,15.457557133234534,SAFE
96.66536713277424,42.43397823542783,37.59893485746257,53.0006048540354,6.238072639208751,-2.4646451959117677,58.50123036410396,WARNING
7.771197568889054,20.053465532839127,31.879615064142897,44.35721353840657,8.479505747274157,-6.9779968165080275,7.329600579823417,SAFE
36.71290894369199,6.245195266210146,28.09664267970451,31.983065248713523,2.725493950616454,-1.9852948977263267,22.00857301473198,SAFE
47.816536327669155,27.184817923757095,25.499822595798378,56.15206673074361,5.090046215620598,-3.6764389824758315,29.604673549701875,SAFE
83.02003306564782,27.282056329678255,26.645394374930902,77.36692560403883,8.45112413071161,9.651756231036018,52.1927472707654,WARNING
69.22338746454207,18.911145275302342,25.617213333580246,63.16589218372405,9.808165824953036,2.534301602076976,41.65040152055664,WARNING
88.16149409898382,16.455171552388432,28.139075649485115,75.31376197946767,7.5686670195781875,9.628206407358114,53.861055423578115,WARNING
77.4764209732242,22.425785360911586,30.621360396447262,75.02577462315683,5.51646736098048,-4.892052516711097,46.6627901903937,WARNING
43.56198127699494,25.815799442455894,21.93439667102259,67.18813371264451,1.09353933354973,-1.9016457326238871,27.608033465351394,SAFE
80.46224415404045,23.378518080664847,36.840310394370164,47.09406610280575,9.576362939984355,-5.810631363895289,47.80821645436617,WARNING
3.8264144989301307,43.62132714952093,35.04405431900817,41.59919185336864,9.84741607136674,0.04560258537055617,7.89039513328809,SAFE
95.10654401441634,25.251438569349965,29.43749173542582,52.45692685722325,3.348752761329502,0.6740299435310337,55.48070762126912,WARNING
45.25546619485679,1.8373438311777068,25.208704668470048,40.65614000527792,8.674356023210665,1.9773995445368282,26.38106673351651,SAFE
76.36831004497274,47.84130188746403,32.8807854505282,79.13049957023722,3.117640516521296,-6.274656353742123,48.793146990345754,WARNING
40.33098879929115,23.539970746790402,37.9072308570517,57.997021951833815,2.92180999418017,4.852685657350417,26.69788118591254,SAFE
50.58319371390709,8.106597263758509,31.536395751825044,75.5697268403642,8.4262261747582,1.7361994527066216,31.005273597913448,WARNING
37.70831738849881,4.348937553210558,29.392978466632478,67.60397187647897,3.602737197330106,-5.291063488966712,22.454452696017484,SAFE
93.13797192709534,41.07778502289962,32.7655123884029,36.83916719602597,1.4490884040617302,-7.935608170884421,56.45243474201433,WARNING
61.62966668927432,5.7781398236668,36.852543977252665,79.64825009096612,3.6634818470866524,-0.9266030606580511,36.73234445723283,WARNING
71.16671769856787,46.85765031628829,37.8818754711277,32.87959143749243,1.6907180255676502,5.091943971155846,46.43049866303247,WARNING
68.88931080324473,6.660929702006163,30.041291640031353,69.04073155426478,2.1878068226269365,7.425752714693324,41.35385595577003,WARNING
5.297177482036797,39.10975425340369,32.3163779957974,45.75996733271746,7.209325483419113,5.647315903023193,8.8921730283902,SAFE
93.38989713039693,18.38873360771318,33.720334719599094,60.13081384673454,5.2520606945708845,7.808329483100756,55.970143142155,WARNING
0.31673141384003234,14.105580305179883,30.7655447908966,38.91466308182762,9.078665337327582,2.9519023522603067,3.4716181309018954,SAFE
47.78829946319899,40.73508795333273,29.017723829302078,57.93265059650047,0.027509955539209985,-2.6859893960985293,30.955967719159805,WARNING
13.879047235096975,34.48443403311455,29.580539179514673,45.08787786251154,4.678323393717424,-5.807402240973076,11.79046861815082,SAFE
92.50866324861406,2.69863162754565,37.308340705922404,55.567939436667544,6.189464961388173,-3.947887581825924,52.352915204691215,WARNING
96.66976167943213,14.092547925974491,31.777559942806086,79.67083525535645,8.810943963834458,0.7265965057221209,56.985909975529395,WARNING
99.03745229672121,35.06849308663073,24.174008322836187,50.279810521790324,3.34493334011551,-3.119725834576217,58.19998484881322,WARNING
76.04564393598663,29.21314636363968,20.761854231790572,73.8724241825488,2.9679614048016454,9.941497538262873,48.28864487658719,WARNING
95.41907303347857,47.02653583409826,36.222552081279474,41.030666584177126,5.3263274402878205,-5.513947463500508,58.45905439869256,WARNING
25.967545558894923,30.547588471813867,20.81667090706127,78.47292834103538,9.186731725779644,-2.384648556845603,19.429058362561282,SAFE
51.54224480069131,23.30597096338795,37.6439955723494,64.43009381580555,2.7811124742435647,-1.0631749106940624,32.17159182983894,WARNING
42.89659756867638,47.96675841419593,23.506218210292793,34.47881686472145,8.806188321616903,7.933719790117419,31.267606124545217,WARNING
87.17390879121648,25.54884578127782,33.194888565389206,58.16815237804919,0.6944782605440092,1.9166979380144493,51.73674996109886,WARNING
1.3614147256100884,16.249370477854306,38.64585151746334,45.20226348179038,9.39826642644248,-4.997320857015115,3.7658078699767517,SAFE
31.456224046153245,31.420374821927677,35.2325394557859,55.06938840024421,8.821156871941554,-9.195191567787615,21.649114943975633,SAFE
92.21948386343706,9.8153899947704,37.68477490169312,50.04315897431903,8.327570558710377,3.4333109960739012,53.44169254531834,WARNING
17.59416324782621,45.90237849407242,24.910347809769192,42.20700593474996,8.141788966373806,-7.882534888549579,15.068249396804394,SAFE
22.203590637046034,25.183878671053115,36.60954057373249,37.37419873686338,5.476682345123463,4.224811836058791,17.06092629379202,SAFE
86.05952247159513,46.77827801011098,35.69279828937865,62.641419911100094,4.336200853127659,-7.757796916231607,53.394086113068745,WARNING
70.97371925255213,49.63686522377434,34.735211894642,30.835554686886315,4.962599780418388,2.292932649658077,46.150931490621424,WARNING
68.96742011028431,35.98629178003543,31.16216882433048,41.16801663671201,9.422006614765467,3.9333293532732387,43.53818404943376,WARNING
23.684003686940947,16.116091613513646,38.43855341260739,74.37425933536679,4.051464383580896,-9.23385556017098,16.731025045746637,SAFE
4.849736889393819,14.195914545919452,32.58244438677999,59.20973176672809,6.338277869439427,4.345659438642134,6.112601332634348,SAFE
1.9032253592738413,5.254279758622143,27.189669036544252,37.74299987607909,0.7532004254455416,2.819287919946639,2.89605298674769,SAFE
81.5336477491099,37.63133287171412,36.34079557218358,63.29282720289386,7.353453218142022,-4.564424515833974,50.20599334884284,WARNING
99.30080362841643,9.158282724694356,24.28987748778765,44.44609159079234,9.753324301065788,9.765771787078123,58.28529238663839,WARNING
79.48937497064975,31.452879927981687,30.40125150369227,78.53104228434228,6.956228028582475,8.894602566520604,50.687790830790505,WARNING
31.65507994776239,16.688739613478283,37.094491882368715,37.49274602926472,9.459278612960757,0.14948709326814935,20.812116574574013,SAFE
92.64138785836977,16.839639436290653,34.31917808278794,54.14375609863448,6.26803630245473,0.08744986278304445,53.64076576248292,WARNING
96.71156173713614,34.60526989069586,25.026379372526307,75.48384609525422,2.9402973815510434,-2.567898013982875,58.07441208696105,WARNING
10.212369802021337,44.99832598980954,25.72224046455726,42.94588089656912,9.20262597994954,6.110537248100666,12.187692717109705,SAFE
14.10789215193744,38.46622519518404,38.26066196107581,33.92556091053719,8.25214994904573,0.9484010374611191,13.675005960555438,SAFE
66.91974493788007,24.642716945246846,33.95606169810557,31.704893083337662,7.627067232232837,-9.333126042820831,41.01404320270876,WARNING
45.529984774734345,7.548249656514744,36.47148554702615,45.683045458783425,4.540935446043325,-1.4249851740337682,26.81278536846967,SAFE
77.25019656847066,24.057217989798772,35.77916670020692,33.675413840133764,1.915939679029951,1.0306849929272133,46.550451537179335,WARNING
94.7088324752695,3.7378923360890157,20.861684323137286,37.82753374639278,6.411531288601565,-2.020141666595057,53.599762755960704,WARNING
82.55523794176862,3.5966575740682902,23.92828173629402,45.00132027324479,6.267300866887853,3.7034538060309448,47.122622329453215,WARNING
12.420329396377383,47.19023544958698,26.820882703804184,65.65843815001415,5.242077189476988,-5.544837729057868,12.686274615131026,SAFE
84.6228323115411,40.911901409596496,27.921437078333803,59.43037928469277,2.5782569593593974,3.7970325749260283,52.13965809341176,WARNING
30.902681262043142,42.203936719111745,24.347702085545485,30.740171140923206,2.6850804196791844,-6.178950270810266,22.34672872569543,SAFE
50.82864397249243,10.185164582828815,35.2637974143899,42.0685319002002,7.069681799126557,1.5694184602744805,30.55140170087443,WARNING
98.62498564718844,49.99504885046158,37.3905216663466,67.99916846493755,3.8645641400057373,5.065534542626072,61.96906661308952,DANGER
95.66755370794907,1.168878769772208,30.758294003954774,40.89991521942173,5.5787631586885045,-0.6710582048221774,53.75589951351029,WARNING
57.576858155228436,27.54811107093621,39.20214078337124,57.609305446736805,8.462320881248672,-3.6035942639830694,35.9357714480371,WARNING
43.81006887910489,23.520673802240495,25.574560866707593,48.98951307389776,5.985130794667752,1.6037552660906478,27.146865246323753,SAFE
63.64353445734805,17.590895771007055,26.31662990306114,60.58089413770816,1.3286174842752496,-4.939369129357201,37.42434060489436,WARNING
4.212773695299521,3.6305426298040064,24.86766558521218,30.976464014845952,2.454105920874615,3.0995264612405204,4.380483903684066,SAFE
6.110707846893304,21.83683388973205,38.262175738390994,69.56424144627005,3.054375022948572,8.49610958383294,9.03783423191159,SAFE
32.96464967477248,3.6257748168781245,39.88111913536227,73.5011263594586,4.659327833010924,3.3275304838480775,21.310719565973884,SAFE
67.12280778566702,9.724111536523017,24.000972663072645,53.47903516759129,9.11573140137698,-9.800124502828584,38.56964513106395,WARNING
78.25056359493593,2.876339185732707,29.564442297662357,61.893641653673825,6.867592670824648,-8.830414727681772,44.49172772689607,WARNING
41.860361738396826,29.191863025116234,21.320910746120138,36.754727829765486,6.636489895040385,0.4327639318130334,27.206980610950225,SAFE
16.182866126829055,26.761966845736673,38.25384746888832,30.779379238768197,6.426337734858546,-8.526991307893162,13.521813352578583,SAFE
0.6449442964700847,7.5327244330316905,28.458132637078386,70.11719994909765,2.8178549660455863,2.513464247775172,2.9303440335278315,SAFE
41.115663795530665,11.716589598300398,30.284942285657173,69.87322451863116,8.324923700561442,6.930390637544733,26.84550670012334,SAFE
33.85578125549794,39.672803235787654,24.243569102178157,66.92125506214416,9.483844262726166,-9.725123306180857,23.946036525237243,SAFE
44.036393117879804,32.38854942070023,34.035515409751056,38.80438791346011,9.721832752385929,2.3053073594194586,29.417580641221655,SAFE
16.43406012282678,1.0261255856257645,35.66528397579552,33.98523697227296,1.4105092107023653,1.496600537113812,10.845193544251313,SAFE
60.350550344961974,34.34435592961992,27.870280253272416,68.69493344834115,9.743585996158886,-4.57810113840234,38.192678267579694,WARNING
70.3028616537946,46.42343261975784,33.725735252340854,64.05547493221297,2.237725690852066,0.7026040063938588,44.700384766611876,WARNING
56.25228436045801,35.00647812279764,39.936428997923656,31.682191127188105,0.6523266126748684,-8.440998611381625,36.134732434702194,WARNING
74.29791344889568,6.8176897555378755,32.449037489806905,46.233443894672924,4.57319956210711,-5.686736803651722,42.335061030308474,WARNING
86.61065613045422,29.30751620815132,38.891265271645054,58.72981248521648,1.2390803059694666,-6.582591323230491,51.759620395706506,WARNING
98.90739763678472,36.27825986654339,20.985575000581793,65.18905025173325,4.121730468096116,-3.8558322635361897,59.19315497284832,WARNING
15.406079373053426,41.995197727828284,21.276827579782015,44.49177311898202,3.0638289382570436,-6.781894320729993,13.287624839936864,SAFE
50.818488328687025,0.5851313405446312,26.019510308208183,76.68147220165321,3.1052956934200573,-2.7908122578649674,29.548995624996405,SAFE
47.31650482340716,28.084668742573736,36.17417289641488,39.51606115780088,8.717463771925573,5.1509871428777885,31.38152073123385,WARNING
72.26503346615553,4.340228685731762,20.432813799491694,59.7006350454042,8.631339625231613,1.6888292828127192,41.66251517507847,WARNING
21.323486544553084,4.525994897460661,33.9919290563547,66.08851386589048,1.7253170068710866,-9.436193690069274,13.520805085706076,SAFE
40.8283513223197,29.135935106651107,34.12004819134383,70.49725045764514,6.105374273067323,-7.782387828030299,27.155320384043755,SAFE
68.25816721424148,49.2088321447441,38.11169169194808,73.58344546347564,3.0217015335834088,5.015763529080013,45.45186982257359,WARNING
85.11034459651455,33.91631023156316,25.011235131359612,77.69169859374792,4.508194114586759,-7.403888826682412,51.81287694322404,WARNING
10.9777895057392,32.37594936495229,28.75419292833478,34.72419375894818,7.403645721560946,5.986503345172395,11.794362078233647,SAFE
72.54156307864513,10.113043884200646,33.79550911992139,30.536140144719255,3.051121396784092,-2.023569371849126,42.474688600274206,WARNING
83.52469488855016,19.519718653470214,20.225388923787968,47.61732059140047,4.989240983592872,8.980095733455467,50.29389977416093,WARNING
94.10343037895447,9.043701911070578,23.70293083478903,38.16907282322752,7.889219324141033,-9.879559192631874,53.71211768283824,WARNING
12.717719819187733,26.89798158220495,24.95124133773531,34.6178229119631,3.598780123338343,-4.515847898795105,10.636029852455746,SAFE
51.11043065142845,48.961679691509794,22.486092736298367,48.636335241704714,9.319850178724746,7.537460869876451,35.174268111448,WARNING
39.42710347842806,34.94766322598682,21.757140271626913,65.62705277718075,9.728577294847415,0.7497630566838325,26.759550337090946,SAFE
49.84902270344143,9.365930985095517,32.67576397814584,59.52186403894574,6.5193305947575055,-9.478334266305563,29.539403515994795,SAFE
54.872348834907356,29.74674217486865,24.150602708256045,40.4166428744268,2.762181685109498,4.234431834544752,34.66109924871619,WARNING
60.626606353237165,42.28813230589023,25.913171436861965,75.60340299441592,7.4370616198335835,-2.0997665997260606,39.27112852742504,WARNING
9.526206562545593,12.849183124374125,39.135364344297,45.518168794203966,3.2990096014906447,-6.20822137804566,7.620142179416672,SAFE
80.68506011387655,13.782211512113868,26.605164967377114,50.71740542158133,4.337282797746097,-1.773184191699567,46.087996873178724,WARNING
50.374369537472866,40.725643980820166,36.38570081484044,69.91565668816735,1.011248391164875,5.993576065496281,34.59281315149998,WARNING
12.025177348657678,6.236188502612899,38.95725543269921,70.96989223527706,5.524104668680087,7.499404089557242,10.75990982676728,SAFE
98.93646425518628,30.53210333158888,32.25796873963036,67.7213514579964,2.3213895236533277,-6.657502769624013,58.83330115957535,WARNING
75.95807500150725,17.245239749705117,22.70140712611868,45.74388629588749,3.586368678745754,9.304553190113815,45.86942962665925,WARNING
69.79597110879232,26.542815869986697,39.3774627736521,75.15698702370904,5.120008566141597,8.113592707539613,44.897507156517506,WARNING
40.43046580626566,11.521033267831232,24.653563536441702,63.115776222106334,5.010703207072771,3.1790169401089337,24.9483087028879,SAFE
68.60759642621699,1.1161436448858808,21.080791846958046,56.63388632956249,1.910354777600769,2.6506753760887936,38.99909993713595,WARNING
55.21857391706481,29.28801791854456,26.049107596620214,61.99217531389483,8.29492636485023,9.961425071844744,36.35811292437731,WARNING
83.84443861722143,27.874937983997373,23.86859183359913,64.07229380599105,9.376537855579782,-5.762669205353951,50.13094702927011,WARNING
25.59956205265771,7.450427170582557,34.73443287252803,50.32807517118296,0.6269563888638408,7.498999829805605,16.859075033609862,SAFE
55.767190470256665,16.55471460001779,26.87965952122194,44.51256100954534,4.554801723926419,-3.259166230237101,32.9235212304231,WARNING
54.79463040706094,38.67586261356471,33.48922566888747,44.722844637705855,5.287410115397792,6.802523198245016,36.31782718221796,WARNING
6.820623474272547,3.9148633493452376,31.123401360995068,61.95575641949016,2.114130157759041,4.9044025338303605,6.1333741494627105,SAFE
64.62633770407274,46.164463411814324,23.379084037170735,67.56871326790053,0.8364309058326702,1.305848190357949,41.42340472332115,WARNING
55.189513949914584,19.41925223233703,36.89142295337135,30.21853223930061,5.201794018985208,-5.656929003296252,34.13989213233952,WARNING
74.34986191164329,2.1533713153048586,36.631093763631554,71.90461133534757,8.328660124035029,-6.9486294653466025,43.200979444085,WARNING
63.04065185610449,0.7183679591694803,36.959251825783994,66.14875967543102,5.311537308992527,4.611828661932343,37.33753848967126,WARNING
9.432409665177222,26.432791608842816,25.825529836328908,78.63097316114866,8.571179506239018,4.665513916679538,10.66559138525349,SAFE
93.37476352497319,17.342165228273686,38.01759797976362,46.26191160533551,7.32796719691153,4.728338235528982,55.2401867872354,WARNING
1.8349876454093472,18.052984913909757,20.388653448169958,79.85460088051244,1.22196761829238,0.8562179129621867,4.770181031490297,SAFE
79.05562387626372,10.063180113044623,29.70105336190945,60.37143804605754,1.6020475439554538,5.57110919823077,46.43485993049179,WARNING
29.933645718936532,10.551153816942016,31.165774928748338,50.515681382146894,9.202859446364178,7.601253963963078,19.833087107764882,SAFE
48.335066338888325,17.96318873627988,26.510359632625303,43.37818115407537,5.445478537124773,6.0995720946908705,30.27940262973848,WARNING
31.07566082035578,9.504704484404074,29.509676123665734,33.45172083988333,7.012790061297069,0.3671653260386716,19.519054232097798,SAFE
49.63748079728541,15.022268977501124,38.093468750634734,34.52431459247764,8.698240088870314,-2.4658959516815475,30.666211048608464,WARNING
88.06235159750223,36.43807291661918,22.083414533240767,71.57681432546768,6.821768336995051,-9.35396174169303,53.64385907674924,WARNING
13.370268210966996,31.781402791784757,33.2520100576057,67.33257164187975,7.202454007749819,3.1903990933990993,12.809219399251907,SAFE
76.62389017464226,28.754285294618644,25.215827710489098,75.61883068653592,0.18214030931977931,-2.668765602570195,46.319408060832345,WARNING
72.88702930971634,21.357802057483717,20.496688149600285,33.29904515581066,6.486373691382886,9.297291988105993,45.46763674301216,WARNING
55.1863635834499,25.33789090118845,26.366504261125346,42.83453369330316,0.20984981756284715,-4.540902647190577,33.323380080285546,WARNING
44.911044086525244,9.897489152447509,21.746959769628585,65.88639336273013,8.946202690680671,8.735441393741713,28.842193255771086,SAFE
61.799872849698936,2.6387291299640903,34.81725259923547,35.50476526309432,6.69748117687824,5.587316714957515,36.9217647489733,WARNING
72.58647108264728,47.59419028805653,34.762925689347796,64.66048889909042,2.617431721831024,8.495373728718036,47.733095185518735,WARNING
17.95438707941669,45.24483057365632,26.253250866918208,36.508179693883434,8.266830272711708,-9.950090927983418,15.549991023332137,SAFE
83.20883176808307,13.115592102298795,37.69442545511242,64.57395911207895,6.6618333285059,-2.6936087367031325,48.772927577460436,WARNING
5.940297389077099,41.50365491027886,23.41807590353056,48.612932094737616,6.003546855090818,-0.3549252287875664,7.866155997861423,SAFE
19.866063517131806,7.030817844114195,22.46492544500581,73.15039407496005,0.31559549061333625,9.540285191997885,14.837526963261872,SAFE
19.85286903854141,5.516114843953907,31.5394330955359,33.99929789703483,6.0245326316359495,7.012532896272262,14.301429426354472,SAFE
4.789802146742483,39.99343022642721,27.88954881964237,37.9745316915605,1.7609648026745905,8.375290873884524,9.142591474665815,SAFE
11.060575194066447,43.339139355782855,30.88489241967229,31.952808940821953,4.644761457173383,6.348990289526014,13.115870597021221,SAFE
72.62027876391004,24.439120884235894,37.20099759392434,36.01823808901148,9.099410533923688,6.928824169666974,45.53493874444934,WARNING
70.8276825657236,40.89438710643746,30.87631013685332,63.758121454883344,5.605980707077789,-2.8914293898410133,44.306684736732464,WARNING
56.88607973611776,12.873266626596285,28.805583416815708,44.03877036301216,1.22887789461389,-3.5627628722018763,33.12445506494527,WARNING
85.19872181847707,19.054038532115285,34.96007297937738,38.759892711908066,4.244191591676416,-7.702878613296469,50.03691944633121,WARNING
13.862106336748969,30.871818994503457,32.14963634898022,40.66859536774311,4.744231942887986,7.266123339558959,13.225828698780328,SAFE
17.42015086764829,0.9605266536757417,33.039902813271446,32.67491040443425,9.79940238572446,2.1924056759776196,11.873836517497741,SAFE
47.03963528439723,21.499627001215337,31.461413170338627,34.531221836010744,9.300190588194958,2.512841371037556,30.08584947687367,WARNING
18.397849761090878,28.12905268823314,22.665130116660233,30.877635877915605,6.30516985213998,2.9696668374025563,14.913776197782017,SAFE
58.369658280341554,9.174160218001154,32.06859716989534,32.82554704622599,6.092383555719223,1.0803403821523752,34.75356783638788,WARNING
65.52548308390995,44.773780287619694,37.00716210479073,79.03270957812694,9.76241032936575,5.446393867475052,44.14578659902162,WARNING
95.6419622177728,43.3641942944556,34.551648997899456,33.76921273218776,0.49049888269887765,6.751991350115404,59.60354367666422,WARNING
48.96558578716983,40.730334218746044,26.258365413104386,49.88249291615064,7.001867210119319,8.306534738641865,33.08429953790004,WARNING
8.776147447888594,43.07390723173031,35.860254497587306,45.77696353649273,3.552166141315596,-9.070770455561807,10.066044674632266,SAFE
1.5740611116717984,23.850306317886456,21.91079290994621,39.70009072076065,8.467671995266636,1.4205678250090497,4.627717226437935,SAFE
63.36324372661134,9.373966541596001,36.57323608908839,73.39898862198737,5.233275937130434,8.251155437573196,39.447686823720794,WARNING
84.48286249545816,36.5662088337219,34.68151831387257,35.26967369754316,2.7083603769566578,-8.663055603646479,51.47820550553849,WARNING
0.8681209226308662,7.915476569195507,37.6097436529388,41.993702951802575,9.701539625917217,1.9458199912241234,3.1740571789640244,SAFE
23.72584876346904,24.85654017421064,24.38189645400231,79.19867790911869,8.47264983904964,-9.475224224353418,17.449342402037335,SAFE
94.77760314674711,36.053255365144366,21.647625040425567,63.531887316322276,6.4692669796568545,-5.624225083848331,56.90068373000303,WARNING
75.84467000075756,4.353235165648356,29.788903624624957,30.496160358154395,9.687374888947463,5.031272635538187,44.855152451860036,WARNING
15.885207615965601,17.083701997564148,23.211247556163524,68.33087320646572,0.5889632542771517,6.808133111274284,12.84229045602132,SAFE
94.21963388357298,33.831397140315,24.259309000028683,48.004504790677544,4.772398748089312,2.092495444045074,55.99786668667482,WARNING
66.86630898116874,27.71073576594414,27.026278416437115,74.54586402824515,0.8139205801795824,-0.6748789151300993,40.91684666748032,WARNING
77.55648384674807,3.043633264570045,34.106704336226024,70.98558113766626,6.608312985270523,-9.74126215449288,44.79545936512659,WARNING
18.013702713220624,17.105653944597538,24.67380071276092,78.13260701137136,6.515939141137936,-4.060580852968593,13.366839158718516,SAFE
92.96974986654456,37.02970997380935,25.69214423654084,48.944078470097764,1.9942885830395674,9.421479965316436,56.90774713451788,WARNING
51.72964958900732,44.802834374899234,26.929995420336954,73.04208015487379,0.5388684842716396,9.641806350485759,36.13549918451522,WARNING
91.20343670333027,18.160147238832746,35.494443306291544,67.6128963236913,9.012547971029317,-3.8549003774237782,53.83389929076554,WARNING
46.55200053141495,43.24998063030265,35.57158908270432,49.67333593701396,8.457252329121221,-9.06091921535197,30.896373629049066,WARNING
78.20463029629902,10.338292971685032,25.722418156475744,54.66074217977968,4.497345010699739,0.4114021373976193,44.62268165496024,WARNING
54.477559567202384,16.576384551574847,23.5045502603406,68.42406146436531,3.9997614908714207,0.11681724918117986,32.839623301699845,WARNING
64.46967183511181,45.4818961153328,34.1510566228044,32.27296127951922,8.385603633980176,9.787100302550382,43.727114130218126,WARNING
47.248502537138215,48.479516822730034,30.946574846862987,52.98079979359749,3.314047647274551,3.151097516666777,32.07691869541913,WARNING
22.982042052504458,5.246710925720216,20.54474205168428,44.61900563576319,3.957708321670382,1.0415339256249556,14.06279903828561,SAFE
29.274982518700643,49.20297861927056,25.83490336482335,52.04876942232043,1.0327616553190033,-4.787469733258487,21.21735996933555,SAFE
4.833213978899109,27.975431671866403,35.02129366264863,39.785490716803395,3.6791093781607076,-9.667675465456789,6.651556471781448,SAFE
83.9522055722212,38.998176246583476,21.265080617485847,48.24338046602057,9.552866138494954,-2.159458878420459,50.825750942129446,WARNING
52.62086767240161,17.76214305051776,31.922627762565234,78.90784378184111,9.97502503481197,5.494299560223823,34.10682626587835,WARNING
40.43110980204393,24.721610041449416,27.13462656224611,79.2787314952173,7.077603058254037,-1.0213710913297742,26.63381945105498,SAFE
1.2115270109602339,26.02417071952742,39.67856403403236,56.15304544865259,1.8242668548911367,-9.558125057904503,4.401550744859676,SAFE
35.470375812420905,45.911402784830344,39.931082163517615,77.26839874060013,7.2941999325425675,1.1628545688131062,26.80710193091017,SAFE
59.068614638225206,26.949600454598045,34.14098609845976,50.943661334767626,6.692040049557654,-7.56775770085598,36.02153247062293,WARNING
26.569530656148377,41.800151940431476,38.074978614867824,56.95041187801499,0.316356172129324,8.539471415835362,21.518238671342434,SAFE
70.20642580272865,20.70139618776804,31.967578863989928,51.488741722068305,4.65339226732051,7.736197313188033,42.88639891558412,WARNING
16.108424691711154,5.183456774111839,20.054574890260316,45.700018780606335,1.4741376648442739,-5.600290097237776,9.9139564575512,SAFE
1.1238982665376929,11.35977073438516,26.65423163864748,31.578374820494066,6.079041242971477,1.376006977675159,3.337067418625524,SAFE
9.703577850992506,29.750488875920052,39.973078372177554,77.22344764057704,0.02670993367663299,5.907566226607193,11.604691748280883,SAFE
35.36052762364859,3.1825685167313713,25.919664274324163,46.08682581564811,5.232442393090569,3.2216753453770934,20.914146156343612,SAFE
74.9055612208408,12.295152128163334,26.43541140496994,45.41908534298676,3.6273686812087647,9.993126179126776,44.90838385726373,WARNING
77.79433028274258,48.74952326343485,33.86222119094114,50.31353508236421,3.897441836269749,-0.2283771004990971,48.31549388733067,WARNING
41.68697833644374,41.41631230463729,29.300040260533855,44.7807180105423,7.748602686966518,7.088408187627891,29.350547199881273,SAFE
42.042895614045136,33.3904285952766,21.176090677766094,56.473242598573336,0.4498113774550805,-9.416183190110639,26.999983612165604,SAFE
61.2924850522739,15.166769119749357,34.85074324910931,74.8041280316296,1.393911737303507,4.490456771578478,37.928074195943395,WARNING
51.451999828834325,5.605962508134943,33.03185212961449,60.47334015532364,5.156418674007826,8.52942409119316,31.748161522858307,WARNING
52.10796961040165,49.52575577251063,30.18457627696222,35.79260191506838,4.704712510750304,-6.353424748898576,34.81679320660418,WARNING
59.713348521742724,34.656608759680054,29.368705574141874,34.88514838415741,4.686413985835529,-8.370915705311992,37.5165011217175,WARNING
68.2125955506534,39.51841124325438,39.24760654454078,37.44010535642282,5.324203355333042,1.3507473507083727,43.345503374499046,WARNING
92.24765337809797,31.363832029825712,22.91019291290642,51.81756619815946,6.547625285062505,4.005688641385948,55.19648021772942,WARNING
86.30739985905736,9.025355992219858,39.03084293510997,32.95697060077961,9.837621345689021,7.155341857328171,51.848248577170146,WARNING
66.02727827621713,36.74977501322108,21.45384011837593,32.07399314472262,1.0176579655136553,-8.252803706717245,41.114471788362295,WARNING
54.73812334694351,10.772199355589457,37.204112744134534,52.28743115340361,6.9551047645827495,3.0574618594031975,32.86701258136456,WARNING
31.985303892971007,12.158378676286452,26.849125705932703,69.83291869249187,5.8627684841961845,-4.929226749616493,20.184995652893736,SAFE
81.78464430604302,2.7379693055153362,33.983667499805904,51.95504028746554,7.312903860658882,8.549225604868536,47.87777700224542,WARNING
75.00340979469038,22.09826776556912,23.019513630277615,70.31754879027169,4.607055269213715,-8.493753530857404,44.80695668509702,WARNING
71.9055397776866,14.592598295829484,20.977764590103703,75.13755074870389,4.8310109209391,-4.380778936539569,42.70684656128754,WARNING
71.63865578849115,44.295118884128186,20.00614150067511,64.39260925210769,7.670116940184214,-5.80145145441014,45.1836018066638,WARNING
48.96238314101744,4.464294945896791,34.934997650306954,72.37280092816763,1.081866573246606,6.3292050686566945,30.311064493466674,WARNING
77.15701704845335,17.345666018544865,33.80579059867166,30.002406194715586,9.317976544659986,1.007664706167457,46.27852696716813,WARNING
62.03388640619995,33.232970676954935,31.227380344367333,72.83819437697315,6.097018321515439,8.15519982480945,40.83110420821016,WARNING
58.23316222340089,8.55612109902833,38.27125111678606,64.08137491798884,6.992389944355562,9.709635011432034,36.54302913401626,WARNING
7.519655420957916,21.429630354758565,24.781907859732303,61.52132323568286,8.06811683748072,9.326214177848254,9.134392963243924,SAFE
45.45961069547201,39.31091153213021,38.34103184080759,64.16627162679424,2.427325524497712,2.1570830221558275,30.862025089758774,WARNING
96.99520478171866,49.37769144307827,32.84719647433556,74.34938789359947,2.0034936384860282,-5.078427900955664,59.99513567457415,WARNING
95.28876128848597,6.761768774740395,23.82212876186958,51.027429956002585,5.895842877533504,2.076344379365434,53.90532166559775,WARNING
29.19760086655644,46.03069489751741,38.30199815215725,49.60340265261863,4.3429176943029715,4.049942336478235,22.37381409334551,SAFE
66.29958963989007,19.114850748048116,28.284885030420067,47.40194717107695,2.353850069533079,-0.837232741517207,38.78809877318816,WARNING
68.64341319025404,37.09833526571465,35.577472965119256,48.736600672656074,7.646359942849736,-9.869673686162495,42.438072392976835,WARNING
47.70499377168822,39.69522000663454,32.60089441282707,53.703156207725385,6.446420066063492,8.138920062973277,32.72257612201743,WARNING
56.63818006102074,39.98930957300531,39.61485450450395,65.27841010377833,5.7332576388906356,-9.250281057493195,36.93125610322058,WARNING
37.447789825458756,28.272136675755917,35.94413143412065,51.90523948237882,9.600582757647734,-4.564124947526502,24.54599575528527,SAFE
74.45671952103164,20.951570854206373,29.719769891318116,70.12510169327201,2.9621526165170553,-8.063758868097137,44.43670403204341,WARNING
52.02555846134271,26.439730590187438,35.943355444507475,78.41596031160509,0.5530068632834839,1.8337894748621775,33.62040423869948,WARNING
68.12785303147999,49.29006753742608,38.851804285538236,65.62253823559888,5.217894112444659,-6.769521554014775,44.13393775273569,WARNING
38.41765552044174,29.256116252857716,34.504007931915076,61.76997787395561,7.141228018277412,-1.4169499089620459,25.476082852736138,SAFE
72.7627290571009,7.18706280098596,23.25172623526227,38.14160729147314,8.90864957035776,-8.47931873382731,41.86397306368521,WARNING
80.15083727334759,11.678544902336856,29.368598809905013,75.7978297732839,5.859372296875067,-5.797646275352828,47.05210503457806,WARNING
28.40900603188071,46.02233119478928,28.542878502199567,59.34927415033947,4.599321966253887,-2.4312382390310088,21.101760167952968,SAFE
22.327912693240194,34.30957502423011,34.36484052544241,43.744254580369976,7.890108430548304,7.09070400603359,18.304985003692877,SAFE
92.06750962396303,8.060620695918496,26.07847367226533,73.01766737518477,1.9854020282789397,-9.930630815130092,52.74726951655798,WARNING
87.08273102516345,16.322472087568467,28.289950502779,52.3167012860319,8.482746006672285,-3.242157108130792,50.2322191623709,WARNING
89.22798858564818,30.8469569024024,30.545734480673687,46.280725356373125,2.4371169628118583,2.481168855546974,53.24142948781176,WARNING
44.68941600565761,45.52580049660032,29.832774322280997,55.58974583505956,4.167232811360008,5.7852599398257,31.01829848917189,WARNING
42.48391981092704,13.467099987487746,37.240617485870196,59.84141106826201,5.915102197690017,2.2164441432785313,26.556011261005466,SAFE
71.88397482056668,15.653399465628343,20.67688741666006,70.52965804385047,1.2890505388163742,4.436394744210883,43.295896105017036,WARNING
8.231529828732874,18.765392101424606,21.260521396630764,56.11068398138623,6.531357727815751,-6.571337176436234,7.222956631574103,SAFE
37.16276184384021,46.51197455215268,28.847782342149134,70.12717844882783,9.271847450602092,9.486916499545728,28.65044018131548,SAFE
89.83220196913693,15.870266457948457,39.25145772322386,70.61976208730235,8.371755836394877,-9.696540316563304,53.15688651116621,WARNING
95.42388633182937,38.904511192437035,35.359349930158004,34.076236546429314,2.3256854107333123,9.245233302757981,59.65307520202455,WARNING
50.06770748054763,19.892900911862803,36.798816342938274,34.367020705697215,4.169420162710593,-2.4859845115583283,31.106589995485063,WARNING
34.985138703039276,15.384612182653656,24.201499135801562,38.64554014952611,6.404061169196741,8.38789682417357,23.385717963965135,SAFE
50.88516452498815,14.898727617332213,23.183203954444526,71.50716825262971,9.714920564732138,-3.0168919706429627,31.128657493622573,WARNING
29.095042555212892,30.074647648747067,35.50657961906852,52.77014017748321,6.300731498609492,4.330981360465838,20.854807007093026,SAFE
96.05922878561792,8.25186652600417,39.94764987650739,49.607832762061435,7.232001427265537,1.4482875594599438,55.07601092366784,WARNING
48.66686170088401,34.90376843657933,27.915077004471904,36.30549906684032,4.888933831212397,0.4383174136463719,31.419739850315615,WARNING
20.190215339993923,46.780967816432856,24.549512932925825,50.46137970420489,1.549296868447233,0.7159329237388832,16.048959985374037,SAFE
30.763760810008968,24.4636259988042,24.49233832916404,32.68875639743579,7.792266510822553,2.821725679193168,21.211334770435123,SAFE
34.07393557110129,2.3747112341161114,37.31150125394242,38.48975024678397,9.30742218281428,-0.4280924280808307,20.634594347015963,SAFE
34.038670990848374,37.087973844548195,37.53678812150372,48.53567818228554,4.073437521701873,-1.3368356130560528,23.333793802467426,SAFE
92.23230614786691,34.628199575716636,24.952922340913112,39.249984875098974,2.303676634248161,-4.728722216289651,54.84562680981027,WARNING
23.01834913340015,32.925322359619805,22.318670213150128,49.367924485398035,6.250535729703665,-4.182800521141383,16.43082131088984,SAFE
6.527438470165803,4.091196142298415,22.519335526093727,71.79215124340776,6.578635056049698,-8.709551778047103,5.541783311489221,SAFE
39.10688791514198,13.929258642353282,31.560802232576002,56.14029748361567,4.811240233697149,-3.709752592547737,23.77733121505786,SAFE
13.779977204399074,37.118819143631896,37.59713537685309,77.20754546164086,0.5861897061358046,4.798174231777658,14.270047750369699,SAFE
72.65034594069625,47.35548070727946,25.058291889955306,67.10895191475782,0.5462628876648457,2.6249144152323822,46.10389655577627,WARNING
35.08478240521797,38.44547197737376,37.26608572870787,48.24105211087581,5.255860926993005,-7.651918752728002,24.105222247848516,SAFE
41.69069652234766,18.04001966295846,23.662469195690356,74.72393123833879,1.4808783804016024,2.714787150603744,26.65395950486031,SAFE
89.01426434798877,45.598428993161285,35.86479399681137,38.80705669370883,8.174314092138697,-4.468703751687508,55.02929086047202,WARNING
92.23980274325089,35.45433407119248,35.70535122017773,34.25162267509686,5.8276511344354445,6.422842537973594,57.175962407477776,WARNING
86.15903527724993,1.4315852366820758,38.78318465110239,32.166936665123984,6.145186796748499,3.8677505523062408,50.19224977575326,WARNING
10.73452911679098,2.400593280459634,35.69824308901458,49.233531239871695,1.0711251531512367,5.25335632775284,7.821513457946278,SAFE
84.91630701436206,29.369309537940367,23.224736168692914,30.76112357457454,7.008024813019439,1.0027934965063352,51.24256676448205,WARNING
65.07971417200795,40.659233509979785,28.684555539859442,36.22577344168102,9.399832853908265,0.9052425449371455,41.383745402194116,WARNING
61.52941190885402,46.67057147758756,38.63167312620526,58.60473033640868,2.976114247214261,9.942272680254785,41.75731411917084,WARNING
68.0817089953536,20.421833844602826,31.196736057071796,50.79170251340148,8.883051522966474,-0.3500125026850771,40.28069783657675,WARNING
82.35283759812472,42.008814891150195,36.486646754704964,66.10943062378372,8.54877716807582,-2.2554084075406156,51.30218489541184,WARNING
11.466320614196036,42.12271021862573,29.963368313746905,36.36880162639255,1.1531252218200794,-6.815152119802146,11.506131955129115,SAFE
75.09732596671059,35.54283367331406,24.076373603697665,72.34617090548977,2.812947955282449,5.859711666298949,47.33389224513576,WARNING
48.88059077349419,36.5774341269283,27.62775326147132,47.3570298547388,8.413595989593324,-9.293954909718607,31.226284307930932,WARNING
97.47369472575073,32.40897791326867,28.64966776398884,61.40272655752126,1.2274094645898281,0.28104910587095233,57.72162990096897,WARNING
98.50955233397977,11.763471892335343,34.44556198072699,51.74856879158503,6.524581484879536,-5.902255426164491,56.242536585781984,WARNING
47.04649826176024,49.00463569296375,23.90574302032019,61.822251392437856,5.755977487667954,1.3010317258080661,31.969868251415406,WARNING
61.512328965161714,25.111898684411404,20.33861500515316,75.00484057315589,8.269788274840309,-6.516646381577573,38.23977149142224,WARNING
41.3273177378869,38.5274490346784,39.60124630774568,77.55685232208933,8.993591996761742,-6.832522054017208,29.140354190635474,SAFE
91.44751060090049,43.92224564755397,27.53899822332779,49.7261297268131,4.599089219551607,3.1235126193283396,55.68365580491965,WARNING
26.083561598301575,1.1474214719972342,22.824590491944846,52.005795378838684,2.8200256942620183,5.290331220722637,15.86882879946791,SAFE
10.669007054927137,45.87326127774019,37.90654359887822,75.43784084666441,7.396099986033267,-7.860000570328014,12.74230422956274,SAFE
43.813757136956674,6.570268590273187,39.75398385522165,46.651921169933665,5.853305418900621,5.587861084884436,27.069933906539802,SAFE
92.06160842256455,37.777386292068,33.49007557532475,53.29908910190757,6.05400133750524,-8.116723822943403,55.30378156235418,WARNING
88.39225419612625,27.18886544199427,20.802701008698854,75.99510628299487,4.893019738368687,7.371782831220035,54.56325416894611,WARNING
85.68879542053568,40.787579372855745,21.22806038590712,42.35333227121044,8.755478724654308,7.979821121041876,53.812263946165416,WARNING
45.80688623688061,22.002073382710112,23.502812677722996,78.42053943455755,2.1313847535904316,-6.181264312984689,28.996450344076592,SAFE
66.07289701491743,12.142215150022384,38.7754322202878,30.545349765889743,0.057532623233013114,0.09753602871199085,39.23820283283078,WARNING
48.8062459913472,8.168201095045525,29.89039125940569,50.58305525849932,8.903295253423687,-9.814921595660731,28.379092493311948,SAFE
97.62698050329523,31.219638214792123,23.03686891290551,32.33800069055831,5.381056585592319,-5.302196680563598,58.06711244739802,WARNING
30.116553700125927,12.256608241725681,33.003446271450215,57.67644810580668,0.779744235218115,0.5305306635035087,18.718853422566283,SAFE
79.11897655632998,4.059729541016216,37.7947795246084,58.91533247238645,9.506244692703167,-7.037175645552487,45.48222789456801,WARNING
99.35649993533153,32.21364329848384,31.349883989621254,55.76398120560427,0.23654373098312753,8.79278383099156,60.24351650678947,DANGER
64.39944728541982,4.581324224964561,20.4190434058905,32.53918196183756,6.093957634322407,2.280308297891704,37.740676702385414,WARNING
49.96672917814411,15.338291032647577,30.63485463229283,55.81509104381289,0.19415559876565625,-4.350615393450039,29.597735214987587,SAFE
5.318534146714948,45.00773757238277,34.50446325570271,79.80575850964561,3.0217126330528785,7.569716955138205,11.056507648879201,SAFE
60.305426793248174,22.656270345180246,24.4514622257727,66.91960826430714,9.041407489043,-5.293832038492585,36.7590894471834,WARNING
17.539033497361256,34.81109575024335,39.53946325451038,67.4977550552039,2.845807390476489,-1.6008915170442872,14.871729283582566,SAFE
38.43176354583717,42.60475090235227,35.42741557744448,59.448771738076005,2.749591103969032,8.759770554441126,28.281188072308375,SAFE
65.33152247691466,48.52383232208912,31.602340660840618,71.0596379181807,8.131053793945268,-3.253424463328159,42.57437221316031,WARNING
96.40207229572282,1.0970733798781995,35.37421817534828,78.27785428820219,3.389082032837228,2.962211755819439,55.825347176618656,WARNING
56.22232498442106,38.07536548382618,37.32355843290105,60.1522284649774,8.159045863814569,-3.7542884822148963,36.26155692789885,WARNING
22.85870587048169,21.53338447664201,33.55473199161567,39.362347446936184,6.803521921518914,-2.1181270285586535,16.02542199973905,SAFE
79.5575273892632,1.8417908551651652,33.35965275658789,62.491116832498385,9.409354761253145,4.267351071281409,46.30729558138454,WARNING
79.63018964232812,45.229550792658415,33.50103836583976,44.50768174799873,8.69773799583522,4.951562389519502,50.444426591134025,WARNING
42.443760400089346,35.526458632498105,37.35377754362284,78.78260656956357,9.523515039590553,-3.4934434647171697,29.4297090409378,SAFE
42.16937137181817,5.476830248868564,24.95088574036092,74.12106042434752,3.6084992627935897,2.4110531718976205,25.61198161110539,SAFE
66.59656183070332,39.0914637571656,23.65600060491262,45.240656730721774,4.483363414581806,-2.7031787752345293,41.06659068655077,WARNING
98.29052328596897,41.74704016068562,29.593735092409723,73.9634313043234,3.476529475832968,5.716566477805291,60.97948991254086,DANGER
22.367559810645364,38.6161022613183,29.129068063914566,35.37496604961212,2.732624545555823,-1.9545075195287076,17.238104449979694,SAFE
74.92929116644372,3.649135736547543,33.19093990185279,65.80068204664218,6.539213699257514,5.213392763351113,44.14524405025665,WARNING
17.81686160228383,29.355167753151868,38.82289894407759,60.539213490226885,6.1133634695295305,4.7287928422653795,15.204323020216071,SAFE
33.3204232125859,35.02379506607703,38.3246766662643,30.54477365126715,8.701130411088654,-5.627633374822818,23.902663944834238,SAFE
45.59232737003752,42.6173900476319,36.47824254913258,74.5963739063028,9.404167926325261,-1.056860864564829,31.61145827737186,WARNING
65.63638108010069,19.523922026305335,27.014334349843317,51.579770529883476,7.43076134782676,0.028814942831056456,38.60940809662981,WARNING
81.4059674448342,37.26092385980779,20.40956922248799,61.51190785530808,4.365711233085911,-0.8674202169771679,49.522776973934896,WARNING
81.83730538698947,27.380399304233837,37.71243646917894,65.64027961958452,5.528400087640528,5.090759523022076,50.46076560669221,WARNING
3.83490509254073,1.3541827414103869,21.666986538417042,51.87826625735713,2.354501456269431,9.685225888315692,4.559950311462055,SAFE
54.22901390113669,33.12078730405793,25.576402724933935,46.08984542938044,3.354619141411559,3.9747141030060114,34.32503801848042,WARNING
47.37062076893085,25.884182626503723,31.840059643186905,68.44058281191084,0.9036974851247814,5.537478244376432,31.058972331448754,WARNING
56.32350688751798,33.45477224276286,26.55103529681524,50.46934184082246,2.3116581965392022,9.585999948348103,36.457207768789644,WARNING
49.700297251031664,49.80384578982989,29.795719561225326,40.987563219203366,5.074523967368567,-9.208088564018444,33.25968208251993,WARNING
90.47698014219513,40.927512559722054,34.516410413885694,60.491335772123,5.798342336703631,9.934564281589257,57.132307616633,WARNING
27.799743401993794,38.984218268278894,31.628095404273147,78.79402718794427,8.278031832982524,9.970502259791854,23.36738887114284,SAFE
58.83249944624463,10.227197877246752,30.073740713894676,65.55555670252872,7.743603861815881,-9.989800219681129,34.79923954707119,WARNING
50.5027088502294,11.761728998532329,37.49823666509577,37.64527220251143,6.664562495748334,-4.678756193501503,30.528539115396043,WARNING
35.654214321427226,47.02796303784224,24.80896250816159,34.75013809114653,0.6928490144422583,0.09230220198924322,25.137762041723757,SAFE
64.17114822842879,16.36468217854436,33.80519483586161,33.05168592866189,8.573346449228769,6.331344194784755,39.91321135026865,WARNING
98.54962713920857,46.82524904509227,27.12394327837856,49.963769200778856,7.459648474782595,-7.318344560900336,59.36581095869306,WARNING
31.401471024483484,5.927046848782414,29.097728981456626,57.600213994265886,2.1116046996275237,-9.467366261717899,18.553991132111662,SAFE
71.93558317505232,1.0002582213084255,39.46805217856712,41.08036283711977,6.639000921162911,-1.3049654752002162,41.16593108154013,WARNING
5.96738603371072,23.609180331723373,30.335212685935993,72.73416040464343,7.323490696478979,-8.413950504932274,7.412623541066154,SAFE
20.916268343226506,15.594384210747386,22.32815372929639,52.84495354572453,9.843091908625356,0.29225582475523204,13.889831761053038,SAFE
74.18821683231694,34.14688988496731,36.99822870184276,40.78617452328047,7.538262616930282,7.627104806114989,47.18114504726868,WARNING
17.150982298024275,17.340110989400188,39.40203528663123,69.03939229898963,2.8259083253753237,1.2788353928897394,13.236185236981129,SAFE
40.43261228494788,24.498258816356493,27.10332382781417,43.96655092651703,6.747630413914187,5.57083630172235,26.54615006446202,SAFE
87.39571227473448,7.766498365909403,36.457110472904816,42.740041223853176,4.273363899100506,8.028873716984933,51.5995879884995,WARNING
45.4503600982602,9.85317670221581,23.197373104742354,53.64918833260669,7.626724239765541,9.944102879486024,28.625763273543384,SAFE
78.74086284309018,43.850597947142674,34.95664721869776,74.77175503780529,0.7629354331391325,8.59863197963291,51.186827638822564,WARNING
39.64061537256561,46.08071116402223,21.514656749189513,65.7621478560568,7.356887486702045,9.938217785955455,29.728272058182867,SAFE
76.88552706898138,19.128685290780332,31.144971032370908,48.32754690832951,1.9601864530485813,-5.0299534499545295,44.68878894587229,WARNING
22.201053427432093,27.440766508160646,38.12321269063787,75.63633130441988,0.5476377752582551,-8.40201198096213,16.920015124419518,SAFE
24.51190571723435,12.752972623473745,21.89778350478502,49.42316705867202,5.877253926912872,1.5632440119892728,15.547309377396912,SAFE
54.34296812585927,16.93359624437486,34.12911370633161,71.32419704905357,3.462742664774084,-8.28929281401076,33.27779476466805,WARNING
29.633025109185652,6.868432728745138,29.347174544543616,37.796757565803915,4.628447576579773,-5.579942153507044,18.0439503106926,SAFE
73.8731105462403,1.3784120417922818,31.09492607663851,38.47441374600284,0.009918644696270684,7.38400176129614,43.12637390563722,WARNING
67.15277878140677,4.94714110252617,33.28144735367711,60.582366636879925,4.733566870432034,-1.6148380314877198,38.6086114830758,WARNING
88.7069762915735,12.257400994872564,27.966201140267664,46.455770644741364,7.712010290366336,8.329306124650788,52.391560324077474,WARNING
84.97816987402305,39.88519651498842,39.73579891140166,64.85722752051926,7.510537912135337,9.65605079410038,54.51290145823442,WARNING
0.6990785399174082,31.702418821818252,34.779430639065794,75.89135268785975,8.838443041843428,6.839213624675885,7.148039122510026,SAFE
94.57912719417038,26.868959395685376,20.138401911696533,30.552719934850476,5.446390556178581,-1.2945552227211738,56.19317933184384,WARNING
45.12450533654485,20.02023686050185,38.354516181824714,47.9585175584895,8.562269417630832,8.057295875832818,29.629874198364718,SAFE
49.950176999895476,22.346901868254417,35.22041208430893,65.39857538199412,3.2853511659620596,-7.949037481507069,31.152504468381213,WARNING
26.485240018248035,6.551425290614948,25.894645515533828,43.091078279039955,6.377114238867136,9.089920569095593,17.749042726685083,SAFE
68.57437323304836,46.332470403228484,35.68264517216887,66.39388110355867,4.140619402133414,-3.5041099427326277,43.9100096023925,WARNING
84.62773724729192,45.26966164645027,29.03764987301864,30.45315490933222,7.925310589064704,-4.298623190554167,52.64771192829315,WARNING
0.9887865016920738,40.2494279488061,30.348283776337965,64.26053731692346,9.146898211444775,0.8234766027621081,6.171256656598983,SAFE
50.31940725789658,14.533106067413176,26.103876688799055,69.82710330148228,4.49029245585937,-6.729475827837592,30.400048220891474,WARNING
9.45287640004956,23.646005843088968,29.29910047235461,62.6729139102698,4.710674777451407,-7.130485917315705,8.647817062339945,SAFE
50.78028847985136,45.339470194301256,23.188828232404248,64.48773204888745,5.9385926496552655,4.971714534236053,34.5693234135025,WARNING
15.060027342759275,47.080266845299725,32.41932855534317,72.35355688455684,2.466067636802356,4.788257787959232,15.56064093447454,SAFE
78.10307043339189,19.871763619353782,27.679069057668443,62.889813251287464,0.9340768176021597,4.7124830043501795,46.71150965749886,WARNING
4.288675983941093,9.5295150560413,33.282875144827344,34.91618335459819,9.7184209147679,7.367924189238014,6.439563769869187,SAFE
62.63023324067365,40.95287278346749,37.75160097179136,42.97378247859092,8.494115879493195,-6.104124327247964,39.95551227935194,WARNING
41.334226414881535,27.912981562429966,34.277819261480644,31.5070658861264,2.90509412778189,2.170381964207806,27.49299145242621,SAFE
35.736867914911876,38.75125278147467,33.033043223014324,41.72007268618679,1.4592897959233309,2.580939871741009,24.935203622334747,SAFE
45.04673277047577,8.44785205506593,26.527484106367545,45.15233741592933,1.081319723393751,0.9381803853045607,26.180947627020775,SAFE
76.36486339125541,28.77334444264935,36.525827298747046,36.37842736077157,4.3561185782222385,2.1883020731619833,46.790845649897705,WARNING
67.60015609419074,34.78931532117135,34.57930854195762,62.57149060980083,0.9422808894086765,3.9061135520459285,42.594894096389595,WARNING
72.47826567743876,49.67399671668136,33.86724873402252,64.34151978757745,5.14813290181972,7.358458171702278,47.71998249977091,WARNING
99.68347619611583,38.9522435098716,32.25000755715617,33.94774134657841,7.267391317296275,4.171231371639008,61.08386540957238,DANGER
77.55681478094317,6.227769419974466,33.07465000252287,44.786195247583734,7.602712434028337,-5.192520919370676,44.32358343096457,WARNING
68.39786768204107,14.749647349198986,20.179885856348623,61.66789559865477,1.1326908315892237,3.1858294557642814,40.61199287989011,WARNING
92.56094483569375,48.46229671055451,24.71846174655225,70.46266138253274,3.535532768724403,8.009141454959646,58.5705642419142,WARNING
78.74895686293738,3.6960858322881815,28.142739877545544,46.8658913004837,7.85181020723277,-1.7942857869368183,44.387967797059105,WARNING
68.45883976530838,30.121762779522022,39.512774381952674,76.88924784008074,4.276995147387187,4.4715642328229865,43.84280186390744,WARNING
82.94600939812217,44.94428769310726,21.362685275529675,45.10393996367484,3.2023004096852183,-1.3110809756024278,50.70151769680196,WARNING
16.9264750715419,24.810293997500406,33.26428654596912,54.86819601083589,6.657930951976158,-8.671167363641993,12.780111364537147,SAFE
87.59873317074103,46.953459605053425,32.35814848237297,74.06954993184485,1.3144601664821243,5.948978401526205,55.701552813753146,WARNING
11.914819347259398,20.400511574876834,26.4763706911655,59.279591261022716,3.0151453523953355,2.7462725933426526,9.83101168237806,SAFE
36.738728915195786,43.03951905152322,32.677676804392235,40.7649148660723,3.3612942202808704,6.948417752533118,26.913639166946666,SAFE
38.64797499874585,26.78995327828226,32.97883871904666,47.39048247929584,2.939786307580683,-0.494901947839427,24.611788704505024,SAFE
21.488097209278912,14.210529345953171,21.241569680640723,45.19851379855027,3.2070409336356933,9.236663325826392,15.675186937586234,SAFE
58.97288254658801,39.36912127079028,20.907545055606448,35.3268346804186,8.145369608625924,2.470990988352714,38.21174521900302,WARNING
19.098203054020292,20.239770293086913,30.773449999632454,72.18049145687209,0.6041199169449418,1.9344457873472471,14.342780935161777,SAFE
71.7035921586684,48.89459289552297,36.14320156584369,43.81136567826367,7.095791938782651,5.265557698539542,46.600927907845964,WARNING
72.97354999183952,41.0072033975935,38.074599524272756,34.921493449467015,1.0476385768111884,5.9279997754129194,46.88181002293452,WARNING
25.237247652147087,2.927071097503897,28.024583619612116,70.99384559130391,1.2656502381398038,3.4368394360893504,16.124765178101953,SAFE
0.36158617715676966,5.486872360622497,27.017006915369738,34.1801140512207,8.45901667437113,7.2814100629093765,3.518637123006357,SAFE
75.55707030995242,12.123981569780874,30.464941504799597,39.20942627616857,2.812784500731108,0.3201058434758224,43.7862229826152,WARNING
73.50138084607978,4.732719019681958,25.933933952561723,76.33106742859611,4.2912331778188815,8.777393478186287,44.232321790898176,WARNING
99.14005415521356,26.332991305570797,25.760880195697013,69.53884042862896,1.5931073552501496,-4.95906280655859,58.25497031490334,WARNING
78.48799094992822,21.682296236601495,24.030758739753335,62.556287247616225,7.327618613816829,-7.498575210988618,46.379282002204654,WARNING
27.698025997493414,11.063837768611663,27.597092575249043,68.17224477880322,7.137081022743242,3.250478207674078,18.385714635857134,SAFE
0.6285545868591202,7.107165669019472,24.465950982041335,43.59779230194248,1.464265416489,-1.7936889705222079,1.4764476962997228,SAFE
7.518058501402591,37.50110951938904,35.7544157459221,58.71333448004491,0.8970487704196783,7.801663390935161,10.463615755716697,SAFE
96.56358287081144,10.118178016089468,34.09279638881439,72.09693153212429,5.398435225427023,-3.5335380094650226,55.95119653787353,WARNING
47.855871508035264,25.6134375392226,28.012740883760557,76.49212468168531,7.438831109425021,-5.173967154900721,30.7292579170852,WARNING
58.55571873198685,34.43445754655837,22.803128434042605,47.92128711900744,9.05548281603916,1.3434620037040297,36.58433682113887,WARNING
21.699774606031685,6.139239905957538,30.364537869497553,57.384286151457204,3.3441445135461234,2.6083205683823696,13.875112564314701,SAFE
6.868468621938872,7.256984663307032,30.925476420225184,33.0907846922227,8.809087649911007,-7.157072590869664,6.085545177292758,SAFE
67.39198740845364,19.560172085721263,27.99575495084497,68.2444764305572,4.99462134172914,4.513109272877326,41.235974773953664,WARNING
50.51912287527692,29.64526707026317,35.21429255739328,60.36543714606377,6.156151093887886,5.78439182855189,33.24371669400625,WARNING
94.90868158193733,18.83580769676684,31.542343144519023,34.31365788667728,3.588038805688669,-1.7590154822122805,55.374191842918734,WARNING
83.5237316824051,25.66962010628384,34.62132746596916,30.950370001283567,4.6449266962831555,8.026353303271684,51.77607930465397,WARNING
22.43139093057851,1.5761092653556463,28.66817467426953,65.22159103237976,4.544635068414696,-0.8004337297746833,13.666595977106944,SAFE
66.98050412383195,12.71944041415245,35.03779583283955,37.655676545286674,3.957506052859877,3.120162169418359,40.052235010427125,WARNING
82.83690072301977,39.57655355825276,34.43371198615395,47.954819176819555,1.2230431629372385,-5.6633156461401875,50.15304755209973,WARNING
86.4833814576485,42.86656850663297,39.03121705078031,33.79943259477708,5.368090852774561,2.9736608980846704,54.2272425974258,WARNING
71.06573770668567,32.19316175052151,35.40022779804564,47.973578814467075,1.7943277213548214,-5.90833255699123,43.016520748975935,WARNING
1.1978689470164339,17.516093605311116,21.834881017599546,46.07443463950955,6.282100771662478,7.889561111736398,4.656988759465099,SAFE
83.96054509905164,12.633710597878844,22.68166284396094,39.65361368983656,9.70986651903607,0.9894895937098163,48.75829828227019,WARNING
18.250222300057484,42.03730773434076,27.903824886251098,74.96110759873636,2.606771268344865,-2.135564823915277,15.76493822613231,SAFE
50.494776279008455,44.63076670445158,37.375148632101116,58.71775351519389,2.2177550978089067,-1.932860565242498,33.400736486155004,WARNING
97.56330653655054,30.388661193870103,35.62195510248394,52.493234768070984,5.320072754668064,-1.4209177553491177,57.62044784575096,WARNING
70.2920998061968,42.57355069434387,30.147270864491272,54.043372931811284,3.4028646709839694,-6.458066114118324,43.54768538620696,WARNING
93.92477228751088,15.803985933975252,36.013829271485704,65.76735106437371,7.90917600278129,8.735362667442047,56.720613701948956,WARNING
62.33707602208972,44.89751716910223,23.353946458245872,61.335628797839384,7.722756129146127,-4.567177385116519,39.81036545249655,WARNING
74.0753801291965,38.92384145581184,36.6237591203289,45.64414562979664,6.816065901683092,-3.9149343318047585,45.77362718625003,WARNING
73.90403874984554,23.14868325728561,31.9508874905444,50.791999071528444,1.619829269298243,-6.439409407892727,43.43022542971216,WARNING
7.7568907262134505,30.90363398608309,36.97276795906119,31.041841313104047,0.662395020883535,-0.850660153941794,8.93631938136774,SAFE
73.77207361681893,7.885382235597565,25.433026390983876,41.60031006409036,3.990512186711541,-5.500026459648577,42.00434013849042,WARNING
35.2598678544753,36.427129933097206,32.22018496908378,34.05908526958464,6.377456662457178,-0.4584565688157305,24.51256813136896,SAFE
93.45655747071388,14.465215855202661,34.5233283939832,66.5430411522285,2.2150078100918735,8.064472499418724,55.874591562111824,WARNING
49.118320042960306,33.94416834446512,22.91711117767009,42.89019584959846,5.861071179372228,-3.61945463253301,31.16218106567987,WARNING
49.96929185709734,18.70025996866446,32.81107593288096,54.35726813904044,0.046099359731681666,2.993616758907681,30.56258204163418,WARNING
42.212155705018176,17.084917024511142,21.88293504566447,41.01848452832458,2.2377229158085346,8.70738998809458,27.383470504921,SAFE
43.251297474654685,2.103292360758502,22.77633364486642,33.9516337866456,5.888693902072113,-6.2675701686634655,25.206579170663932,SAFE
49.855764028177596,18.503103143498777,36.077527542883985,46.024481863268115,4.582654823968083,4.425710971956516,31.13790774941806,WARNING
43.335120693063935,39.660776800659455,33.233687124733294,50.5264556973358,5.039819256863627,9.344069116843869,30.359205988566522,WARNING
66.16114965083923,45.24976129861624,23.575170069421286,54.16180781225759,9.086616698450506,-3.5477587711716474,41.64727115988754,WARNING
96.76641981464208,4.8538745236828715,38.05342340550074,52.260606103292936,0.7374416514116067,7.59043185172175,56.02757827877605,WARNING
25.194021240911347,1.1125062747612602,22.716142111383846,62.95573709498808,9.778114891381948,-7.770757208329664,15.218847803726677,SAFE
46.1948048124762,9.031827547376626,34.90073068203184,35.90294498809071,2.3984174848088955,-6.071880647018572,27.630135560537077,SAFE
55.25197803669779,43.659204600031615,30.22180402312837,32.912172638573566,5.633889305968313,5.9504199863601865,37.34176841198514,WARNING
13.215619730432271,3.635560717229586,23.75615555115138,67.30431614108137,5.916804195320015,0.8118930792349772,9.017773778570204,SAFE
24.947989463176835,16.61182976234297,39.31770025886685,42.031261336469285,9.016454232550885,1.610630089154732,17.26984785655993,SAFE
12.32964663712478,23.3656189077534,38.97097434721752,50.92827990686793,8.633865647893623,-4.8714261069658455,10.294523536292923,SAFE
57.0922151800373,42.192602910098685,38.41376882339391,54.291168357565034,6.39688102145429,-9.940397384353382,36.82506955015105,WARNING
25.32233075133896,13.935605187347289,21.869860233088616,43.98475066784883,3.2112203305813916,9.375320791363865,17.81373706172613,SAFE
66.86023805608376,21.300253970817213,39.76108921391018,37.66161601173056,4.760511939304846,2.941244140980988,41.08440441319822,WARNING
5.558063448407702,35.84994290415594,21.997347058439797,37.014115429983846,1.5968951246208407,8.577796533110355,9.236760125471761,SAFE
68.32355451381677,32.771375055155204,31.10986992929984,44.64029993475514,6.208897045993514,-1.7970056022272036,41.739015840141654,WARNING
14.541615009261488,34.479864516386655,22.591643358598454,39.53342905105866,8.176993118476059,3.2023419225030807,13.138939126674046,SAFE
63.09911542136424,20.910139217136205,27.925610364787424,64.51313045927006,7.400055386090457,0.20426404728621073,38.07832002342859,WARNING
96.92692443485262,47.784977945943595,28.248589800255175,71.03111271415767,5.432678415984153,0.23511775114348943,59.620948830511864,WARNING
5.4964061378651845,28.698735523415507,38.0115586112633,69.0066924597546,7.86317144699262,-6.801419228473216,7.88696805406793,SAFE
35.84494471335636,11.660245832511789,26.31830564911272,58.976967174686266,3.647838133702479,1.213956349285322,21.820690993329315,SAFE
43.850124827457705,14.330777922486382,21.90806868410317,74.59192286723913,0.11373366004648666,-9.966950237160576,26.940525839509498,SAFE
82.6797739763546,49.8405470162895,34.542056554273124,30.763691903144238,2.2669022666851335,9.436454005239227,53.897484535562526,WARNING
80.86042521738348,28.339992190235552,24.73721418880718,30.71851029633745,0.20861472637409006,2.2396172706045334,48.74280105476684,WARNING
2.183187635242312,49.68150709626863,23.667676669874762,65.53536809346386,1.5505972141241342,0.8018684219542909,7.250192025286656,SAFE
8.061128846621756,38.33892122666216,31.698421894496594,34.30833467007075,8.485861892000056,0.9403722955340399,9.999384903236285,SAFE
92.1592310013318,45.83116868390563,38.41015578973165,33.8892600100234,1.2095776175452344,9.75411619432396,58.75804082785052,WARNING
48.7600821398706,11.910702641457382,35.39328976997316,43.214261060624096,7.272156880186423,6.745715556995222,30.58081783195039,WARNING
78.42633772952806,13.70239040989677,28.03237148158474,50.662550161663816,4.9127291810447185,-6.652542969197279,44.93510733344477,WARNING
45.24700504143424,25.539149525773986,30.63417993162105,70.9950214992229,5.1733449847949515,-5.384321549726496,29.029895046148173,SAFE
66.31287382441872,39.86570720433126,26.387433328765233,62.26529645088026,1.4693799594601265,-3.161473908438719,41.21475681081871,WARNING
90.92239295496341,45.56540815812854,31.506491574861272,65.11757304325533,8.540154152059413,9.171063706252532,57.906280620802036,WARNING
48.98864402897695,28.078786831301716,28.312831332956605,33.59909685282144,4.228034724488184,5.812546787661542,32.111230716830974,WARNING
80.48854979915286,44.618855729664986,21.029334103519382,56.35772947903169,1.0742448793707626,-5.985156336685133,49.30071997524473,WARNING
90.02165023806064,24.83956292148479,35.17089841793227,33.21920529643404,4.16826503924852,3.4848056132867544,54.24882295377652,WARNING
13.34064812782133,16.290893955284158,21.290956100477665,62.566997043475524,9.708912590581185,6.5409098228565945,11.57387550708042,SAFE
97.46231168075656,42.280239754919826,37.10391612393957,58.85885976856713,5.182523114132099,-1.8749146714434488,59.13956035024003,WARNING
81.809489504588,9.10338061390123,21.124498316483866,77.39469113423375,0.03778185203477058,9.536586437517037,49.37827330990617,WARNING
72.88533698737658,16.42494598489138,33.956396861726205,70.89375785925637,2.4536205598643592,5.417913665591637,44.42820143870693,WARNING
80.43696250082402,12.46773150626727,20.83852708755967,40.206114227904884,2.0064640888939445,-8.695190916490336,46.28519366475141,WARNING
72.60073846551958,18.99874622292041,37.68772334907717,42.6085552832593,4.532321650999274,2.780348578535257,43.616924979875726,WARNING
87.7464949671778,26.23105508096874,27.470492556247656,73.35075392360045,3.1024642468761057,-8.41152600734847,52.32986327638087,WARNING
44.504210751024,39.2546653248996,20.615616635070463,59.2941122494796,5.944640485272361,8.570835268547633,31.098106304246762,WARNING
28.64648171450218,13.94183066053481,28.80967302679356,47.845745073575756,7.363458626893268,2.835041542630991,18.383125646561435,SAFE
75.89210379062663,41.002089559934454,38.45962265468295,51.546836589232385,9.846973894715495,-5.686783731926946,47.083537697769636,WARNING
71.43651619473286,26.70046586535946,36.33801189369767,53.838526030321304,7.839386353624312,8.60337429295356,44.83160156611189,WARNING
73.22942661400873,38.80471431091622,21.34350862531712,40.24788311161403,9.743037405035937,3.863740075747888,46.086986367351244,WARNING
56.14490173110046,18.348818669822503,20.887780024138358,48.45679539820675,4.989128732895759,-5.770809812262265,33.24680548461503,WARNING
17.313679127383253,25.420827567875843,31.718084712550876,41.99589594272624,5.87389474456213,8.0067992774859,14.695770308064894,SAFE
47.31732580213538,42.86950847935907,38.54542889066637,34.619701446854286,0.9581157965679699,-0.4791163422479716,31.805672201129365,WARNING
58.810244431770265,21.294173223251462,26.529015408350062,62.04970580630779,0.02081512349920267,9.361465617274849,37.02732170016162,WARNING
23.207908818802213,45.85493842915035,22.18029489069012,41.904359102228625,2.348737010875004,9.923058084012922,19.997659460956655,SAFE
0.46005457258844196,31.98191046517479,37.39373162121706,63.61368270123683,3.6273381821694417,9.166187254058698,6.766196137484029,SAFE
89.3520754589041,21.69774601247589,31.46656985222327,78.37595939026204,9.825603619264701,-1.0035344856409552,53.546822746732346,WARNING
84.73500281430886,15.099011347696816,27.436257458613294,38.24109414951131,2.091845927767303,3.1374660451871783,49.555996353520456,WARNING
51.07816180070809,11.556593031280144,28.05819232723305,48.659172993184086,9.873602045353342,7.0713167442275875,31.376542711333094,WARNING
38.79663333838243,45.695828944801654,26.852707832563425,63.39507563674297,9.666499966821124,-2.194422720228955,27.15344540239688,SAFE
67.98849651049338,14.79619055313166,25.326246311959494,58.707833321577596,9.792645980332182,-0.9373230255966014,39.814628416777985,WARNING
93.76369703165807,45.71817601223808,25.075252246899893,50.09097035421637,6.433024784941831,0.36091768822783266,56.54399687558421,WARNING
9.595852986317432,49.68490150635792,35.0530800242256,51.88470191123559,6.181685496662913,-8.248543654675398,11.152182664716584,SAFE
49.530165368961,46.54162079087439,37.93201916109957,46.86904227415728,5.313678638213388,3.9476704817529367,33.75411990462436,WARNING
34.000926690790536,3.243960904696924,30.108833134356097,60.08178679116682,0.05841600121510249,-8.088492529229388,19.78735756674139,SAFE
20.72906435941523,17.40261434954671,30.821024456611607,44.69214593798326,2.7618381440650372,7.386986876261638,15.313180041020047,SAFE
14.505064080142628,24.773006658618012,39.05649433872272,61.25066245580229,7.1720547989443855,-1.3752601721878577,12.079046489613718,SAFE
1.9932167119719568,32.30651841836027,32.63848562856248,35.52138182316666,4.621597136246315,8.30657889331301,7.325171859165312,SAFE
20.508483197197513,23.054937731705515,29.22206370401041,70.53807340738192,8.245758703294445,5.1853883932678375,16.272532001017094,SAFE
36.54541591882737,3.6018462509260054,26.989659544480283,63.989560063566984,7.027465744890764,9.30000418953438,23.470498486001436,SAFE
45.36412314437085,31.621779147014518,30.783817414450635,37.53092800566187,4.612024721321361,0.8967030937798839,29.435031969366904,SAFE
95.07496060422585,18.326952720447803,39.60198206215956,57.115003701204216,2.4246924330305752,-6.166712259683845,55.33100751418872,WARNING
14.169491726023175,22.646643528672648,20.438528595778465,52.25226416574327,9.884046921559463,3.4021359144453314,11.573201109645291,SAFE
75.97861212004047,5.950269535913128,29.462017229801816,44.311155051285695,8.940975279890292,-6.37415055972175,43.33785549253389,WARNING
45.873332713674195,29.402385917281887,30.280821831570652,71.51217639852037,2.314531713196404,-2.452177791526175,29.62594808141337,SAFE
79.20842965739526,26.403570586840242,28.042347712959145,31.472125737241576,7.533854240156094,9.443641559335205,49.54892549291214,WARNING
62.028700948851004,42.82706103443973,30.337514863898523,41.58404827116823,0.1444210423514547,3.067965351799785,39.70697907742606,WARNING
49.31088482482446,39.104907354380074,33.893648348706094,79.39761841032823,5.103125834120398,-1.4565042065398117,33.2011970187492,WARNING
28.673968943929495,23.843064589563724,37.457429562458444,32.12198628958706,9.779000472861888,9.86614388615596,22.133940342635455,SAFE
59.78213785879017,16.57721018477007,24.460979366440476,43.82451978424394,0.5010542650497185,-0.4977808303328235,34.898674596529865,WARNING
5.732427086440584,35.92371073879626,27.43858911065708,39.96823658735816,5.448535578360384,9.475186144860274,9.536187605476968,SAFE
69.51310490184183,24.58734250520801,35.53828598509013,66.87382359494944,8.917354610577936,-5.90662104812105,42.50741515606468,WARNING
85.88775762587319,15.051304352084943,38.81997855650194,44.05325744733676,9.268485431626761,9.275814289281602,52.05032031433468,WARNING
14.549135745701424,48.72499416313915,21.714459368585647,40.928389330626096,4.441687808728045,9.871947314234202,15.688855494772355,SAFE
48.85630511653793,27.520472158924292,33.88849899047297,78.41467791364757,7.8335140012424445,-5.516919911526028,31.879849575256443,WARNING
30.299093066435468,4.88141198042622,32.8890472832948,39.03701532696108,2.5740488847936573,7.762273103607541,19.776401047360004,SAFE
32.67556753320152,28.332335917708352,27.95132017578354,33.70156437029568,3.6286382989670507,-1.8386359392813834,21.948715440254418,SAFE
89.57011019115183,16.222532682316977,27.584822395241357,69.14483843361673,7.589566512115979,5.965705532969816,53.54491634700786,WARNING
95.3770740076004,39.77787491973921,28.15216406435782,71.0754258449046,5.086746320899383,-4.445719349628694,57.90089500766223,WARNING
30.29170681310124,11.192119428169917,22.899859156395067,39.22452059268252,0.6317804995381937,7.769017298647725,20.00882418727525,SAFE
93.10078096491232,29.338519624694776,36.8097911321737,39.17855513265736,9.016738252269851,0.12723119261016613,55.7471264442826,WARNING
6.7164992605555085,7.06563722470801,26.179529215736345,32.177879017737574,3.092933780174436,-8.801391337622164,5.505367514684991,SAFE
23.60276051928252,13.28348779282208,39.88737952733588,41.77733368818322,2.391864489385803,3.7357793671676998,16.332118454748056,SAFE
85.93574785164519,19.352770630104327,37.51236039881385,47.007101037387855,1.9701587961501932,-3.4072235134455298,50.0737092892941,WARNING
60.93563739279924,18.357157965603687,33.45787607978578,41.84679397112412,7.009928939891488,-3.0512327350306663,36.53136691502761,WARNING
45.58683716019345,27.887257022144794,33.72450006371987,41.93568459243669,8.359455374108105,4.436854995104795,30.006270681611397,WARNING
23.409791902399945,48.748728130145516,33.29593982060917,52.62134432333528,1.5752732555351634,0.6644200461626291,18.507770238541028,SAFE
16.47758868271182,21.474583934892188,28.174250454790375,65.99698221737302,1.923831812242498,6.437427097416915,13.552370812684398,SAFE
32.61323270161658,22.199431348438754,35.44681951107685,61.26961998567574,3.0802535180193735,-2.2759415090823794,21.397055771471596,SAFE
30.578681398961017,29.738508363857857,26.652490664136792,66.28488473915704,5.797871585837261,-7.08586776504982,20.9788879552709,SAFE
31.02686186798824,11.072372095507788,27.806264251029706,55.799204310468156,5.067628572841098,5.090473531265779,19.873760799914415,SAFE
18.917186360170934,47.32364146487234,26.856902137643374,45.012442345806924,6.851785781802198,6.11033257366125,17.04369543799543,SAFE
37.84717648136534,37.34234874469885,37.67471912272109,68.34018326034787,0.3419648557083299,6.547378227323762,27.427500946624434,SAFE
77.44809584543674,33.4645119076593,35.200448381758065,78.97126979159694,4.311128878183497,-8.655535300908044,48.11704625833306,WARNING
46.08899696277167,2.321682769552397,25.88500816176922,59.343989589837946,3.096228929261563,3.7079049181907724,26.98895892416125,SAFE
82.19863276857211,21.021958963976843,38.00275902586007,33.99194656752001,8.401131642004497,6.571462908785978,50.49633370588677,WARNING
32.19938963267649,14.935759356230749,26.101899623070253,70.56968561722056,8.31653487610195,-3.4055508234466476,20.702646239414786,SAFE
59.25903474444618,6.946661472022725,29.375574765620442,79.93964254277691,1.5883914770624685,8.951252799201178,36.8725662557609,WARNING
82.42547219650078,48.610732547313496,23.59157521221066,40.675924522168216,0.16867181734858683,4.494036258312111,51.63894881861769,WARNING
64.40946934361857,8.903271916236605,35.822899310841436,44.959775306586266,1.3499556933063517,-1.5487466996130372,37.17618931549196,WARNING
9.096984842685607,13.162182813662332,27.426667168546924,72.59320872570748,7.925487412932214,-1.1449142849876353,7.966828110202649,SAFE
72.45750577523876,28.43248180895025,26.81683710156136,66.29371717476424,6.8349915446637795,2.3818888438720407,44.41853141710022,WARNING
61.795552104325054,34.149099616348835,27.690910252850763,73.45379075338512,1.6230784549646082,7.677709264783083,40.32639444503031,WARNING
34.22818430319944,6.2515807804311265,32.0005480535826,48.79933345352026,8.154997271035192,-1.3842906294246546,20.268470038357684,SAFE
66.85625255621098,15.412899475241277,24.189047500506803,49.40245154744119,6.068078346024334,3.138934784227036,39.31384477518939,WARNING
57.820666529801834,49.40278593120544,33.82180372990331,76.57598137984589,1.179331948951745,-8.772541403730422,38.570501037446604,WARNING
31.099470201195366,6.829446918821197,30.517370564565354,55.94906267616393,5.750471664439502,4.904557616621455,19.629410071122308,SAFE
97.13297002123198,43.91293457195732,22.36734479151163,46.92568443853286,2.5582302504804186,-6.463652844404145,58.22768701989512,WARNING
54.47248766557845,27.663220101636526,24.544896557761227,65.59486251533428,7.329142991695052,-9.580400103321335,33.895145673695204,WARNING
39.57577037223166,44.50703206008105,30.406372164876764,47.38139007194971,2.5367615159513015,-5.1329096016343545,26.745464091179432,SAFE
9.976803385080634,40.86132095465461,21.733148107883423,44.61473829309079,0.4567573856635321,5.62773139447401,11.15436378538908,SAFE
3.928368222679046,15.41505519341042,31.46594740173328,50.47806801467219,2.8227106724910045,-4.496218551449167,4.1904443462593415,SAFE
79.77903060062494,48.69890475436225,26.960821408975868,31.957275680450827,0.3656577790910842,5.184268304214362,50.80367114200362,WARNING
55.236982160912696,39.17963287086652,33.9499402057715,75.37531746326982,8.858242910466235,5.7665479124235475,37.61078808704872,WARNING
47.518916004214375,15.406320380192623,30.1405357488928,55.10358036599118,6.102755488893377,-6.278048644341919,28.49337942052604,SAFE
65.56198804449888,22.83004621029079,32.40409663881718,41.98024114597728,4.34394893877355,-5.795975710949595,39.330488267084135,WARNING
87.53051567568016,24.39805225207688,24.499628311476243,32.06043478707731,6.757386646535418,-5.707105720204886,51.84145502423087,WARNING
98.95821923187783,26.68501867075858,25.77953992496064,62.88387168963152,2.7521992343808552,6.405485878194931,59.19740016269631,WARNING
30.82360509299419,49.41238661979546,32.102895708905876,72.22055744713316,0.7281546957842222,-3.034011652276236,23.396801855717516,SAFE
73.74870861661496,32.752950867029135,23.884862428675156,47.81014652548549,2.634434074875409,2.26740339523686,44.58753676092426,WARNING
34.4568229458775,15.452712100017491,24.147559608726834,50.45135604573242,1.9550259019655358,9.251391747552645,22.50974329669346,SAFE
15.45018114953034,45.665235747938816,28.569461963131637,48.8932995780861,2.313198009048488,2.7151266873503825,13.956616564210348,SAFE
68.55280150108364,23.378548112620873,21.114137913868483,75.9255075344275,9.80329132876381,-1.3791316957633004,42.02262868432423,WARNING
61.366080740932716,22.514931312187336,26.437593017722413,33.86593964289038,4.560677303972989,6.36769112718903,38.38299229810978,WARNING
1.7031461088003574,29.105384159011116,37.615442174533776,40.8774715007179,1.8325586468906219,5.445532514038863,6.114901744584406,SAFE
25.50864311192933,9.599213378032424,27.5597850113847,49.625100613510895,8.74101063016566,2.3688694386735385,16.04723368850106,SAFE
40.59614563395893,26.719398214288343,39.07930466650548,35.66073383049477,2.077155217246914,9.250574131731106,28.37472104911535,SAFE
95.73248485272042,8.858271063238632,22.902176342505964,51.05425671693099,0.49718292487969107,3.0980706457028013,54.34077106942589,WARNING
7.749602166174219,2.9014813547140363,29.703738724176986,77.88933180550507,4.267959360631596,-2.870376826788979,6.395480821382907,SAFE
99.79567155022859,26.598448038959173,27.50482813780497,49.29304066708009,1.9495949603351048,0.2444611489507782,57.85442550786479,WARNING
43.88550281680058,13.53976481737067,23.210801732035197,45.561943433377685,5.086833276877293,-8.833334554303967,26.05670743655061,SAFE
15.374402858395598,47.38286334845477,30.857107020626778,33.17246518300189,6.930877587695729,-8.763942598419305,14.674983878229089,SAFE
73.8874227046373,37.498136086001345,33.02157951498505,66.61022723096748,0.8796578101305774,4.535611047105352,46.570591533375875,WARNING
13.668831972388295,16.975295363592192,38.854905070012656,55.14377388295701,9.674264320830138,-8.221550822265248,10.64903428486277,SAFE
47.755659956318006,3.1201160138435324,32.604205247985696,33.93535006842582,1.7536780254037732,-4.82339379861439,27.848751237607438,SAFE
74.87438516644832,8.198105940903739,36.932641065861354,36.595196941540046,0.35244449070156336,-2.099091620606643,43.28521686638811,WARNING
97.94416419712951,5.5171113894388615,22.03436888079258,67.5583255397812,3.1216169399356533,4.345632344514339,56.472406596214206,WARNING
20.001058944336336,23.003599709908144,25.30579755497836,52.57641074395434,7.690970925853038,5.240198809553235,14.877641113525735,SAFE
51.57722876737236,46.41859218605255,25.27568204896548,42.01556755596165,6.138064011754337,2.4259406843357816,34.21443210276512,WARNING
4.654003956497399,30.38888561934488,27.488723146980288,67.37212626602795,8.08105664545273,1.0430763909407315,7.204301319119253,SAFE
0.17050315022650864,31.818290508332105,34.977625593318685,42.44916331157571,4.646460011407888,9.314532468235765,6.247258391762487,SAFE
29.811555339410344,11.15766255208704,24.217095809560202,57.94004171769981,9.497871013080065,2.1738025840070936,18.8579230547468,SAFE
30.332312023765994,31.928488903372703,32.49684595195575,59.84625678648271,1.59426206888302,2.691335986899883,21.360755941154622,SAFE
43.016445251449966,0.9296029311516685,30.795289742949905,79.46333726092088,3.4973959084398354,9.311184366373165,27.55204320030281,SAFE
9.620574166259455,36.62250579336531,22.286599893256707,43.67857867776371,5.708408353221244,1.855593879534979,10.061846635796268,SAFE
77.52113172341713,30.765570361371964,31.872294087611216,75.61765434945691,4.521607522091572,-5.4946844260989,47.5637572819746,WARNING
16.178858502363024,19.999729840474988,34.255055103873914,32.127174246495045,1.2905338650940612,-7.877730797927212,12.31926589647081,SAFE
58.52501530514588,12.143232526563313,23.32518856602793,59.638535987151116,7.613099154523793,-3.356901670946712,34.349403999268915,WARNING
57.820460567659616,4.90622065997301,38.7038206091514,46.84480926573865,9.975056931735013,9.571755116995643,35.54792981536661,WARNING
77.88234493358115,1.0033547703483359,30.869498407687267,34.34182102200057,8.951380259615162,5.792725052948057,45.61812308335917,WARNING
97.2340376595683,30.41914765748977,30.443456089686762,55.94869279721938,3.864483744543449,-0.6261986554171806,57.28346711008403,WARNING
63.54125831353503,46.64738037781386,31.91768676512062,72.85579711586837,8.627799113025006,0.37665351696518456,41.60782496331938,WARNING
34.746964149762164,31.97869366660405,28.917546838296854,34.07204336609664,3.7780910043243363,9.881442760986499,25.466167925053128,SAFE
4.851187002628721,34.83334559504633,36.823774101424945,62.43629517376894,5.6974823116329,4.15108833957515,8.4795826582068,SAFE
42.93427372996557,4.568086865443838,39.24743508606764,51.6150384992098,6.653892371680175,0.6262087377859054,25.32171928343051,SAFE
5.4673071977554555,47.637330049626925,35.85074452228646,37.45489472346975,9.816488762882669,4.738027443434159,10.378974380499995,SAFE
47.232165042830886,30.568502827978662,22.13473364029195,58.02057550078055,0.736610720170594,0.8971051423860388,29.795084713865023,SAFE
55.26956887627854,43.721939258037196,34.50115000544588,42.477619610756,8.884261421878568,1.464853296960115,36.35881705797737,WARNING
60.637947857403375,8.449068461108917,37.15547191938228,76.5482557508272,7.749906494949082,8.815049052900122,38.28146968652071,WARNING
30.229990412234585,43.05595841813856,29.77786285727485,38.195860147179246,6.688005990334012,3.6824054141175786,22.83207208638788,SAFE
28.692451375669016,1.374666581378503,23.99694518171127,49.98887738369434,1.6756291105986854,-6.1194010352079165,16.052805242015467,SAFE
39.139066438226955,48.08933071542802,35.28487030815297,45.98742006132821,9.516040689185482,2.912935845174653,28.108681328403073,SAFE
45.544964464014015,23.415009947757355,28.214889356707836,41.649602627296986,3.866321922137057,0.5579276808678522,28.274397418734413,SAFE
52.8027350730221,38.0868451106259,27.175957143147052,65.83990146519761,5.780918387686846,9.236908090536687,35.88740926913366,WARNING
38.52849260339827,45.06082321303951,36.412850945965786,61.88321422947284,6.545144667421172,-8.307001307871786,27.188813745315986,SAFE
95.02246055934323,5.346803174787196,31.264666174870143,46.50354002245773,4.298519782898518,2.20366021673634,53.94074796523031,WARNING
90.88513778823216,22.87835617861507,39.75459110612882,59.64060326757499,1.6055394264217449,-6.199814103374955,53.57469809139548,WARNING
71.61110355892511,2.5198897121690877,29.606831524444537,37.41095549017583,4.33218635177845,4.998348441434391,41.714168736214965,WARNING
45.881292824143415,8.172555449046348,25.038507407132848,48.37697943260912,0.6956118348641471,1.6867527216224367,26.507174132977394,SAFE
60.75337912780502,3.1075963566283726,28.04622642348324,50.70003414423624,3.3381956855260118,1.1547948066222364,34.310299929942325,WARNING
34.595749006011175,20.820463973890302,35.95047094883211,38.10546777151007,6.191146953034209,0.11188803381691059,22.583893463976377,SAFE
30.507163747934907,36.37673282452054,31.02376719082296,53.86807634803476,6.676693147712001,6.045806159627215,22.45420141007018,SAFE
97.26687900335762,31.467518418818674,37.48879970800766,30.05457705114785,5.302356927258912,-5.707049024596039,58.530364272934506,WARNING
9.419245708313717,26.598550853219606,34.93653012298188,50.61362612371899,6.701074493444349,-0.20561492318100072,8.703001761901767,SAFE
43.7085865959426,14.512832021793031,27.651870290020092,47.48978153972139,6.461871840148815,-7.67962977441721,26.07220385947011,SAFE
9.263636868780601,33.00064971042302,30.925961397577616,51.51000483713288,1.5244288440790354,-1.7794577626137702,8.843085002811112,SAFE
78.97317633200116,44.48106178946285,34.0515313992844,32.99560879404404,6.704097766011186,-5.180288209074108,49.5213541801095,WARNING
31.525124302640506,9.793660397999226,35.51511581240409,62.43010613186395,6.118350545991809,3.359452193385522,20.4432534694423,SAFE
23.67722614039034,22.23222071626808,32.665074430979786,61.829701380915026,7.918518627551306,-4.257920666237789,16.616361170813803,SAFE
77.03361216968224,22.009224030846784,33.403453841178695,52.78596900326434,9.486101697909433,-6.413954705167111,45.60318532352753,WARNING
67.5005088582357,28.826750038407944,23.454620818954893,33.300316790583395,7.991443889716637,-6.850973327074696,41.31978018987936,WARNING
18.650668278577598,48.92171119945197,34.34521702953262,42.524342080061125,5.909489601516013,0.6822367680502666,16.4230042543223,SAFE
84.44732675138475,36.46603739163122,36.63442250986371,40.57532939886812,6.402192043670052,-9.195182831632394,51.46569771015801,WARNING
6.894061227922011,35.676351635229864,20.488402052878627,58.98825044502546,8.4040509844453,-2.401163831639428,8.454563807709699,SAFE
4.484043683991279,35.692372481436344,38.59372904928301,65.85856960291339,5.784472430027753,-5.399423402418799,7.797299828450047,SAFE
1.5375624044496994,34.73360542395266,24.62052351688586,72.90813385911787,4.663641188326113,0.6127116474491245,5.839124770860332,SAFE
75.39365442663667,38.97153039016716,32.85301666161136,76.92159077063715,9.822984363204194,8.937708887492338,49.381084340937996,WARNING
82.41791853439435,35.281261012212575,33.26651715763335,35.187508846026695,2.714843468191125,-9.88623552941246,50.14767388412803,WARNING
13.740987023399187,21.961473858459417,22.93073101578147,75.0831707338379,8.05699185335282,-8.567761758209635,11.514161827285957,SAFE
24.891371546726603,40.95359423057544,36.06092253119747,77.27252750588944,9.975477616173603,9.525401264822438,22.106140409384693,SAFE
41.01379857214415,12.516422190101611,35.16820380854125,44.96364463720154,8.064003601313297,0.6790946079584881,25.108478493913793,SAFE
79.39272752349538,13.793993985850522,30.160546311076416,58.2011896801091,9.43108067720132,-4.668048463391655,46.18504036992685,WARNING
93.66882392848946,40.24294577328579,34.617881081733906,69.34351345925626,6.05425045880057,-5.118399790750283,57.292929987987314,WARNING
18.949496883985272,43.31707179251952,34.50278805191667,40.66021413804745,6.150933658744016,-1.0490703717155228,16.003605844074514,SAFE
15.865516996309392,26.592855467858218,25.630381849328344,34.812206207878575,4.669582985454108,1.8021710418712367,12.77014203447543,SAFE
4.690641038115051,20.10463747054984,25.153238396733705,31.532529535361622,1.256625496115058,-7.2193168236324485,5.584183035892619,SAFE
18.287424811797116,40.16887857189606,28.789837329562786,37.354299613519345,1.0029696692788925,-4.041190825419219,14.946896872944139,SAFE
79.80155187044524,18.222992396982175,23.197947205878762,50.205809077308,5.553115572870575,-9.408316327239723,46.09120164065809,WARNING
62.76418014401731,19.755037650739464,20.19451750262389,63.69446994731904,7.123876355626482,2.576795771173657,38.29235343853428,WARNING
34.193021759842225,26.480242703298057,27.743154122668706,65.03108650798472,5.835801862336886,-8.364017723451004,22.63468836289255,SAFE
64.30935582189974,34.361920716890076,27.414043612293987,73.78928904798522,8.430143548449626,-6.496669522005243,40.53801158417031,WARNING
90.42663084858685,22.043618574753875,34.47499305268587,70.7048503483618,5.051124210696899,-2.0179612125836854,53.7005572047854,WARNING
91.54513686150983,11.54267764677116,25.13940155438289,48.081015700671855,8.594657779705656,8.775765284261517,53.79189827703067,WARNING
22.006771475486186,43.19350738156227,25.164059189371386,78.53206233749441,5.974078919815823,-9.858270651052353,18.15658507200771,SAFE
3.4129904071177886,7.374226540235424,23.751463156375134,68.38095614132983,2.227658764169499,9.382832400997195,5.583991445593975,SAFE
63.61120572029383,34.625875462675886,24.35633038570415,74.63531570475423,6.678145728199314,7.288112486837278,41.504229742159126,WARNING
95.6481097231227,6.282048855479822,21.931744605378913,70.17039132948179,8.661260590941703,1.6752284175597136,55.16470628252964,WARNING
36.60005477505206,32.63148180376119,26.113281451849147,41.919284607673404,4.881452095272655,-5.676923447872406,24.096950753627173,SAFE
48.37036083151729,47.830325273178595,36.79568071234781,77.08154597500112,8.063289748473586,-2.904981281074466,33.733756806443495,WARNING
81.20452385515591,46.1457871776607,38.940715756741085,64.15989253424985,2.1136664381511316,-9.205416932706182,50.78778057455893,WARNING
14.720022816015577,48.27734589469727,29.24193648385539,72.74930074160287,4.650441535582911,3.216351669196788,15.149101410169713,SAFE
2.4140777122333645,12.493247135968339,28.725385600851787,61.53155235770816,1.715211880531785,5.291029285409801,4.483880804361731,SAFE
36.44047061362373,40.87176346169422,21.959381807901345,63.9878293841186,2.933283332065102,5.907663482452358,26.309054425567066,SAFE
40.21704270424106,33.267481613178326,38.68610537272947,31.03133160068822,0.11116782334373632,5.40558504353427,28.165535737126525,SAFE
64.63930515080781,14.648986025221634,29.887934055485246,32.09678327994344,1.9244560536124078,-1.5100725094566503,38.252296776924176,WARNING
83.40444162214823,23.98335914300424,31.727250090519576,73.68768959968902,3.088189135888453,4.013986422041118,50.748732532195035,WARNING
86.16672586782533,10.130785034808836,27.129563302956647,78.99050869446776,9.83218564796211,-5.5354013941212425,50.452390613054156,WARNING
6.644583889262812,13.546080565502644,27.954639146073745,52.050280046558186,6.188063073304236,7.990055202630927,7.166789349467805,SAFE
33.034801190716244,42.49922677496043,21.869578418532537,32.09373494866074,5.040451831234613,-8.806755533387902,23.722920255592047,SAFE
39.24898012342302,44.83890584346172,24.829660724149466,65.29878875624516,3.023653923900669,-9.101598895157288,26.99546875002865,SAFE
55.66905814103094,41.74267452683759,28.18936896685239,60.86469132290435,9.000235976577258,5.793890254739756,37.10374229451543,WARNING
19.387639939281932,36.66919796825029,30.037860503203042,67.29834039430423,4.945155505222182,-7.4408367178339425,15.694189583566565,SAFE
56.990944668923916,24.606699619866994,30.358434672828835,73.94512268229352,8.948370467062514,-0.9292578646856331,35.7182859210041,WARNING
45.57320412800884,25.7593479436308,30.391785566685137,77.51935720895563,6.494004673774935,-4.450860102241121,29.611454437238727,SAFE
53.15367969539899,31.36117914539914,32.79543442027929,59.26271131190913,1.7773615462153736,-9.32813621840985,33.31241711092956,WARNING
33.78430523668544,21.376107728012677,21.236084791521733,70.74836690099231,3.4407743751027375,8.272654923570094,23.771162461920945,SAFE
15.441010784226517,2.8467478468656715,29.646322087726436,39.456466841285334,9.373992755778612,-9.793932030925221,10.005423116122138,SAFE
41.2619675059035,46.337388567258415,27.688364134595368,34.65546403002304,3.028949428617871,-0.039792123311331196,28.380913461632275,SAFE
18.515168734333308,23.328085257163096,36.72686391571675,73.63089850983064,0.4926073471073211,-6.78193283894853,14.308669818232366,SAFE
27.529013576680416,29.74329254438009,27.21989517584934,72.20204567230377,7.1667186828293765,-7.990879537729835,19.694719698161364,SAFE
62.45575025120912,5.650631267348921,25.1007133927292,38.893531676711405,1.7306194920070495,2.327910495537184,36.02819792440859,WARNING
56.36049225541615,8.801407639386344,39.803456108368636,51.09183661841469,0.9706932815493663,-7.588619660897697,32.72171080483415,WARNING
58.38937137265947,48.95347016917364,31.439022032383956,77.45207383083186,4.441328507580268,-1.283177926959759,38.92612249041988,WARNING
50.000735931588224,34.871272907777765,27.352319329026653,73.19430163394784,0.29281384768146235,-1.2047160994311525,32.2795037936841,WARNING
51.099184997991784,30.35161191315481,25.521438247317263,51.37399854929177,4.8453775021405665,3.7381995736642644,32.2243935698813,WARNING
77.3544184735814,36.89136636718936,26.831661045791705,79.97252614959818,8.486653117871795,-4.799532537100621,48.24860881285179,WARNING
19.510580567282755,15.701062529169524,29.046897059992897,72.5399689159807,7.783622637945344,7.02492247011752,15.42443448964192,SAFE
27.19571149103285,29.67306112259181,25.664981245547487,35.45115803597466,6.8419774347468065,-7.140048976091224,19.027737464543232,SAFE
66.76977617064715,32.39821524527046,36.20496888848034,36.97773022817822,7.834801485088109,9.98553051892474,43.563406529437444,WARNING
85.10424485859022,37.590603816383314,33.24330709389415,51.08907423427147,7.305001678916022,4.483560702809065,52.29497634477885,WARNING
63.149828268728825,39.813918914891424,28.975277768536692,36.06263560661953,5.590677276092374,-4.6991294257731475,39.888963411190474,WARNING
38.44330974291502,0.8707451970613012,27.655811758357665,70.44005530677273,5.427223669382548,-9.80398946132058,22.657049415035043,SAFE
46.98438202398473,14.572582382270372,29.551013107943422,50.234636072393855,9.319792195573815,-9.176454020739683,28.003940420214196,SAFE
68.35880112819322,42.55132981508707,39.18477169300951,38.88181132721479,5.313048019661939,-9.128208453655763,43.38327402128782,WARNING
49.91835244550885,6.272904477049096,36.757933493974264,35.69350013026824,5.132883603864952,0.4219213798550747,29.726634417084345,SAFE
97.16504979316053,32.74903470194441,25.756805861536037,42.03996549690692,1.282482056450649,5.13029448098119,58.24170587368297,WARNING
69.07566561823386,30.493856365405296,20.816808858999767,68.14144331971472,6.418875771484792,9.277777362209768,44.3337327106211,WARNING
58.72021298768121,15.197595333085406,27.630411043786403,38.792035268911626,7.229141822013851,4.154433200434507,35.70013919646454,WARNING
20.065001547767626,7.92446615911393,21.540098664043892,75.59878718408794,2.3306983369485113,-3.116729464963921,13.397666810033215,SAFE
28.050450837749064,20.681230130539554,34.28097598764967,73.52978168631422,1.8259874952854016,3.728246874823302,19.973357607243067,SAFE
35.25621422424852,49.02635841486464,25.978383185681537,30.359647800393,5.156399740198452,-6.985378314481245,25.5823104210975,SAFE
4.44944268183991,34.91346159738543,34.64518565016913,53.03495065582513,6.768855167565773,0.764788964942678,7.063947001417032,SAFE
62.980110772193164,29.83519865939806,33.31645528111185,39.981532433658565,2.687066200367002,-1.2007370098461596,38.673680243037055,WARNING
44.61280094191864,38.72058557934521,27.34787318459064,38.12525780295912,2.514659704910759,-5.705329952315433,29.24596283031689,SAFE
73.1660019256022,23.516980731299103,34.17261395941967,50.81098403788135,8.897356025039052,9.670406154454692,45.471128064219066,WARNING
66.98425087026116,43.190627861810945,30.158665343441253,76.73104201769539,8.31586485672828,9.835571435320784,45.13779366278214,WARNING
62.309373532778054,38.960337013411426,30.85736279956427,42.956005213571146,3.5475517112975776,7.8801082946263215,40.56465626815886,WARNING
5.594794659862057,29.573994303720408,27.449680650082172,49.33462690027778,8.845712064137674,7.076447490924529,8.047864282178182,SAFE
59.88423755724687,13.645942370216696,29.50912692324048,50.4146696894608,3.536180292024953,-7.944288428854072,34.723923738743764,WARNING
54.311388671532036,15.091564893724179,33.21615885855057,45.96019679127654,4.311634931348017,-8.952792516111849,32.208800108646145,WARNING
99.25380699054777,25.38051916375879,20.484751883283458,57.061532938057205,8.703539993056497,5.451042685324053,59.231870350633486,WARNING
70.0906684129454,6.973232729951745,33.15474157974945,68.31491890061301,5.7241906396549656,7.854980090407032,42.42787947419743,WARNING
27.69897817848854,12.107234986962528,37.39139489885292,61.26991214957262,0.01447220520999326,-2.93737182977895,17.62895045954673,SAFE
85.78559858146745,1.3659755820871644,20.064958565230178,44.062964526256486,9.140000370092778,8.029551629400327,49.92519096782618,WARNING
51.876194580150795,27.66184355698113,26.640160226343777,42.18683310139049,8.152218542121183,-7.874102790007171,32.17836865813477,WARNING
48.73543708786357,31.719862974854223,22.073605807420584,55.98035477361731,5.775212879124432,4.849921210147297,31.680559030105908,WARNING
23.483604914753286,14.666375164537914,31.39042293266067,79.1563204990807,2.174931828201144,9.71807654246928,18.21231929105908,SAFE
71.43425330544812,41.30410348150116,21.792825364726784,45.02100937153161,0.5773627965098105,-2.569060099936495,43.85742606915915,WARNING
98.12896599200519,5.263653110316923,31.24745564742399,30.303531140690616,7.126828160440627,-6.056146152559179,56.15083423999325,WARNING
12.958453712476292,16.850890608039382,35.420885958779635,35.33065431556054,2.298389957986954,-9.83071156765381,10.181669682726202,SAFE
96.8414862695618,29.607279999443193,34.39799272769399,62.569158557800726,1.4436455886967436,1.8987987798798827,57.77384504788886,WARNING
13.141559514126211,20.061822698156394,31.37926271850586,57.9440557051078,1.1907342598274095,-9.311280607069556,10.009742636757109,SAFE
79.82343138738138,36.296121849800265,21.636378091294763,36.37077594007767,8.925837763896203,5.3825780324356,49.90494924115309,WARNING
99.61602962166741,12.699372460251086,29.756059777376297,41.822978803117785,6.228001384773098,-7.69171521817364,57.01680765589377,WARNING
12.72431727430331,3.594394570256132,33.87172164528334,54.70362887166034,6.177312163546301,7.5860209317871785,9.862651278274367,SAFE
74.03284847553586,23.086145908334547,39.687119767884525,52.81280505709866,1.124506732335332,9.85309494505432,45.928521819254975,WARNING
2.28207300148473,27.494177974387608,26.181909773994185,55.177607550849245,5.587129525945215,-5.198082074430248,4.601890290794795,SAFE
55.685875573726186,37.80305560027688,25.330196744879967,49.171306665695354,2.6824269316405793,6.41119461976405,35.881841900071166,WARNING
72.49822592095967,43.559821860920366,23.400997858033186,33.67898190798758,1.1938350385867336,-6.779633343515272,45.18569920624815,WARNING
53.30826606748024,48.54560351813824,27.14470833233564,77.92541346801025,0.3820079498917972,8.537444056293168,37.40420198769848,WARNING
18.11526073049712,45.62374928596744,21.124548602309222,77.41097237475162,2.0079826431886083,-3.9457187985367863,16.19048865115171,SAFE
49.09423441029581,19.03604406177376,33.350559385263,78.74038836250386,6.064264908049407,4.429708188730984,31.949135602377087,WARNING
8.80052503057015,31.390621453500266,29.076995540928262,74.28911789598142,3.8821109964310194,3.589082880998383,10.309578710030321,SAFE
22.815372825907907,12.9686266762098,27.522448618445473,45.203176875325134,2.5387883939007483,-9.006625881983814,14.338220728721385,SAFE
83.6746331752459,3.2150765445642158,37.747310312059355,36.27326945340301,0.6526173706265903,1.2600952796139424,47.9509078682286,WARNING
50.244179257472176,24.561728441594255,31.490086550027954,44.35283030595779,6.629492734296112,0.04804439414366435,31.038417763516172,WARNING
33.47434669573253,41.3250333490364,34.554421926534204,49.6805170972311,8.476177852288728,8.405165002235485,25.141931152083217,SAFE
53.68662670843625,10.747622507846039,38.31584313093974,39.473981004775865,0.4842322641726915,-3.450259822537383,31.818711659941375,WARNING
72.69663444610399,46.16370431767747,32.7457129362888,77.591927348333,0.9237083927589662,-8.784925408239598,46.412586810993986,WARNING
60.41919507436641,48.305816124637744,30.05442617909448,32.575761296965254,2.212186560774562,-5.104141871684586,39.29568147551049,WARNING
33.785712913695,2.1801691793106315,38.097854009958326,55.77819723607476,6.70930792954109,-8.65654326209982,20.079426979242026,SAFE
5.41154678036494,29.32338860202736,37.745920210084165,56.42410004797735,8.778191725700715,6.2198254611047865,8.550065280812522,SAFE
7.585378579492074,10.097873719284495,33.15421338310685,52.17506912750208,2.9069981364692055,-1.6273228790404186,5.843559623002997,SAFE
44.51996462706344,45.527612541079826,22.06916567409906,43.98653734038075,5.37564816582714,3.9657385326118337,30.547886763082605,WARNING
63.06372889592436,47.082136886869726,35.912178496389465,57.853842098721515,2.1468269167350753,-0.9825153719552038,40.43890695703768,WARNING
69.33822441944774,41.89810874180424,39.19472448844775,60.272638306895885,5.269193673044325,-9.646161537577033,43.81266212829608,WARNING
7.209906915017994,7.805249881870013,21.095198623792562,50.04316194024632,3.368785451388722,2.7470831573678574,5.661227861312593,SAFE
53.56651079334027,29.798537969392985,29.439544058753082,43.886857427712854,9.52825314946477,-8.27181680479722,33.4454817223017,WARNING
93.88909994653072,15.561902343236733,30.25322890734595,35.442116141377305,0.7093106837100926,-1.4090910256279425,54.22121637739951,WARNING
74.16973763796781,13.468238877427446,31.246957778706403,43.932517026140914,3.886130608930408,8.128926369476495,44.57599343059513,WARNING
85.58396254949196,25.800877170881492,24.762112549441575,39.65919563665114,9.540873530357143,-5.945668069786249,50.65724538652195,WARNING
80.81683109125392,18.448510476776864,39.71319695116477,48.407787018139395,3.515166249107261,2.7492725775524622,47.83499147248446,WARNING
96.15168066268193,48.81048028982165,34.1441229293397,67.73031828181769,5.634021759730277,5.115514782646638,60.41299849853094,DANGER
85.97796549704965,24.304765159751163,32.39724525660206,56.86583476165239,5.624706135286772,7.800958197478817,52.27293848652525,WARNING
35.56168302055702,10.40920128003121,29.125602205472582,40.40425952406326,4.984004256620191,8.070162107141172,23.149145557639194,SAFE
61.74335204824778,42.771642665153884,23.323818392310237,75.04367962685885,6.017871644071158,-9.364804225190404,39.872894536982656,WARNING
63.31189552850368,47.5698478130459,21.583340009507243,59.1228065234786,9.154786028697147,-9.806096633312508,40.66323994911504,WARNING
63.09129264658232,23.745114591548134,26.93978637297221,61.3768244972688,0.5270209458741693,5.0612609257480035,38.77915619073045,WARNING
0.44794769197076256,15.346787189617611,30.07917275369357,48.85111252832758,3.0747593520558247,6.616702909361923,3.5695315102891554,SAFE
93.48325742719089,43.68563424529444,30.448626260999994,74.20820875967415,9.208615651815437,-1.8152320590507607,57.72762754310891,WARNING
28.34458595054454,4.913260290666016,29.58183842098458,77.31484602192208,5.60907528070371,3.3512420357234323,18.62638469519131,SAFE
11.28838184918476,7.175983207112813,29.28946523919345,77.56323994918628,3.607846415915289,7.54968082635067,10.209172083247786,SAFE
12.028859342571153,30.850860346685504,32.012259538210365,72.99373750351342,0.03316704404901505,-6.201366656048557,11.202916877371326,SAFE
21.968762542948173,47.49830440453687,23.0738731253979,31.84811751102802,5.34461494741808,0.571169248673634,18.218014904359517,SAFE
84.40469653678643,47.442982508890104,30.77090884280262,76.49970912098277,7.251591512998297,-4.7088174400883,53.14299181996074,WARNING
92.84207109439264,33.37215880909374,28.281918654852674,64.01210422584654,4.0131282774375086,-7.716324640240815,55.46571254073216,WARNING
71.89787471768997,41.204380608537186,34.576123980387756,41.45573338783383,9.56635013477613,-9.49490876617688,45.048606191949716,WARNING
33.26852973756406,13.004621726744775,20.96252455229702,50.28648464943342,6.231148401627745,7.651057269702026,21.65612040721333,SAFE
98.96897161914701,40.404479320219906,29.373610374256494,66.18522129835154,8.436237885896407,-0.6938560716263726,59.92313580047807,WARNING
78.50544340254999,24.132620915643837,27.729919817534455,56.30454188918806,6.758547376271449,4.537641126371948,47.28843464239097,WARNING
35.67362688921079,28.566012577801743,38.19741748160894,78.81564500553199,2.272480911839545,-6.143376685733171,24.691373216795128,SAFE
67.66856334286486,20.73419429117219,20.48444676836274,47.34309353236421,8.06744743472252,5.948538607663652,41.24283234592539,WARNING
49.46851488165819,23.628896744376764,31.590148848687548,40.9698355281788,5.260436248909555,-9.779072798867032,30.614610337820594,WARNING
47.55595547831337,16.802552312529627,33.49739211807319,61.91767920763138,3.8083588018280903,-9.854540370428168,29.047202250701954,SAFE
25.227362939496047,31.667392509458114,21.44746686035009,35.38212109167319,6.470350245670872,5.115348018985845,19.296896586148186,SAFE
32.15497080127121,24.483653275828093,38.91422729967317,77.27717810879847,3.0750277446343013,6.1997575003418035,23.586872426005634,SAFE
59.39440528068588,48.774224667519,29.55227139422193,68.73534340077808,7.68137129614871,-0.051342647338476155,39.09279467568658,WARNING
79.56301142973078,13.052016665349825,22.445060725804577,51.25818723276581,9.436306566335848,0.014892164050575474,45.73030803936189,WARNING
63.5259138646927,31.208122795393766,22.651457345390607,49.51484411886051,7.069389729218748,9.439801971614525,40.443179712691645,WARNING
16.801773829702615,20.522094516955814,21.90187599605459,42.1188229824628,3.7675934332615024,0.8128649590470083,12.193102772578628,SAFE
23.056688223908097,11.378133058934287,35.556599582804076,78.13208314734406,3.236129677514562,3.7598403727136027,16.667200523968738,SAFE
25.808046135792072,46.3976127482816,33.45804720330797,70.1338427318785,0.4935404319916481,1.9701193648124935,20.68248204083521,SAFE
52.761233135838225,14.649845345576601,25.24859970114636,59.00124011584849,7.064856350072252,-9.336544859296222,31.29939756762204,WARNING
56.74015819237044,8.522976447331432,22.80725462772201,61.15597440473422,3.1087011721747304,-1.1823953373027187,32.882255697996236,WARNING
35.99988094397729,32.41681600762619,29.40239532132938,78.17293310189737,3.523827591064653,4.805686805256704,25.80771128171604,SAFE
25.72925675830445,25.437654631307343,31.05139503803914,46.45546405313661,4.717805289126291,-4.414427242030157,17.410543493899628,SAFE
0.6000781673981992,10.782415081893937,34.00128344986401,68.54815122426885,2.8020286713891993,-1.8391400236385618,2.9258576675345065,SAFE
3.736566013861109,11.85314505488403,35.584385667445986,60.29931351325286,2.057705219543714,-4.851160097551357,4.387496033124141,SAFE
81.68020229895602,10.45421014724504,26.683154516942622,63.21793458273222,5.611123857080786,-0.7825958953237144,46.995142926988095,WARNING
89.97410909797443,10.985523135752583,34.82839781726,37.953192030909165,6.157338334821452,7.412471268226263,53.46843377716507,WARNING
45.79017854781379,36.214725359566444,36.407867059979765,36.80132124388014,7.0582689528211,8.396820479773524,32.06867557165497,WARNING
57.63706098555442,9.3061122264378,22.53885063177886,42.986766523337394,1.0351326901668256,0.2678814317009497,33.21004682779143,WARNING
6.970468270673457,11.170231231811323,28.79820887824429,53.695737520101076,5.6539848514696445,4.1122992550145305,6.430637085545191,SAFE
4.722863966546753,4.031047608789162,21.217183036095616,51.15751577324552,0.41847944882934307,4.921625336626525,4.2529456191038975,SAFE
22.300018103847783,46.960624664497935,29.728075101942228,52.31628762211008,7.805386926395003,4.263079677859823,18.55617584166041,SAFE
60.730904094814285,46.7573353125185,28.44518521974154,70.42658378861432,3.800929457458185,6.766913485922096,40.81474840387483,WARNING
25.94746289659686,14.463353641801625,33.55739068034908,40.635664747589814,2.291541870254288,-3.894751419651705,16.72810334745912,SAFE
67.89287696603759,44.469404621161594,33.491353022539734,71.39071221720626,5.435605896944697,-8.621535573097095,43.55390635027137,WARNING
10.046621150850065,27.719598918345774,26.556019372842194,41.02840368184713,4.662569273026208,3.3299348180860306,9.723097736620385,SAFE
38.49919477358584,40.12711285786708,34.770464931427874,66.74574410797834,9.851896896773885,-4.095400452567304,27.005673708067928,SAFE
64.47255863408952,42.77391700801568,31.59048867827822,69.47510880576962,4.144521858399123,1.8098269130960922,41.609770299292364,WARNING
5.5666392804328275,49.28838029124067,36.00036962896834,73.44045358157248,6.942942781429461,-6.27899934382601,10.059677932960637,SAFE
3.1028442418032265,43.23283038680068,27.92661307472246,43.193243801996,5.616729588389444,-1.582029550485613,6.797352314727638,SAFE
65.1665995687557,24.18966165272568,33.94466280880541,72.67116347545715,1.9555701095578903,-3.4113423886902634,39.93916574777923,WARNING
43.68155865706389,48.10292240138191,27.306672270949704,49.05499247963148,6.534725229595612,-1.6160058022010144,29.324469752569023,SAFE
95.12237456396052,44.7234380237722,30.26817555551346,62.23876169739249,0.5803056188362055,3.9146105606479615,58.47693406827221,WARNING
70.72008729490322,17.959964782160405,24.393657672505455,75.75392009085084,4.267049008051277,3.0741220960342126,42.83823448093949,WARNING
3.332879497625596,20.703358328841816,36.3451762202776,49.378800020035754,6.031611601368768,-5.802883990309211,4.80331894665879,SAFE
41.652564883955954,46.381885902659334,31.329034994020745,75.09657295464658,9.020192994895433,8.88295600848959,31.345980525317767,WARNING
89.53916600801053,0.16405645051503215,38.68029783163194,36.87297195426882,0.39926251111150557,-8.892229308438944,50.62327636888104,WARNING
34.891619517643356,31.04020426343968,28.046223930379952,31.277714232468973,4.764826341747147,-1.157385154592399,23.62107796303072,SAFE
75.68492655016469,13.980644921271917,24.350623475887343,42.79694788383131,3.03739822629848,1.9832974673433306,43.96592493151543,WARNING
47.152548545207985,16.844728258952895,27.48628316567357,48.54618300794881,9.724066947103173,-5.340060238940949,28.301582881001078,SAFE
81.80615602722587,35.41054187940935,20.11140011207101,79.6588109062744,7.564393706335736,3.648991727015826,51.36982857334529,WARNING
40.53247076766373,27.76015444571448,25.065417913349403,31.774170257284872,8.360216584459728,7.929689873623435,27.9873855535374,SAFE
16.247063661423987,39.35280479228665,34.82305346571317,38.91875009680452,4.218288025747938,-1.5448415833179325,14.127295062744688,SAFE
75.99642583052486,41.88304528880277,21.89550242782742,58.14846174521014,7.617484969288853,5.723811881303169,48.074623326263165,WARNING
14.799352443040892,26.275257157539706,37.15117412725406,45.92592882926421,4.251168989117971,6.0871702267266485,13.008424319127181,SAFE
8.93195211837623,42.97466449444891,26.22313433461618,30.07251582955636,2.3415914505635826,-8.20998718208987,10.384650612332988,SAFE
9.238490699624414,34.641786707129576,24.279526712781298,76.73711814884912,5.16444546591304,-0.7980348409016287,10.176450400605429,SAFE
43.428351822015166,34.629381983581595,29.045255250472167,36.43001781125959,8.801721806407565,-1.4320930214868266,28.66937966274751,SAFE
7.400457569950247,26.468299374888055,32.946937169114065,43.77912320788793,8.003404076738423,3.3955169207472746,8.504745887009125,SAFE
65.03411692644335,21.04124764338971,39.23830602822576,43.709458397462384,5.777055010154526,-3.818896850547649,39.18818420592871,WARNING
74.48047529715541,2.389574193506072,20.917877357500984,70.54304847593957,4.342681610636711,-3.176398907992885,42.651611469239846,WARNING
60.75268621753385,35.09496719344868,24.024026936888134,39.27156207023658,9.581507477598816,1.7932861276913865,38.34642728805048,WARNING
39.01164772942681,40.07208473347532,30.503179175558344,42.08314051872907,2.0673530564157385,-2.0628146766035655,26.237984310194534,SAFE
85.98958602598796,3.072395802212946,24.370520015095263,74.65759094262957,1.217345689692505,2.5925143652833675,49.44523559843269,WARNING
21.35113681210251,30.293342375594417,27.662083336884642,35.08384482154959,5.824750675541064,3.6608549416917207,16.674779932097973,SAFE
68.02726189658028,31.85172045363548,30.004495618710916,55.97363084296629,6.356401098079596,3.80518723493282,42.22792991345712,WARNING
65.48767388313851,29.347278245672587,23.116779696082368,40.53082692464309,2.6022402103534836,8.393233141750045,41.32932676812485,WARNING
75.93950917969666,27.64334097684391,25.041138570880936,35.54457616220856,8.987592259799747,7.8533203164583405,47.27593594323283,WARNING
11.069559569569154,39.86083330482481,28.932901386198253,46.19834664152701,7.3910453620870715,2.2865908212146113,11.287939263326354,SAFE
78.00301075933373,3.7164430316468544,26.37174039914913,45.96584252083679,3.2975309228776553,0.049597452876108505,43.71839115143296,WARNING
28.301380308094735,22.219180504375984,27.355551862308317,66.76480240102556,6.035007956750501,3.0725886463463077,19.65996306016319,SAFE
21.058389408264443,16.275108266344468,20.423308952241484,35.418735364658495,2.6505423198888733,-8.690725573959579,14.300049901329336,SAFE
60.26324003547025,49.90650579619126,22.01630428130777,71.06151063346326,1.1881624726514717,3.398280375928721,40.07675711555386,WARNING
64.31576030590172,45.13584674055996,22.278912273610246,45.772223304094894,0.9077976035468571,-1.8523334839113232,40.28008594359404,WARNING
91.15931735574449,39.076157553092806,34.458002008906384,56.6513752431351,8.83485742335523,-1.011164035173433,55.292452034738595,WARNING
14.968566710063824,41.87926115603896,25.592766561034537,32.6816770512224,1.2603803066879138,2.181178323882964,13.815446961740593,SAFE
60.70819639211725,13.009158554101724,34.54360295891958,68.6820077699767,9.205026261336183,1.6987499735647393,36.90170571529923,WARNING
77.94233641475728,37.654983988581684,25.156180969343858,45.51129639688297,4.784823957528714,-9.61922064941503,47.10526885347416,WARNING
29.739777315772354,23.694143667211897,22.161385905622875,36.31379438875627,4.632367357373411,4.619300631718623,20.708011369889427,SAFE
83.37489309206832,27.31569487523743,29.494979750934622,49.21402842298776,1.9294899243760621,-7.068759943712706,48.94828275077747,WARNING
79.18964516618081,23.250331610616808,35.806404909595095,65.20415179503149,1.9389591438337883,0.20614528422451528,47.318042851729054,WARNING
44.40166304226807,21.193675304534835,30.851420984076277,79.10409505377189,8.129005976707454,8.074248632607834,30.309358030950275,WARNING
2.9639583176037543,7.016818339625297,21.69527320449127,43.16155025326383,4.418924919666505,2.8410649531177903,3.628176972363723,SAFE
50.0831266286602,45.15919574565699,38.79711917787728,38.17604755987294,8.52912920264785,-0.36555591973398016,33.76914926136143,WARNING
45.332947131738436,39.24696742422841,21.862810180897533,74.12465637095733,6.708633545476147,7.505232153159959,32.05738808228777,WARNING
99.44775777076228,25.900222617862667,21.86524395817858,38.32619314654433,3.2361824255430993,-7.928941157305809,58.18852630174653,WARNING
81.53418261377698,14.843392551638424,39.5177237603973,65.12957159659278,1.7343037025555763,-0.47914706112119454,47.89721964571847,WARNING
46.68842216333211,24.625582916681694,30.713823412858712,31.558654115886544,6.863011257436234,-0.2561644942311343,29.692099509221254,SAFE
79.0965398868699,40.76747866302153,24.61070243983435,32.42114732133889,7.032338561123225,9.555255769277487,50.74092039793361,WARNING
44.665798658090104,12.980640479679789,23.13343789166962,44.37227986952925,3.279195513714498,-1.5225051313107087,26.40292719754332,SAFE
65.54071232145866,13.658152804011353,21.01953526937352,48.66393057863598,8.556296161590758,-0.03296978296232389,38.10684857288246,WARNING
96.47837577454098,25.181076554436586,25.517976338436956,39.66569986226073,6.945244967855764,0.7276257155487276,56.61661554675254,WARNING
60.39989289954415,37.75633946670656,34.518069285297855,32.16816500841135,8.025719052950283,0.6540661410342281,38.89516943611863,WARNING
39.17085308147726,26.875971313403518,32.2490289691465,37.47531549368985,4.17415395326445,-3.2882757962363236,25.428959697588898,SAFE
35.04089448180384,4.566746920365411,23.19686976000461,38.09160337931107,3.732247432216478,7.88983089749583,22.179321551172862,SAFE
20.602737192094267,20.809625383740226,26.23218830598276,69.3691656275669,0.5012643232081615,-6.069132089282192,14.467598906863762,SAFE
21.06415423547944,49.64814001566156,31.41550035932607,36.94791321917591,2.7219913927656547,-6.643558117541515,17.659577757725643,SAFE
12.4604569619448,39.85910142039463,29.9150525732071,61.56050684243907,3.3125124699199606,1.073901721346589,12.04334540965673,SAFE
25.75690325236971,15.40181374641174,33.04475888733466,37.51750629596151,6.172218591674619,7.044696328462546,18.450390988289413,SAFE
12.042322618076906,44.87306402849895,21.5889136059779,47.44546134779365,6.105093152379945,1.1882952023707372,11.95177879319676,SAFE
9.639107249443345,39.94565838929265,39.463065862905054,39.061414459188505,8.951309698154628,1.1361888422350113,11.240960649663666,SAFE
93.59337712453274,8.804297920838057,35.84042786358849,32.98907877226656,8.831964468027264,3.483188443992674,54.887590577342806,WARNING
37.025478392243,9.523341174892508,36.3306619713441,60.162066069740575,3.6041585294800136,-1.1232835039496756,22.57119156175114,SAFE
82.65426560723765,16.946359667843385,21.792653562198574,75.56410861017363,3.873437396580346,-3.0322497776957302,48.78672667299282,WARNING
20.439961887593938,44.87112856141728,24.350106673756677,61.833643400069185,8.80765011608103,-9.301727707935651,16.793651236438073,SAFE
82.87917053001958,20.529971084488725,33.15949150530424,48.620228161277694,6.955162563474939,-4.914101708846017,48.46126219533471,WARNING
2.193054243539627,47.38937573939768,20.327355280801655,71.20496448167535,1.691375933224738,-2.155595427959442,7.323566664591484,SAFE
82.24923765060558,10.296607515617268,37.314152110500714,54.887946955095074,3.661534627172766,3.2487549347267226,47.95967413097858,WARNING
34.13897219809575,17.364417949817852,34.67052781876606,45.49161122695539,2.0077264835442508,6.15292255993144,22.55279316968848,SAFE
80.53710337272318,24.879285185343463,30.533112323259104,64.80383128838193,5.092742917624334,-1.6592008206153501,48.05481969999537,WARNING
99.48941932967458,7.382021392627946,31.854559584797215,74.29315130378302,6.872150411811147,7.618465981764768,58.88206903195634,WARNING
33.63347203546726,13.59964881301196,37.02544773804209,49.705728809273026,7.096823230573113,-7.045028431717714,20.829201608775296,SAFE
75.58381253766747,27.449132451243468,25.372232798209218,54.725198197945254,6.969436258397035,-9.762271823052327,44.919353503569035,WARNING
63.74670588141294,27.07953891366372,24.40572335493465,67.64905369880984,3.0346098463320113,-4.462781369068704,38.83253913565385,WARNING
47.12183489993227,33.807483921118234,38.576919517525084,37.0678621566052,3.9646812075173363,-8.660208149747401,30.82144451549643,WARNING
75.85507474717424,22.386644484068036,34.1385827037637,46.10972119881436,8.443172414063234,0.6965615648022947,45.17186956826372,WARNING
94.36078218236551,3.9407319572017094,30.285536490841487,68.32276229988494,6.001526480736147,-9.536117191463145,53.77299465959433,WARNING
97.23386783438808,14.91318465379492,24.98555732732764,54.28299378032898,5.421581075233489,5.325762751796507,56.52104920106398,WARNING
39.32736576589891,21.99801882311061,30.69919831867662,49.71935498708203,9.14548079101156,7.0250393326850435,25.991127126222782,SAFE
45.49736950778783,0.009743116865856827,38.018689910585614,36.21682867197326,2.445124151940462,-6.952774312692036,26.486876810497535,SAFE
17.981556998102377,40.14387689449174,31.590028833318485,77.80475815626743,2.3145351232371647,-0.28730183737532045,15.739710144046636,SAFE
97.742836908247,41.32217571373849,34.57231358240982,39.4487600685396,7.694054009097161,-3.0486975480816447,59.28165824705807,WARNING
53.05368970467577,30.45806065197701,32.18727423048508,66.32617359567581,6.617020926422056,-8.632582413788203,33.731858840398516,WARNING
45.73470259491073,33.20108033599896,25.919859643314574,45.65283436081948,1.2456754775461554,-1.6277002805028928,28.79982949880286,SAFE
98.68304343061747,14.265968064401868,30.62873785372196,67.16186263895422,0.13497270884270662,8.00879119196598,58.45030759174894,WARNING
38.65501847249385,43.45579933554911,20.77895317798956,37.283177593183794,3.225294544775592,-3.090764538734425,26.613998282106646,SAFE
84.77942230280165,0.5600557694117603,32.822235529393595,36.56562180892752,8.232156507110494,5.571465319158246,49.27341941869257,WARNING
49.99210274112006,10.634361275618758,32.689907819311124,37.81291588288228,1.9002379259265345,2.5337980445071544,30.15471373719711,WARNING
99.12284460886244,44.55304186262731,31.86214715367354,56.92683843837119,9.983848800081086,0.9479429526778738,60.351099031278935,DANGER
42.01165219594439,45.47777678876707,24.683685917385766,34.87629951484045,6.340900343618303,-8.08300732462502,28.74323213221573,SAFE
37.314853695296016,21.178869279086026,30.950761340984663,79.58297728739811,2.209817233331808,-2.4848724298617597,24.528234253407142,SAFE
13.224012441065803,30.380676301661737,34.55346364615667,54.103841161793945,2.4583126828997104,2.417765383634954,11.600608424021875,SAFE
53.91577233688495,8.559286170185887,28.113638010042607,51.75985458175975,9.82617753771433,6.985716643110436,32.64173023740324,WARNING
73.43707882735939,44.43885127514737,34.7096881165743,75.17009275628666,0.5455311487950798,-0.8786758146616691,46.605544083645206,WARNING
74.68983352418336,29.164789830500677,23.50332328301573,47.02460432642671,3.1777437502669126,-4.77306173631328,44.378378228392144,WARNING
34.31355535139661,25.74266442305605,37.09738049566552,67.10163311968782,8.352497040162337,7.672074891261726,24.858712396601877,SAFE
41.61504560976073,17.30131420133736,21.152467633683237,76.52458109382172,0.6582301793814394,4.822710307409409,27.134465748960015,SAFE
37.81083044655872,47.43903872495932,28.39204041868258,70.83041756773582,2.826548321636766,-4.018225655123066,26.892310933505986,SAFE
59.55194098784342,49.89913168537369,30.351448359583927,76.81543181966452,7.8624982824872784,5.917286283544698,40.92840689164698,WARNING
43.59599891287641,19.32711250864003,23.838436161816308,78.19706334918268,9.593936124438201,4.941354686203656,28.84640975577699,SAFE
29.625244985266953,12.258977017114109,39.77220484773926,33.32714075540888,8.43564292141309,-2.890839990350507,19.51381779429541,SAFE
41.88697197272205,41.59888243744186,21.81206032010716,47.70848392601286,9.520242771695731,3.981318255425128,28.743971406105132,SAFE
75.49391648058904,37.87526504777382,21.21140166327889,40.16037966302156,4.912632560812118,-2.636995350492497,46.23622313082694,WARNING
41.091229313285346,39.07236893128363,20.293584701354707,63.02459631606194,0.0011023180182245795,-8.738829488475126,27.394018712071578,SAFE
40.8286119837624,42.047425990241074,22.89991531128921,57.73107045643058,6.785052268267442,-5.409342316556788,27.49128956076387,SAFE
51.2330255269583,45.57036415690961,30.244570507310655,37.8661530893824,6.278142966875447,1.8440036001702804,34.28682919479227,WARNING
2.6954759798131223,4.52972028737833,23.135627102820216,36.814453878093495,2.594657705609331,-0.9178935352886413,2.8177126538698314,SAFE
37.17162978989844,44.532494570229844,32.24218818812674,73.80721749809216,5.270393249175989,-8.202590586213201,26.713635788236875,SAFE
46.32874490664348,41.10162734211825,23.882075343342162,34.560713937632485,3.294347383382601,-2.222043387197208,30.58355033798614,WARNING
30.62576764059044,6.7620392812278,25.01679719443429,64.11412023010551,3.8592851629316396,2.6509888923711156,18.950084038295316,SAFE
53.630377991873246,27.45264699288345,24.97099115895592,56.07715163840908,0.23594713863201777,-1.3651251535014772,32.55907797572289,WARNING
57.26228231899151,9.099781067705464,25.13117012497903,40.97655099078097,0.7055795526542419,-3.0428535771981995,32.897243316558495,WARNING
97.89657664519395,17.694020323180503,29.210732436739512,62.654362547818764,6.4849775116910715,8.997899600372484,58.57960273206169,WARNING
85.75641403991253,39.697534355257616,39.032544515566215,41.53826927415858,6.170541946217925,7.743935334443126,54.117809083747545,WARNING
62.41381582781018,48.871023730343474,22.00705427812758,51.966525139660014,9.773629079086362,-2.408639428601484,39.951356075360884,WARNING
73.95563750993044,1.520145053932459,33.89674229260626,76.73133662637892,3.827062851900027,-9.57400324146141,42.80037222439925,WARNING
2.790980439548385,44.60116528555445,34.450322141925234,35.33431921132899,0.5459027705119657,6.096507272309587,8.447552509824385,SAFE
80.9860632805359,6.02609198960245,26.030408077772734,69.00130322869447,5.2541207095400635,9.131697214505987,48.235575046956555,WARNING
48.1062645346005,33.84789687827563,30.195667314831685,77.1482747842523,3.986590920676089,-5.404070896427999,31.65976183284584,WARNING
32.66338602809932,42.63876020826146,29.958771270242668,47.71261517511195,5.442600218094828,-7.335405854463152,22.863176151942053,SAFE
0.5359304625596084,14.029234184674538,32.10011439567084,65.58403848306936,8.266109663519666,8.533271187889394,4.951852537566111,SAFE
41.21123469647681,37.025839977872735,21.49345860396125,32.876499938604006,1.247979919861566,-1.0286180433847534,27.462664149714335,SAFE
21.12814384987499,14.34624709689079,32.957603470246056,47.9261089401423,5.573715577180222,-1.7519248652681547,13.835364332484522,SAFE
16.896925551981955,3.7009995127947057,24.724629906197755,32.88502347455222,6.186119598898069,5.914352029322007,12.025102721641353,SAFE
33.974076823740084,19.35555276761791,36.32382125518613,41.13064561867802,1.1916026519487422,0.022362346621729756,21.695008913566024,SAFE
64.61901695332372,29.982721252323962,34.277460905483615,32.83755910865119,4.282016127583729,-5.228589521086137,40.07482734578125,WARNING
75.91212595460242,43.63652420301748,25.6267148161283,34.76090395347041,2.5342796199139683,-7.919830218821606,47.035326219461666,WARNING
32.24221661134538,26.909928916091285,39.473619087964124,49.968512717567926,2.2003992385462112,-6.663965192583299,21.259487308296208,SAFE
17.3039766138676,9.62988416307296,35.24534045074894,33.051385571621,9.974027069430342,0.45372782332522377,12.429320216027437,SAFE
54.42718943008257,17.878193934980242,33.80510718824241,53.57281704403988,3.290612849645498,-4.697231925839143,32.50620043413983,WARNING
92.56512069332595,14.54947575262101,28.727865188596837,47.51707010582341,0.8617882742803595,-6.281312110354658,52.719393124444075,WARNING
18.950197532638203,34.68247571948274,28.131708199316183,69.09837815353293,7.08950924334157,-6.159004672079247,15.356835994708819,SAFE
56.29169201201007,37.14544230244014,32.66085846951446,60.000825404399045,7.3961088740076795,-8.864385214873863,35.92786447424561,WARNING
73.14219473614328,13.632763157671418,31.437445090187083,42.11524973482537,8.388175722068375,-0.3888129139848786,42.72700197451745,WARNING
64.29412120249836,39.704102173836404,37.906305101427286,66.60310485346704,1.4876857619040573,7.090647391715731,42.3001611429408,WARNING
61.85779158655061,30.47248791901368,38.42681119609843,42.44157778329416,2.395876184940333,0.2638710938992368,38.29086386317129,WARNING
75.08630665348652,22.362035411425456,32.677827797848046,52.62623621113595,6.103871804869687,6.445246052274221,45.64311820170766,WARNING
18.04766960909233,34.768926700299204,35.748514786763664,52.355570374089126,3.2323357706785427,-9.729113521511959,14.219932001607269,SAFE
79.71050223340936,16.396932951799403,27.146189388161005,46.80030815494061,4.987393308123381,4.049991464381542,46.807131543498585,WARNING
77.18631310005108,19.628536020157917,33.262040700903384,66.03421251356576,2.9691733167738157,-8.067570609258134,45.778597133606034,WARNING
89.46657206444625,33.85579858907965,32.96220817752583,32.9451257605989,8.178730575039264,1.3210831217210632,54.516201768295936,WARNING
84.78844173175662,48.728059186838074,39.14200641760485,72.80446731951037,0.109473738313689,7.714544164739131,54.902155077869224,WARNING
7.50623138276455,42.55969850883836,25.603481372232473,60.50341692666838,0.3806823114987967,5.423633922364562,10.043502926397235,SAFE
11.17061222329715,20.534408583788593,36.348920046506024,64.76744982541675,0.060426968580669094,-1.9393533091490234,9.506117423217464,SAFE
4.192751696450802,33.674993040923454,39.37896983506643,62.76306311503796,2.2437243111755576,-2.8953393586691973,7.142800600204286,SAFE
97.66505556584677,11.202620601617502,31.230581461088853,50.02269043408724,7.683152979282216,7.347785439597743,57.00242095301994,WARNING
34.08372743502967,33.01981818496913,30.980953950354547,43.92222450277167,2.719408028130017,0.772632950646079,22.941465371678095,SAFE
15.40028735322998,40.54049482412358,21.38009678400804,34.728724310415814,3.4222630892726755,-7.638164836057333,13.63987962643129,SAFE
47.57000212554925,19.98379452209352,34.43619591771434,77.65020776048601,7.53558584739126,-6.411026742387913,30.392980097541024,WARNING
93.5521285464403,19.60667162765336,29.483787218538257,51.07881186853177,2.8054702328771897,7.900885755949677,55.4129184804948,WARNING
33.22388658966161,28.92982348397732,24.800671687486606,69.86876873850902,7.741986595291865,-4.073757231059121,22.556624155027333,SAFE
68.15540731434537,35.193676654747485,31.250228322095325,60.02991911358351,5.7445463829079575,-8.362711920103088,42.106076379294045,WARNING
67.0265344713785,23.488750491934564,28.76914561082827,72.99996093909004,0.2322671346111771,-4.973701640824897,40.56353769267811,WARNING
12.140349984274634,1.767052230486288,25.51353995351895,79.42381363973388,2.7022917320757376,3.274116395915428,9.140703259849193,SAFE
11.829889004072147,30.092381502361498,39.689629662766265,44.591876173023266,8.480756163755828,9.95142760733071,12.934888106616913,SAFE
58.8554088720744,15.470055021401768,33.470625197983125,72.24241031343094,1.7135024296197832,-0.9496847231709342,35.5388072788328,WARNING
31.918771012384095,14.167949848118994,37.21642521480345,51.08270034109192,3.3907634180391275,2.070210828520274,20.220655656023933,SAFE
21.940157963738127,11.494674528403948,30.40577461743009,50.46363643230921,2.9498238392232445,-8.920977354517955,13.657516077344493,SAFE
52.077423863852154,40.83046028005376,37.02754410572116,41.77199898630401,5.996412039474883,7.117626189258807,35.46175224892042,WARNING
40.87259282762648,46.60684086537643,38.05957058259106,40.40669487094047,2.5896483290020376,-6.391160027080622,28.402736343764836,SAFE
19.605435145470228,45.393104358674904,38.622758183852454,32.59486205925655,5.936033556722048,1.2846312571514318,17.427422501372302,SAFE
39.054764672445984,31.58487964115535,38.947356510217006,38.51274413610731,1.2041090971645563,-9.332188583420486,25.970544607524538,SAFE
36.38333078401435,16.881423853893303,28.61639376317288,55.165501544047444,7.578239940304546,-2.1577321908496323,22.516981078973465,SAFE
33.061310936123355,41.34394101298135,36.99593341307313,41.63829821466766,3.1467182271130834,6.502327418201766,24.793798271082263,SAFE
7.940824429776483,16.292339019536893,28.967002140817222,39.35358076002855,1.7991419661069818,-1.5027588397294256,6.817315505675539,SAFE
75.45217247348558,42.01164897738137,39.58470185072346,33.699202504585955,2.166822011459927,5.1325968476839545,48.37899519557187,WARNING
54.05987060556618,16.38398869812091,24.11179322494487,44.0238775821224,4.292889503009519,-6.456975609879345,31.929188637670606,WARNING
96.42259558767506,5.379422229993719,39.71154868978438,72.09466430003363,4.231516175137391,4.7963266877642035,56.581521592021275,WARNING
67.15152436963861,10.664345897446548,26.781401722378927,55.6561281402729,6.378441798877269,0.8578996271324293,38.86215150154882,WARNING
47.298746100647385,22.157613672745008,29.96528998590036,51.71757599229852,5.413300775457159,7.759705980933337,30.38682125650003,WARNING
63.28293130546116,36.13104374942701,31.94966267461553,62.15088412070011,5.7834982844818015,-9.462669556083537,39.662918846936215,WARNING
99.95983822000198,1.6804620106448342,27.902960164673075,35.25578391494667,0.9692845044093246,5.870539033489672,57.2508880664703,WARNING
42.5925779358077,40.056935414938245,25.45572941361663,42.82313959031174,2.512313818144621,2.322912528158385,28.403439093892217,SAFE
81.49993898456,22.61305050376203,27.58497781282165,78.67897771008246,1.167540360116388,-0.26734635910214877,48.70784628603523,WARNING
40.84877531814344,4.906329829344519,25.364007241764384,31.422060628955602,8.76954288982957,2.1569905798080224,24.77443199900687,SAFE
81.50184978702507,26.07772262014949,31.990196588437886,65.04272389045823,9.08011627464215,-8.164962243483085,48.989441482555655,WARNING
33.09483947357269,35.45130953500003,39.167011260027856,79.04037142450028,6.381030091372624,-6.128030444902654,24.22671330276002,SAFE
11.920891141395673,47.30218221402127,28.67855378925015,39.74080166313424,9.33892515777601,-7.909514568713762,12.450542213364344,SAFE
72.95710968570751,31.263151377166707,21.754693287617837,46.93743978197211,1.4993068954001065,2.0899718506632254,44.06107852627897,WARNING
47.711303167742884,0.21375623302454794,39.51421132567816,47.47923249447702,2.5820439283705,-5.551140884117947,27.243443503539623,SAFE
15.881589617356784,49.95685381082549,25.902189357632096,50.275674861214085,8.71355916178089,2.837750070857563,14.79268085383165,SAFE
36.86944117452725,44.91642179619265,34.994484044272,41.395025377084984,6.437389945999205,8.447969965848031,27.711271249438173,SAFE
49.64608784504125,36.68062014158336,39.42207487978318,64.52070704476066,1.0243868976608062,-5.108808981374214,32.47176877004126,WARNING
59.50964373426489,13.777790768595304,39.1508341077828,50.26760170110869,4.572304057323651,4.032041869402345,35.864028497896456,WARNING
52.42497313418741,19.107298344438416,21.532757503091574,59.82227947539319,8.675800307940346,3.7152488352011233,32.58578093929925,WARNING
38.14950100469522,6.386303231156471,36.32676373808488,77.08741811156024,3.8827299079626476,4.572843783681231,24.650270220314653,SAFE
41.07634398907557,25.113346942609972,36.7295276123282,34.17121711055768,5.303353487867051,-5.707594506575551,26.746407087734443,SAFE
33.98059454957624,32.22144123211371,20.54456824673697,59.691254948658134,2.834422394537497,3.389687216161443,23.438464023533523,SAFE
14.158135191305421,36.79058019080893,32.91279439525957,78.56209164401756,9.112353632581481,-4.3339427360059535,13.745394357891804,SAFE
2.731657272543697,32.76842805558789,32.05774778009345,31.371438438322304,1.2267752920259267,1.6940340907197111,6.463715355291618,SAFE
91.1827264043492,45.32501382567035,23.029701092241496,49.22869732026248,0.4320286435217402,-0.6145630727414186,54.84168241650998,WARNING
75.30834596732056,39.49863556828057,29.979789331931457,34.793483735410916,3.813639751815664,8.64203919948729,48.297858946168645,WARNING
22.96125565197147,15.987722495636325,34.93654350926142,66.6790394442969,9.122022880249324,-2.2376261855924913,16.014343149838325,SAFE
51.459872387429115,23.36962306102388,38.55504342044907,68.46652944123174,8.314417798338482,-7.338034623411782,32.65669165218937,WARNING
79.18466928681599,21.64893830287485,20.466773656612943,33.00441763716423,6.779079397348445,-2.559751177080603,47.13185634321485,WARNING
86.81155732234804,36.713656693793325,20.433600233339234,64.3444155918001,1.9235247273235623,-1.5483486259217578,52.459439200959984,WARNING
62.47352021229627,43.63589206478464,29.121957767838786,70.42452270955673,7.829656628006329,-1.7092297429748342,40.342832178511514,WARNING
50.09801634329028,35.02425050249066,20.622968692938795,74.5405706899623,7.698161594376934,-5.011682371953392,32.88712221862875,WARNING
98.11799531889756,8.969517629480938,38.281733474088036,46.22367291615556,7.631467101641358,-0.8724681350410979,56.09632557132044,WARNING
73.64673874500022,7.789152396968313,25.390129167729654,34.99289122360128,8.651439814378032,-4.074140244610014,42.48705543737227,WARNING
69.44762294166634,41.01105988707641,38.02836472758692,35.31485576558589,8.930149335126124,-6.05494444538561,44.129481521480486,WARNING
73.69020115909616,36.44245096823056,20.170062834819085,41.03119541551271,4.919085146648673,-1.5993058667343583,45.1097470791418,WARNING
91.85734798846096,17.987043475126157,38.739674296719244,52.97146591962655,9.643528966401657,4.747096200497223,54.587398440402964,WARNING
82.93345916321559,5.24384441745005,31.722828664847356,37.13501799146754,2.9762100205097406,2.471308123345361,47.760249640877134,WARNING
72.62257046938907,1.9591891005625417,30.618874621447294,58.26569931449432,0.7882799711020116,0.013760684015270641,40.87472750037548,WARNING
71.38422800498265,2.661364243776548,35.20535552647924,58.82132524520684,8.332272082717909,-5.638748542918601,40.89540946983832,WARNING
83.32736842131185,4.728048763373399,28.076593928893427,39.97423957623242,8.760208322908742,4.098396326035477,48.21566490704445,WARNING
2.5361777160728183,0.47616778069780596,25.824985089633394,37.16415571402827,6.303044775601958,3.2759386776511956,3.095895965000424,SAFE
94.19509036613675,47.60199622729204,33.177934108226914,30.283755642635438,3.5899791656961435,0.2628302649453236,58.19427325865787,WARNING
49.91797565084659,30.167031475111333,39.21102965609521,74.2596345977577,1.0890803345048827,-4.6803921721321355,32.449576984894655,WARNING
83.31094174196363,41.21534544096035,25.50741448243342,66.52940153430598,6.720373787178573,-0.5295207006007701,51.13041199237193,WARNING
20.145495267902934,44.43215904470431,33.557023686136695,38.449646243918735,7.048023448408608,4.828674391539598,17.846743224656294,SAFE
88.68802851210407,11.141962762096746,39.77508210826813,37.66967112634606,6.0068889185958305,3.1435301054695692,52.17693297398672,WARNING
41.895289526586055,23.751885438519327,37.81820193444275,62.26371148327309,4.970009582346862,-7.433008751329506,26.920193933477403,SAFE
0.7337625223134636,6.248430907591674,39.123691349530105,68.20433914956654,9.671163275102478,-9.285825805836563,3.1283721667415287,SAFE
68.02204038586393,2.2146763201708994,35.641129377376465,49.047508636759716,0.9576536010649483,1.3609328357503063,38.5333401284764,WARNING
28.012019660138808,32.978697093590924,33.16349519027581,65.25037370603764,9.92465078777759,-2.2660458010518925,20.371406506639993,SAFE
46.53154744851009,40.23058505126704,31.567400460437707,31.86286053438998,8.430785202598566,-8.970026361239182,31.272175858239574,WARNING
17.08201364917843,5.10399834870936,21.558542657622404,31.28424376523551,0.5502771397236739,-1.1512162164238013,11.040881877762361,SAFE
25.28522699826139,6.326844170940937,33.174110854530525,41.305595531712925,0.18949155344809454,-1.6316043246534466,15.392459609951144,SAFE
31.04329919783051,15.930221567324637,28.90540056363123,63.445696361713885,6.164791200379939,8.745232195777511,21.591677560980997,SAFE
51.77166663025214,23.62849548625361,24.26828870433794,67.76906444240784,1.4077577621428472,-0.17734220359031738,31.83269287027468,WARNING
42.13221983874445,32.915043920220164,38.35242939913317,77.32977957491113,1.677992671631584,-4.763655634656436,28.58223538561526,SAFE
81.16353199647067,25.913988122459642,29.060691367114636,65.53127261903529,6.019249526069718,9.41428108842669,50.39475830360116,WARNING
58.3974652288267,23.298691317362664,30.856347241563512,70.42699083484867,6.126750567852208,2.9409618277343537,36.65717180535104,WARNING
97.1438880036592,30.919774221272867,27.605704966690794,64.56630135063983,6.594593969773114,-9.723047289872362,57.709445838495036,WARNING
46.73292967858331,37.14518014411997,29.98082915442258,68.98105679676948,4.508836964276144,9.666431952744713,32.77445187395517,WARNING
29.289158920388868,4.606130407303677,28.600236023081948,57.08545124369596,3.490937316824615,-5.15437679764082,17.278481676124372,SAFE
67.2058691385489,18.856254992812605,32.62737058201274,68.95357242993879,7.610026277600237,-2.4938137872861743,40.55840198996075,WARNING
56.78982289501747,22.48291122213712,37.41610505419321,73.93792398999996,3.437415828880368,-8.165251042425385,35.472265958127004,WARNING
16.758248332401948,18.350087106544187,31.284999095259813,62.83935054822146,3.3137104628600023,3.349982392479715,12.843944777288497,SAFE
93.7739983673756,32.600706358447525,23.171304588887025,58.98344564888138,5.418955167669828,7.414002217968413,57.13012499287823,WARNING
35.030305521297436,21.147280502833997,31.97318110972987,56.22126558710127,7.190165924051742,-9.192220181750084,22.400626718041135,SAFE
56.351601920695984,6.083594650193763,26.304179850394426,63.08134307661952,1.574142005921777,-3.8231632899074235,32.39972376804896,WARNING
70.3006482835312,32.540262126341695,21.82079338419476,58.8634246746162,1.4725446191863945,-4.954572425710147,42.59514156405673,WARNING
45.92112786357787,5.467341164909456,39.87293935837134,38.26847805270006,7.813126284286044,6.596776900464501,28.843589201049543,SAFE
99.44639698960015,21.43266089261342,37.4818904027868,77.87697195084255,1.7289414489466715,-0.4112782188093469,58.94317462367022,WARNING
6.001081885608772,31.03620060121008,31.628123137131325,40.20631423315986,7.9790275889412605,-9.254625544729203,7.62425692185147,SAFE
80.62273241275571,1.332264558193369,33.136576242727,33.93847569574506,2.5122551931232295,4.438266986236716,46.69890046708758,WARNING
28.04047996253868,25.558692435886737,38.30496539040229,32.48171770182892,8.110797937356736,-8.69456002863021,19.924835504281454,SAFE
12.679484433667664,5.965955194460543,39.88204566421452,39.00931596657667,8.967618462562681,9.818643258931083,11.276058017759514,SAFE
38.3784770412298,31.55242717643427,35.58182507527225,49.63225409181041,1.618141404978073,-1.3247451241487767,24.89179070974182,SAFE
77.18876450029445,39.038138137420155,24.610775843418267,38.74828199453733,9.205607021003496,-9.12001938883379,47.39996174805636,WARNING
73.47384757650869,2.3210692723377004,36.758001017219755,75.2707406668051,2.97419124229099,-8.52128712966605,42.642869740629344,WARNING
48.06845363474286,14.92315183727384,28.34272285620758,63.24927267443401,2.0982603594871696,-2.860968609718273,28.864477477342394,SAFE
78.25624902926737,32.18809749764108,26.525509823024773,63.21508001299643,7.653129228919666,1.8497116190557499,47.74937499291936,WARNING
23.94968325010085,0.012264525599653409,36.05698213976562,71.13167776580822,6.9760450139436205,-8.468381372647723,15.131787486091309,SAFE
58.522228750804615,41.05103356358036,27.793366402163315,39.9000367110127,5.876272972414707,6.526132546017557,38.53603581168236,WARNING
4.886995870706556,29.847560858036786,32.86347590678684,60.118351967413986,6.500336842370485,2.6275061520830896,7.422213280937467,SAFE
13.040388498034904,11.746838847445767,32.3798801057802,30.88465805683854,6.347445187232444,3.3077324757006394,10.65057741561261,SAFE
23.917475986165847,29.906641487656984,30.681801214475293,43.03457740765569,4.629740118747546,8.19249058824363,18.647622255084,SAFE
42.660278045988285,31.492208843975085,20.707016420813883,33.89000566610494,0.8130807330331846,5.564815272528909,28.786139796502567,SAFE
35.02568948034527,11.380584418290669,34.946491369034455,38.49800312780872,2.464925250702806,-1.3813711345995827,21.597858330615395,SAFE
33.143806901461325,29.269610551832216,26.756812381496953,49.64758179294459,8.62886608249486,7.690628792560048,23.231085443051324,SAFE
82.77111908134074,43.24154663523163,31.39457338678234,62.3116607375692,5.571731665549406,5.7117616810584,52.204520783967304,WARNING
55.100048576144424,5.553848227539026,36.1916024091372,68.02925853387683,8.203005952826253,-6.191410732204763,32.73160488442535,WARNING
27.161705271496707,14.7875848631765,30.161610723713473,36.693854208172986,3.8538175327486734,-6.356836778419408,17.533775088055297,SAFE
26.476271303273645,35.31938172792137,37.09622312634562,31.145293329859193,5.658969633550004,-9.278804758754656,19.92438236109447,SAFE
8.524924501155029,35.254201730705454,34.71216213004233,70.69903365863993,4.742415117703049,7.196149640323764,11.41103912208983,SAFE
16.683829164162432,12.485820681750132,22.690042952039427,69.87686302909383,2.286751183866189,-6.889775144834087,11.64836667151038,SAFE
62.31106875880562,3.8541013180337202,20.89800554440345,35.33588242762295,0.0024088398716759496,3.939803084435848,36.3828846094259,WARNING
56.223532171447864,10.493755451886194,24.660098959551917,70.54842992350198,5.018201158603004,3.9705671416347936,34.06175827393956,WARNING
45.275545127491554,11.885901301039613,39.40805601365814,58.282378168769874,1.309819037679124,-1.8781991563218643,27.290152611229676,SAFE
32.93374119469007,10.704373429426067,38.66879978480519,74.04599977298763,1.991471165201164,-2.957042218889665,21.169308536171847,SAFE
76.23153916708216,10.425302407010783,31.831297252084887,64.98969710624084,6.539723257107664,4.128172805510012,45.213547224469934,WARNING
70.66995890287629,48.24029599244642,26.92997779040639,73.92952121879198,0.2180706251510678,-4.235940733534336,44.99638547754408,WARNING
4.865578199913156,32.56019799779201,22.01580741463239,72.2853431826023,6.465916837902598,-9.423691978927886,7.518860440025064,SAFE
71.4777365434623,43.10174736284805,33.22242015324299,31.52621079675161,8.579195484604066,4.649278258680701,46.316555728979985,WARNING
37.845131248398424,16.43151291577513,29.596403628148803,73.35508754689354,2.5205935186955752,-7.980723775175978,23.981577712883546,SAFE
86.46363729610499,1.3144924440361472,38.21994044488129,45.287259715070036,5.082227016882676,-7.354089504955439,48.83719514459606,WARNING
90.22549693766852,37.491811169220234,38.48311173216068,64.16145255590811,1.8469377674232612,-3.8346599402750137,54.84777953541432,WARNING
48.684857510347335,30.362910268010346,38.529188746725474,49.19757328945695,7.030720219071459,9.220176978216436,32.72511483695236,WARNING
15.2374063415453,43.135479438977406,28.414121407863973,66.62108879646684,2.9353833873708366,-3.320315634679969,13.842651111332739,SAFE
2.713322486806613,48.57020765834798,36.26905150461569,34.695897896311024,9.995087956637745,2.100491944058829,8.597858600637323,SAFE
85.37286379643831,3.3330381638934483,27.789023569838474,63.48255611518049,1.0643371869970153,-0.22194322691998636,48.15517474803123,WARNING
44.267787454414155,10.802011223678987,26.005396717036042,78.35591772474912,2.88648486009936,-5.731477320631779,27.039874187389913,SAFE
53.620917106833346,33.547901703514896,34.5018622213913,67.71235922484581,0.36832491514753096,-2.124791992408735,34.22542189717906,WARNING
77.39580797830902,45.24260509000647,32.04400246665567,32.615342675484285,3.966458058551312,-8.515457682630906,48.51171078955675,WARNING
74.85378626845845,3.1752734640832614,23.714621334703544,50.84792119823871,4.62648367114872,-1.8703659936997532,41.82509897079467,WARNING
46.3396646606,35.661957601009995,27.38537645911083,57.38752295753096,3.033692575287322,-2.927450098190347,29.693340923027453,SAFE
61.379895904208084,24.524732581851,34.460725897185625,58.026929402587484,8.035740853838728,-1.131835740105668,37.48758581318015,WARNING
49.10336198668015,33.49856744504698,24.424878888240976,49.29647684656304,6.248412440117078,-9.422474614685273,30.733058672444436,WARNING
43.69714336339416,29.94249681530584,39.34751063956396,73.85082808088356,2.807419529426581,0.14420208057849493,29.106806860006778,SAFE
5.641437266009131,12.037720740890357,35.4971173613618,36.16570061376723,2.576905248339566,8.880850034716158,7.428148677133996,SAFE
82.3855800492458,39.0913856324456,37.29114980604314,67.4802843291177,1.2058621611823495,0.33122652970462596,50.83631771108784,WARNING
44.4243920802322,15.557578913519004,36.680808194392114,53.206960118711685,0.6029760135754969,-4.500688325594635,26.76371075181358,SAFE
22.86210580294451,44.37394424056418,32.948762012779994,58.01881329410375,5.06649241678705,3.002260550829309,18.6637081120253,SAFE
75.48755467771248,27.719235291575494,38.76570830305221,78.84170853251922,9.95342316608823,3.387822201772895,47.59568504233698,WARNING
93.26204667558784,20.223984765397734,37.19184782494771,75.45871493698405,9.041404723322756,6.616925658167631,56.97450765400934,WARNING
40.65991616412504,7.945374099036718,26.67912712688892,68.36442846490465,2.3288551132997526,-0.43455870348055115,24.276111835427113,SAFE
56.5399517984672,30.192928121893765,38.714510967575976,63.074651020715876,7.862988160773022,1.637566957832668,36.176387200366115,WARNING
83.35803188619633,13.183180653488142,24.197553433375784,76.31600243789848,6.934808763573784,3.4305115411644227,49.5540007993945,WARNING
46.72952386284499,18.834862964675526,31.113823889572778,36.028317471083355,4.547125610831078,-0.8926459106903817,28.816356022498322,SAFE
53.833651294426524,31.734280718360115,39.14636731970724,62.608456354587844,8.837251519534115,1.1260772293832755,34.786755489338724,WARNING
62.69278826274898,3.4918476554784803,22.665274457688312,58.98352175987698,3.9571286995802923,5.976210397310036,36.78922918961024,WARNING
54.317787487417604,44.114551947566895,39.446633569245826,37.38175925607425,3.9482775165562654,3.2996205047606164,36.49682000527489,WARNING
30.54887554003497,13.351616886074758,36.27477121257674,79.01892345293714,7.738033312474814,0.4735324560822711,20.6333361257426,SAFE
44.25112319453147,26.982386026518245,29.256794043754716,55.1444028392834,2.0345305052922766,8.074838986186553,29.223110526297962,SAFE
75.45350015232681,34.048871134661,38.99849941948946,44.2197165956419,0.8115941089361423,6.522773207106635,47.23838568530636,WARNING
99.8416963649255,28.92162190100997,21.176187758253636,69.02340200774705,0.7374904884584155,0.8002797251856251,59.144386372744734,WARNING
27.753247421052706,45.75133902961977,29.0266242651897,74.92316742392767,2.9908108525456756,-2.252748323572975,21.436450111624122,SAFE
94.71191882470805,10.065722546581767,31.570023033022903,49.425516428005565,7.741668850687273,-7.414072576572853,53.84243638103284,WARNING
43.721496900466846,34.94663134226316,28.140324700123195,32.926586963768834,7.051122613353439,0.06396655369966098,28.91752275770841,SAFE
1.1308686680100544,30.63279476141865,38.39762045057573,35.551297410584446,5.90671235009169,4.573377635252607,6.287584540102065,SAFE
7.0773670140305445,1.1307729082093154,29.283917332898945,69.55933436171819,1.6071941009932833,6.732745444298459,6.624700527177944,SAFE
65.65772554235961,16.608664389424284,30.31651596984899,78.27874898633692,2.164369706323388,-0.009292045119195791,39.560597220365686,WARNING
62.448655610762074,6.900730273783312,20.870441772466194,30.672997646573563,3.2469285660001623,-8.521054110302693,36.37200807064549,WARNING
80.37699525411146,49.8659763580873,21.22607643468928,51.636313796671985,0.2573212298257477,-7.320182184854735,49.47732295516046,WARNING
32.29225609106741,19.684910652882493,38.795658928572806,49.7918404378448,4.9627765905740215,-5.088332634522672,20.677561669440426,SAFE
0.012513875657549356,44.96672283665676,21.634295140726095,78.21244205181145,1.3084410410026026,2.097569615008805,6.567398235883487,SAFE
99.9410587856637,6.923229803483793,28.478861698796486,69.02118344857382,0.32190149849968264,3.79565502280089,57.560133649317095,WARNING
8.037333789079948,11.82600711366132,23.201523249867208,75.3668215823468,1.8045671678168085,-9.191318089696857,7.051627570374924,SAFE
58.762567844776214,17.3090462704851,28.11412441282733,35.95313724312735,7.482344914331946,2.03107299287036,35.6886981444511,WARNING
36.421704474828,8.578747188156798,31.86903478341121,68.92986397536887,3.123972838671949,-9.482792329228058,22.33595575984368,SAFE
21.4343984752984,34.11989094464146,39.78192754913846,30.668811970438828,3.0615356213210076,-8.759582591023223,17.0596408158793,SAFE
31.634928776303216,20.29571715637106,38.4172418389251,34.02803997024894,7.7713405306576995,-2.0893120787407327,21.28680966257057,SAFE
81.12628496669278,25.670109266281067,20.785640776868203,77.31029423574194,0.8273406343452183,1.9536700506751217,49.194801373105115,WARNING
87.76677629335158,3.988489887509694,31.077867768320257,71.21449377622261,9.863247086457958,4.486548016280425,51.42566598490047,WARNING
27.833437546329364,34.97851649227047,34.115335386152786,64.99830060523087,8.542604370931057,-8.252398749610181,20.439054317823935,SAFE
10.841984541543336,32.0308562112779,39.077621921963754,53.2919319459623,9.60562701625675,8.761705190323077,12.267277201250382,SAFE
90.29097382343195,45.49254874320427,37.966375866559716,70.99446917695911,6.949789586053303,-9.511836428147834,56.25482220868662,WARNING
13.225359215605248,6.711602726573357,20.4708056855918,35.83508842118184,9.197464335671063,3.27608573821572,9.994903500328236,SAFE
31.207301829542246,39.668000611833996,29.76738973909702,37.10635184579383,8.845020812264927,-3.2267610752705504,22.456119002710043,SAFE
69.88592305298941,14.52970802498037,30.001425013476002,70.81263557652078,1.567773464243677,9.545027904785567,43.16832576531135,WARNING
7.02159228607262,26.700445487025203,38.32051038703896,77.28469424412627,2.3210896287977603,-7.1203003757038275,8.678235019040612,SAFE
72.44030003178909,2.0986784138118555,29.704779380606286,69.8177613396591,5.6025472451683385,-6.2397346845199,41.558287257136875,WARNING
48.70442994699632,46.06373582244465,32.34425956088553,66.07453137845098,3.3626387966251494,-6.230324496647645,32.73288153989053,WARNING
25.56422298996036,26.658879688014746,25.604403072214076,57.098239371305056,7.077919273761769,4.687917523406028,18.40282220382493,SAFE
16.468493966109342,37.52154244169316,33.45376279184718,30.600256668435335,0.5887217508975084,2.924990037207607,14.816935326686446,SAFE
38.370389956370964,7.305199978783294,20.887931183392666,37.96991703362154,9.575139643216167,4.551312831419395,24.030361611476337,SAFE
52.770542093429384,47.07702500272959,32.38220875363208,66.28225941403336,2.8265181850587204,1.7796368717839162,35.41197734365211,WARNING
14.347724429784027,20.22415725988877,20.6648064997322,40.83140437913403,0.7486862942267469,-2.2444236098553727,10.62628793313812,SAFE
84.30351646384902,18.896705317252653,36.63279251989287,62.82491562894437,5.095294466308278,-5.2621661347733895,49.7342547175995,WARNING
92.21560928441524,2.710040442101663,33.77826035397631,61.06199464046844,4.410415222565268,-5.193580894147893,52.20212266148905,WARNING
43.06959368452669,43.63863627767103,36.73532220509908,77.06906249885145,3.07793206625248,-2.2579168326225414,30.146255992766932,WARNING
1.8726152659863327,47.14749973600041,26.587801836345378,50.20819107664966,9.078046114473945,0.5319686033362636,6.394784041933226,SAFE
56.6174541755478,8.811641907545841,29.97320041637309,75.91043004543872,5.58718088107926,-4.897672707204839,33.84430455445043,WARNING
3.1180864134762842,16.8150886727034,31.451818281289157,32.13066441854151,6.097925772911562,0.4682765423622559,5.011065684937708,SAFE
78.34354691665709,1.4444086135980916,35.61694689637475,56.043852287905345,3.7052933277971145,9.307659527176483,46.11322819656037,WARNING
16.011954723605303,27.066255954555324,26.419629471849568,56.37431893976679,5.522754525804121,-8.211035031503084,12.179035840309476,SAFE
66.11351469183498,31.724074795950592,35.38934549268928,34.53292468295855,2.9725854690368783,3.0022119945620247,41.57673327295509,WARNING
13.673082591560847,33.87991053942211,21.18053421640846,46.74657764798138,8.46711122332519,5.485825807623204,12.782351608772087,SAFE
64.47607152270879,43.52292083125506,34.18539088344401,55.96875526054015,9.797175003857866,3.897121595786391,41.84112179716473,WARNING
60.13671768130031,20.44352804767823,38.04824997158101,44.78545478024964,0.09219594210902682,-6.065189551352801,36.03729708615502,WARNING
10.951749194235916,15.949688708653603,36.5175735491691,62.57648426825037,1.689805892337125,5.776434421846769,10.062910997552297,SAFE
50.42198660994027,25.635731205914848,27.242243619617465,73.23081824110116,3.1832730385579264,-8.117204786606226,31.728482501022466,WARNING
30.272899397194507,35.76767731339429,33.151637736066576,39.40085767767889,1.1178429910494203,3.2173151680349257,21.863756585875247,SAFE
67.63768356549123,18.307481860528537,36.8560276705816,78.91026018999584,2.056452234493954,1.5413743141205671,41.480886014650714,WARNING
0.5346329003939165,35.65271980131437,28.285642271266354,39.66346134515824,7.522219217643762,6.212975951121614,6.159135272760008,SAFE
11.116650117593728,2.0497880919017,26.681568833382343,61.29952328805177,7.934195271886331,0.9212499326091539,7.549150730054574,SAFE
58.07487763069806,39.99291108764456,30.576867484375185,60.55772451131503,5.162173399765592,7.609164667354079,38.527145008892,WARNING
23.551661858508886,13.199679227025468,22.559229232036515,70.97333757472109,4.117772905623573,-3.0421211823751237,15.649976007297843,SAFE
98.13487170871562,46.340168321989275,39.439753642495226,37.114949837934645,8.912518131481663,-3.42580801225097,60.420062368794646,DANGER
1.2656770211862511,19.564916799153437,30.183927062761192,35.41102117837027,5.376776168742563,6.389271683534631,5.187952480931382,SAFE
37.7650950839194,17.63224032671511,26.77620840461355,76.1547222941846,0.487580987901991,-1.0984771601408934,23.95495191316219,SAFE
26.459945414971685,44.69035126937471,21.92104527167608,50.572138334020536,4.0681615203108565,7.767888350940453,20.961545504492754,SAFE
21.549344504096947,32.24477051508055,22.68812253775578,77.69878570402713,5.9301495927228585,2.525134606413406,17.37868408799377,SAFE
43.37734016604722,17.114135633316113,24.253528589897527,60.19938769161294,9.54561745348238,-2.804180918151939,26.59352448241747,SAFE
88.31568886620542,7.438815642362484,38.72252041763602,47.52431419490382,3.7972721159334566,-0.7431548593134352,50.317284357582515,WARNING
71.82442699476502,35.98267168445176,29.591771694393305,56.1576449656968,0.3001048777414117,-3.914065968833487,43.654178092457514,WARNING
34.601707423060944,27.93636343628797,31.16599534742609,65.49498988639365,7.1702729621808095,-5.29578551575834,23.26613833611235,SAFE
77.01871511048247,0.9801784023141025,34.32323769213441,35.10305517597116,7.29648208421219,0.5423618113680853,44.14261674328917,WARNING
43.725450068309215,34.53331948807145,20.727416674944653,41.173516283778916,6.16440142467654,6.94430813261636,29.854364536198137,SAFE
38.1107636945117,12.938073631677854,30.374728715779888,61.115762619342064,4.201030314057465,7.534213653195103,24.79614620824721,SAFE
52.34387088600134,1.7911793785292507,24.461079094123807,52.53235154589073,6.977255190169334,-5.604955124148223,29.470673307250475,SAFE
97.62574397174211,15.927912909404174,30.649604137211767,30.94831923655206,8.848907214308044,5.7766930705036685,58.11979869524771,WARNING
19.545800429559268,46.661834561992144,26.316795275948092,64.60931441900586,8.189763180165999,4.8182892247436175,17.585825181161532,SAFE
91.75827840298412,43.213738017035425,39.8922302818322,39.13057062880728,3.0476180122670007,2.7245173486326006,56.773794276335934,WARNING
73.30471858915837,26.73025272778546,21.478567297732297,72.0797613400191,9.60874356021272,-1.8896631234721042,44.751117376940634,WARNING
22.481248169884605,0.9656877481043769,24.745980721871703,64.99593874192112,9.115893876727304,-8.129738671364684,13.679547863085807,SAFE
55.32591871619299,34.77656242559162,25.527616422125373,58.4948519585151,7.1524842600577285,6.754384862707536,36.06653614104172,WARNING
45.24998508199809,37.39286094594803,26.035659434796994,40.652337338607936,1.8731374609066742,-2.8225453634854762,29.239600867548543,SAFE
3.587968178884904,14.149591883262486,33.04445648886457,62.39595235800684,0.7355380649149124,-4.251687658387597,4.447139032302261,SAFE
56.95576646779217,15.927606875155142,28.35976048377747,65.64053785578821,0.09266829456630044,-4.47212911823139,33.87308057650781,WARNING
14.237224378501667,6.3804591382245865,39.180804328944944,48.82801657812089,5.270885849096398,4.676437741392652,10.43499055027293,SAFE
4.744747486005019,12.051131927884917,36.64295574687425,73.09953065889405,3.7295092064080206,-2.5027680069646348,5.738324090700069,SAFE
75.6896877108882,14.753511337493459,22.34188162279996,42.87677251202917,3.8734473163577485,-8.955905808098034,43.78741903381429,WARNING
47.86802542001748,37.00037563863892,30.27490288960923,33.594767025725346,4.401496313459585,4.178092160856654,32.16715158591201,WARNING
5.809665399018993,2.9923594863444256,27.41202806361965,39.74819820618546,9.347807913084203,1.6268720747948624,4.920508221579781,SAFE
28.732539940589618,35.23883645574754,27.498581027186578,36.6057822189505,2.3723222984358037,2.854945689187513,20.811025806070138,SAFE
5.187610599699166,13.634452002403187,24.166229552843493,40.0567555338266,6.827624119759711,6.5163383350872905,6.400130648746799,SAFE
71.58666080642587,32.28639079002561,38.32903543635728,32.91961902121484,1.6748308597624073,-1.7118628865893566,44.20551488628203,WARNING
37.24516435038677,20.902580148151124,24.129098100854122,37.47516577901142,5.091932474579281,8.561050481375872,25.211691933538702,SAFE
39.1969462349917,2.167660705976404,34.123346857790494,44.55524527635875,2.450950073048921,-3.5148399860407586,22.62603908256711,SAFE
72.38155239078763,40.940969343515206,31.761121346779273,46.12393768597758,3.104782331172782,-7.51383300189074,44.59104904888344,WARNING
93.33010482351945,31.906969948440977,20.53949239711728,63.11835475933403,4.471534241935079,9.45115926093839,57.51500633017506,WARNING
81.9068824806407,8.565787691639908,34.40222237749733,54.278300191763165,1.8704516366992818,3.9747981465989817,47.47787247313416,WARNING
54.73875786942454,1.5186939385785247,32.93175901057651,61.749354493122034,1.4408516105146263,-3.0202454600661426,31.314284477752008,WARNING
58.58989707510399,6.939150705336495,37.05446755669513,31.37430231438519,1.0283741496935495,-7.677861602902318,34.503785431441024,WARNING
52.810712597505514,31.005700608431262,28.07481593002973,44.43334138340831,8.093173756255574,-8.634280325471597,32.98319440461501,WARNING
28.02918611327917,1.9557789401985382,20.27780269932536,47.66899434661006,1.9482366244493199,-4.632682903235075,16.061702235249093,SAFE
82.09471574549681,8.149004812461069,35.60466734303602,63.752531157318174,3.264455251408327,0.9311229035257558,47.53430140956264,WARNING
44.44356097745388,6.419765774883269,38.14370643468351,58.48089837928801,8.80240045795455,6.4765302362658055,27.902591425937423,SAFE
7.9775925309423235,10.363533300922622,22.905222287496617,71.53897663934595,8.624466264552023,0.5594301961673196,7.148826292164072,SAFE
10.417807250800692,6.78083092715081,36.27097624876535,76.45950682646651,1.9947568511065672,-9.77724847055654,8.394139076972383,SAFE
33.09529051507779,1.5249694823940674,36.55949832156076,54.57561286131258,6.418607787630198,-1.7703024772691567,19.48259268005737,SAFE
34.55075470124819,11.110020653804241,35.41065094076291,64.77737922077647,3.6072898449608615,-3.5776773140163414,21.55368315139194,SAFE
0.12428786486790022,3.177606502273622,32.46511049785269,55.73036551177309,4.348032044850225,6.550044816033168,2.573303341835141,SAFE
50.38982044028466,19.224679070365998,23.2251269504997,71.03440041073097,5.762482501211878,-8.150800681544855,31.065456947265325,WARNING
64.88983979970759,21.2535372744205,36.22772447175991,75.94572984979982,6.0046581317624605,4.632256386267329,40.90012251720079,WARNING
5.659084760216571,28.012772750057863,35.10679956710948,54.83810747390518,5.935500895043372,7.978963711620885,8.55358703225198,SAFE
19.809957203119943,4.912325377595595,33.81287226279002,71.1424452761222,8.504901885825635,2.832889941824405,13.876297959077304,SAFE
83.32134181708034,35.03321028616451,21.747538318135817,68.1021753942494,1.7935968955032966,-5.267813148180545,50.48747072659148,WARNING
39.46506269986648,15.728353316316845,26.433034766058242,38.462976210202285,2.938710471095444,-9.606748200482365,24.07405826790582,SAFE
47.2910946688326,38.42954793849034,37.2449473844968,71.02142794797192,4.164577189951132,4.608529623277125,32.64631041248338,WARNING
28.789077409521248,2.778123635880897,33.519430507825334,62.4398082368203,8.016293954628756,2.3221241340575975,18.025006400600013,SAFE
15.68916249739164,42.658119602509906,32.54505576037401,70.38048495175019,7.7410712037604075,-4.042710255498232,14.678181929610625,SAFE
7.455297485205237,8.825220454479243,21.857246686265015,42.17062160400682,4.59532273025993,8.136212099625656,7.38855080423534,SAFE
87.20187559206346,35.9299907547864,20.48224719095652,47.06946006602767,6.823484264845198,-7.419422063218633,52.267619501506594,WARNING
80.10878500159086,45.72868399937968,27.08208893275651,65.29215309319167,1.4820413266871335,3.81632898226054,50.33878011489682,WARNING
2.1455412287043285,7.538575340555048,34.1976289321734,65.5925111438153,6.411627058451771,-0.45271951231593555,3.4939935665649093,SAFE
67.4908091171945,38.69003991443941,39.329633180734874,74.43205157743026,7.945342025661246,3.8951503342874574,44.103330411949734,WARNING
57.41555454323672,6.0304411675958125,23.31113684196786,71.01397803354497,8.033129122072205,2.2891785194672583,34.176233335115704,WARNING
43.88401327161534,1.3016324911802823,26.543538850570876,51.03198287826589,4.858162861734206,8.586491971224184,26.355353172279848,SAFE
10.870939980014283,25.94334598898852,27.358445939165595,79.50490596080257,8.618640162829053,-1.2242829152215826,10.597451191046568,SAFE
99.96956093547604,25.70316232357482,23.342355931828013,57.79373459133573,2.2620576580364657,2.7262568015250395,58.684497923051524,WARNING
93.74401748839256,39.309928841751415,25.463273808381103,44.84293124830036,0.6928820309031203,-4.282643287074452,55.80586373234024,WARNING
9.262479967781722,24.97243596628214,34.16694158996515,67.55905807495793,0.5952923224817908,-3.200882035235959,8.957672178278406,SAFE
28.81717665474337,5.21501614936673,27.249426218640114,44.96600545696181,6.344992293392767,7.666053274674258,18.585580082733934,SAFE
45.48417208732158,37.33325863834093,22.920207342213487,74.74831893219323,1.5259473821509228,-6.157976388012214,30.1673234604675,WARNING
10.646380358767649,15.483975076026823,31.048208934310523,79.39970557031634,7.933680346575439,-2.39128394216036,9.572986447485006,SAFE
57.584605790357045,31.165401546960386,36.454544424946945,66.82258927099002,5.692911269711404,3.3836605407931337,37.16330769583346,WARNING
74.59176109628997,6.657202956670217,24.009109226107597,64.42921444537583,8.504255619876322,-1.8147543460046442,42.88740694058374,WARNING
97.9890322471206,10.803586633668644,28.333985640868775,48.92615217316266,9.302959407264291,-4.292429648549209,55.65986604303172,WARNING
47.079077804221555,9.361691980766473,30.425324771248874,72.87020847317956,3.040394618905642,6.215841443256565,29.63962667221652,SAFE
91.1311582175626,3.647894485728181,35.128490726385024,42.76717180752454,1.7532766253662913,2.022447840500721,51.84714581354374,WARNING
70.56026162286997,19.73804928676069,20.78347414164381,75.43522620983966,7.307469168474951,-4.566663866339706,42.62990988308809,WARNING
49.68638557447399,1.3896394983539007,26.785655636118836,56.126761779255915,5.172236151162501,-5.836302439829177,28.12070869412295,SAFE
77.67473661838908,14.943107926332171,31.608200463559452,43.57611127689874,4.2516787298677015,-5.849707494995395,45.07960432857364,WARNING
63.30077925320383,21.279218007067534,20.322346089755285,31.408249700838304,4.711343184714222,-6.335482661892913,38.34238775967489,WARNING
58.504204814474235,20.409589088601066,33.088396710794456,77.61975870319758,5.287361347952536,5.747572071801992,37.41756180927856,WARNING
75.30409963159372,46.08955521619326,24.280357344760123,71.36634853924704,9.055203785046867,-2.1447403810484467,47.58327006797256,WARNING
31.381619459896815,47.60179548391439,32.55265644277736,49.033824262073416,7.918277209316303,-3.910521967685698,22.841925720835697,SAFE
17.640758606986207,27.198481789885275,31.324240898212068,71.2873241133669,4.5702735502043,6.291730790106833,15.289703498941472,SAFE
31.132267934833845,28.768410108889597,24.169455578014315,49.272297545829815,8.575396978328511,-5.680236131284899,20.506270567771793,SAFE
81.02394628992677,14.14358289237031,20.689794393589075,35.496728502842316,7.458795453207881,-4.758581469957035,47.291142376535575,WARNING
65.41455922412722,34.95994513786165,26.9023692886937,53.74594936055701,4.037670904558106,8.94697992709068,41.747697550164716,WARNING
31.994886235158738,9.166152111248039,27.311856857511565,63.47578538010061,6.973626903614653,8.481146307200138,21.34809535896348,SAFE
88.17544848758092,14.416026020863775,29.103264979351927,67.3634494091717,9.165372806020251,-3.256699742862164,51.46970362998308,WARNING
44.444143417699586,44.97391352268044,27.169677463168455,54.02564930958679,9.045041412180788,6.044864359796964,30.912661513209013,WARNING
24.34309250098028,16.23975327059667,27.059174549186782,75.63692367155298,9.98933737104539,5.480086043108798,17.99296519080984,SAFE
48.43263024935066,0.5086909033739484,33.94976113195915,49.46805822488923,6.329864702286054,2.1338792692485757,27.906169961797772,SAFE
48.08320565743873,47.21936988631615,20.462926907106834,65.60662422362941,4.09839868299546,4.275809009832226,33.234966702165266,WARNING
67.52196475396319,0.5119001287997693,25.706769903493424,39.45457602518902,1.669863529424923,4.569533682422655,38.74828023443074,WARNING
23.95513490931246,23.736880749365042,24.939779905713593,59.0116911717665,7.20573768059968,-3.37850522603647,16.362894722390987,SAFE
60.302084828712196,41.24273872068695,21.884485703289833,65.53352995206356,3.231449444353802,-7.547000869501115,38.38444521251678,WARNING
54.56542076143488,11.313115963386588,36.42723585338315,32.14479547655381,0.9865289627089746,0.4199225197163372,32.73972598604803,WARNING
58.89417840769568,36.49433322613734,25.18521456504388,72.0880204106646,9.531423397737832,-0.019213928102727706,37.63146436551867,WARNING
76.05313649698012,26.242417727189636,21.389340588244213,46.30557564213105,0.87486689627015,9.77758238510027,46.817980856372834,WARNING
22.902591207337718,31.795020970785938,25.686902038898747,62.66231076779629,2.1040169087048244,5.70540131820149,17.689669010524632,SAFE
11.08116028366355,44.757520004514014,36.80843385081589,63.94036718191928,0.6741462714284785,-5.828619433421434,11.891537521674536,SAFE
85.9361595691076,6.098721715129757,23.1186419261604,57.200166187776034,2.741774396743437,-5.55848600112141,48.465924867440116,WARNING
57.58134318481806,18.628833822901452,22.811197935393373,56.742688377273225,3.8701240327862276,4.690335485475387,35.110769954768465,WARNING
10.27554423205892,31.030662197298692,28.729866538864954,50.30309375262021,2.3228768800834123,-9.391479435945778,9.072407405940705,SAFE
84.76891943646456,16.320504301721293,33.62182079459694,77.37936998883538,5.649902980821317,-2.0570619496026747,50.33751080844033,WARNING
26.82735663487037,46.70218963237467,33.64153636102286,63.26406966282798,4.26158325145277,6.900974257348615,22.113819427651077,SAFE
71.36721870094871,14.159163589050806,31.99157320050096,51.50969773006328,0.06590162829713031,6.152468630035948,42.326738998377124,WARNING
12.283034891970079,25.497725300130707,26.724523861696312,47.10445206003388,4.77364883413808,9.940462080394902,11.763220168465622,SAFE
40.83796806314758,9.11646149082862,32.272126760987376,41.81438540197606,1.055491367129504,-8.996516558681417,24.198190220121074,SAFE
2.2881274019683873,21.558232415553185,28.534515597467873,39.27727000389765,7.840190537712093,-7.414587441602425,4.519165119202047,SAFE
91.53171926393024,29.378798882163622,20.552327522098594,78.14863128713583,3.0794125954585363,-1.0005008084429328,55.06411130140279,WARNING
28.426869299455216,36.42106490168888,29.713604414390772,36.61864797012513,1.0420395235945379,4.507508266491495,21.13523605656057,SAFE
23.70814049312715,6.889668731923626,29.988551939956857,70.1382643768152,2.7878274587313046,-4.471367765983844,15.124176333187464,SAFE
83.3881260260377,7.3916897284391325,32.33455183573095,77.75067414912928,8.413031495773076,-8.763695324405417,48.77755116119632,WARNING
31.99108765616254,7.118723279630817,38.984812753742794,79.29707831110406,2.349930205400379,3.3939808965750515,21.267357781679856,SAFE
84.16317320471184,11.684014220723826,23.75361268641955,30.560551162364014,4.119624569415259,7.988749247894329,50.29616957027435,WARNING
90.29796490563488,6.3871563754508145,24.0870496105679,50.40236654672668,7.80624545163702,2.2370296706345716,51.20608038916098,WARNING
51.384974352021636,29.596594211130157,21.923993876045934,53.883182112745345,9.920632895391284,-8.231077061218244,32.06538637132945,WARNING
51.92466776348864,14.78246308286873,30.79826593723918,58.69093800168733,5.774728981194759,7.044175706217732,32.45884536545523,WARNING
38.974741467366094,25.817708133324796,20.218567979354972,69.47753007898834,2.5948770737585294,6.331100480810328,26.626790675215492,SAFE
26.56386663803172,0.5394248131246115,23.096626363868936,79.2841451286084,3.1980124594798855,-7.823521959745056,16.383345693440877,SAFE
11.875880362575053,15.51713570286119,20.75290082233526,55.574429406097686,2.1374091548932017,0.38621282793744527,8.75863722222267,SAFE
14.076421869922019,21.492861450874617,31.95833716802489,33.099996916905404,3.9874930925105856,-3.949523580206245,11.283609840726077,SAFE
24.0359816488634,30.226731304224824,31.770839715308146,61.53499033388468,1.5888267043252136,-4.285815102753445,17.237195874973256,SAFE
20.96787779950787,27.025180249892095,29.221313784192326,46.5146868796375,7.860148088684332,-8.120525111832343,15.013189564380498,SAFE
97.48966887556422,5.8272038907659365,35.46141625136739,48.41150945804159,8.652622291318057,-8.51660102431676,55.23716472486911,WARNING
37.47217101923378,16.772170325011814,39.8631407645107,79.27744974448129,1.89803958666388,2.598939213966778,25.108630440655915,SAFE
53.55194199109402,7.718674562036937,23.355594122088462,79.46258642397774,4.527299936209327,-7.48397415999853,32.00715016321034,WARNING
21.47900387392543,13.417403362427482,30.21834526637239,46.777406475315466,4.55011785889921,-6.670008977972746,13.804745299399542,SAFE
32.67286905875062,3.5158296358877017,37.794205469516974,39.937623858428914,7.569001354287388,-3.00896423593308,19.842940094170384,SAFE
47.43973189397933,14.563051973061341,33.9288254221474,72.22732096373537,2.862701847395881,-5.155647126728152,29.249100150658695,SAFE
68.1440265463897,9.757653028386043,32.79679531219544,34.72140398468178,6.201371599606872,0.2681346802086626,39.9724449857507,WARNING
11.390571557630835,32.455181743229986,28.931143140681517,40.85575254085428,3.533841557021773,-0.15795788722140713,10.34079413886241,SAFE
9.1554227264382,47.88047415641771,33.311243124242424,35.126749064384796,8.228621843284595,-3.5489013810770924,11.394185710339894,SAFE
59.67995367131839,13.857142078978663,34.66811889829214,66.15044875000513,5.52043456872418,-5.1814881505684385,35.776638837974055,WARNING
25.37038075121455,19.143139834747146,22.900243347925706,46.88278565954618,6.843546012483125,6.616905601188424,17.794430367130968,SAFE
33.258229049336144,11.679512912718199,36.65285156670269,74.53520136929606,4.100215233120643,-9.461916923007323,21.474390676862665,SAFE
69.4961620894152,39.20166180915648,20.360485063288806,59.751542667075654,5.88368758244175,-2.4258418250417186,43.156792589405434,WARNING
74.97673258508377,21.408951905718034,33.53551903582728,55.8558652317576,2.4846460470284395,2.130017260202635,44.64790308013907,WARNING
73.69084948458416,48.695283671850184,27.60217893604827,33.22362723331756,9.87971221221352,2.476133188510726,47.35763541715568,WARNING
94.64504581607692,5.191354300555967,26.840676797409152,36.69683494363622,8.355101545820595,7.606854828586322,55.27022876459485,WARNING
50.13116998750205,9.330310883101522,22.54237938079417,59.40820550401034,5.063763245853005,3.89578204735335,30.130810459360408,WARNING
30.52072626199912,20.118399751218114,20.427221477023146,60.50715225377645,4.231435213464778,8.395292676268959,21.442866253986022,SAFE
64.17862977048048,19.93472457248469,25.27178361746701,75.26424713038193,0.16265074117443268,-3.461750654952156,38.57665290546392,WARNING
94.3505583788035,32.701650349078704,30.65438142566598,40.17673589602137,8.33374774254387,-5.916018748144478,56.35354180685921,WARNING
24.825353152124997,9.592557143592762,23.16298921139044,77.66562479894014,6.020315961413084,2.756742640201878,16.94069605351654,SAFE
95.43254656787835,11.528752756278132,20.118350771953843,59.94418247851456,5.078448532241586,-0.4469924520341184,54.63598989990102,WARNING
6.1880211246199135,22.721743328739226,25.75119130181398,43.72823386121566,2.223815801790928,-3.3494328049085853,6.137924613534338,SAFE
35.31330751434124,15.438788818099875,39.57505431439018,76.63655427547437,5.745100995248622,9.621096768206197,25.23825284759457,SAFE
99.11980103191901,17.796985500865127,28.90375091479489,77.95308884923327,6.0862619929868655,-5.74141834325455,58.19274420549272,WARNING
68.93806683365004,10.287309102304377,26.787154873436915,41.37800815476758,2.4498021593384225,-9.906888368664355,39.58761511263835,WARNING
88.07088321994519,14.79952476378969,21.72748759045589,34.34937028405443,5.560182764609522,9.858411010678743,53.11478669398953,WARNING
14.502246727019163,4.981089047482973,28.76607760804181,58.166562692039776,2.9438035887794047,-3.9495581497226713,9.218166799051888,SAFE
42.44765018489495,15.7072807575303,38.30663167137033,32.09772856453145,2.345701598702746,6.171055924548426,27.82887709763202,SAFE
83.39581246649568,5.577753948210057,39.47526900025433,64.66774249495545,2.7259305598359562,-0.8792427037109096,48.01891935414592,WARNING
29.713861956796716,7.501112492720968,25.823561294978305,59.004596874480924,8.259696948354687,-2.729418502208456,17.99712808140099,SAFE
34.790154054784175,23.40003505406613,32.89111199928693,67.58081312161546,3.2679950479947384,1.7270493565027785,23.256994115283323,SAFE
38.93608412808825,35.8199925181693,23.293498410340415,42.846243252564804,4.260604198427497,7.788295798427352,27.210547808727053,SAFE
57.33257893506902,48.26980594907058,22.065553705621678,53.00877068254674,4.190785300453842,2.0041235281193686,37.267423828687846,WARNING
81.19646087075782,42.07240127915301,33.40389217411017,62.07681821227768,9.490295420448074,-2.3262519672315074,50.3638438971739,WARNING
83.27833141884882,46.07518635461471,29.830784885303938,66.45512893016502,3.7701985667090607,-6.822419716091918,51.66340653493723,WARNING
58.65038814724252,9.823582542476593,29.151982616077383,73.64396566641666,0.8601818756368051,-9.391429286707007,34.67287824313759,WARNING
60.64778473818876,16.553066329744752,28.358754138518307,50.285529432916576,0.8662022900956357,-9.928671346408109,35.23711253205482,WARNING
89.84232428642643,10.88992804518732,28.521579837285767,78.59628983355393,8.267625819836523,-7.841382894745957,52.52154593658709,WARNING
50.85190316125857,36.5039513247508,33.96785569998425,68.04209262022351,4.5745465488803525,-6.481541413394359,33.1981666146217,WARNING
46.48724439193727,32.3943624586646,32.17184173210336,33.526102689430374,0.6495243408219176,9.305156623104239,31.88321515522755,WARNING
15.180545503977106,14.723123200586096,35.35268964312331,50.48385379115875,1.814648532600327,-0.6553523538043713,10.454171945590137,SAFE
56.89499707633659,22.638330463903785,38.37892150944218,44.234964754975216,6.61332160699671,-7.754105571802046,34.84394535644869,WARNING
39.228545766402654,37.04966257924868,24.496338811789307,59.48855228272063,1.5343702920906033,-7.945966172772579,25.856995617597427,SAFE
52.323274892504266,33.750549804301436,22.267341324689667,75.88881261864574,2.257722626974669,-7.600493836814,33.696815867354026,WARNING
20.269890835021055,8.478622826592098,21.81349301225898,69.89196173893538,4.95537774744111,-2.2296111924263435,13.397994565626668,SAFE
95.06279269841332,18.55041935323954,23.33945452094379,43.702144596329816,2.3896653358859643,-0.02517440873390342,54.6569812303819,WARNING
29.150512395457394,25.803058609318093,33.38586849893578,68.8649392856629,7.101577812672309,-5.888185670872781,20.330706958296926,SAFE
11.589971924275378,27.122507955062545,23.978235824162905,34.246686088575665,5.270943429794172,-3.4641162978440914,10.189036429710493,SAFE
75.61490119385039,15.709581527420902,39.574342741116276,67.92615956303541,0.5769322148886213,0.17745480712552286,44.84851649673693,WARNING
56.262050121411036,34.76513553407988,29.955935940675165,54.17217992072866,3.6793861167761275,-4.570772322016525,35.061016219093055,WARNING
94.62002119767344,15.879833481718597,21.268426491606615,38.36423696467061,8.572766360412897,1.7326691824676779,55.17253398859257,WARNING
77.87805493770657,40.439077306984714,36.464728784221464,57.530685387230434,1.7712059569910488,-7.035344955277165,47.91516895285923,WARNING
57.398442037511245,18.32571768428382,31.160964824915347,54.92389221189324,6.021980796975485,-9.357764185268692,34.25705678074877,WARNING
3.283668063012335,36.07975854242544,23.862544876454397,62.60992310960282,5.465759107914545,9.635889428092469,8.301828041570971,SAFE
83.54058788830623,20.656726066567472,32.3282564018633,35.8644728612736,3.86386042962381,4.677754821797485,50.214929108095355,WARNING
62.26715841286536,24.22356621886789,23.53058208105338,70.15729630787723,2.7316660441157694,6.40958163323819,39.16912908915736,WARNING
61.16090627949935,18.636571397439372,20.812104439199828,41.62094221721884,8.890709254881639,6.35948687791435,37.846936098974595,WARNING
57.48533129340979,23.316123198106347,32.94285358660218,53.31240639216507,6.443048407191403,-3.8519180067968417,34.833459950483956,WARNING
83.84972179114752,35.09589467326333,26.599512568553834,71.53330574117206,4.87342530853179,-6.50722270525077,51.027248633370355,WARNING
7.771246200352666,34.98028738186102,37.302416084160214,70.37209942972717,6.556510302221518,-7.17249888790464,9.733765439185513,SAFE
9.404407597665355,17.25148115058627,37.098217807975374,78.0868135153332,2.4136085484707124,5.2419134116344,10.075886969690417,SAFE
57.38692169072057,1.590368353897137,30.858326998658796,70.29702014946776,2.761227833440265,7.9472324794092195,34.757119010246214,WARNING
23.62604068746369,3.8236566322027157,23.19878618879128,71.85014343604593,4.173059190395283,5.938911272433154,15.95569111769443,SAFE
53.12330609895951,24.027956239721572,36.138263029849305,51.17438058561879,8.020327310663683,-7.986756700731088,32.63726252470648,WARNING
63.631081553925654,35.129352827599234,37.98194792283485,41.21619593580975,6.0421988009285155,-1.3348687262155394,39.90042767681672,WARNING
38.277165554402906,5.335677760597873,22.684666611898844,71.84942307238231,7.49753432325562,-2.3531773941779903,23.169123370168343,SAFE
82.84865813896309,4.038309241178922,32.495478340663375,73.40880263571441,8.388642310312495,-2.5443448011628034,47.935239064882104,WARNING
74.52338530569891,21.373407275993877,36.80276328779899,56.53809750775115,7.648570491050411,-8.428568354166565,44.42467421006382,WARNING
59.00259716088628,27.514208873466934,32.1995344347032,64.7820803957795,9.181089700341419,5.71364163552062,37.90371287947948,WARNING
21.96379914349047,41.2948134646048,22.441593552301914,61.10992928375348,8.827538082459432,-7.9775589157019215,17.334364566075788,SAFE
84.96926533102605,39.93103671151228,30.075508676781414,45.4448801147702,4.054382280715439,9.373162714004234,53.28508268815274,WARNING
20.169755615184638,28.980214391494762,21.664814957573675,40.89465320945861,7.633163880745206,-3.948019192789456,14.995071813186673,SAFE
98.57660705627346,25.040852154692,30.33078650615486,31.815736966786762,9.56526749577266,-6.515331182311641,58.37523494817664,WARNING
53.83405988104426,19.78373049793658,28.311694014892115,62.16500830180542,6.620886770924774,-6.914227702838063,32.691985438749114,WARNING
49.95866531218922,39.52387245709284,28.86572967104459,38.290223541329006,3.132169431566907,-5.7524087178985965,32.365036945477485,WARNING
12.581746791483706,18.87905637176769,30.818724863961503,33.63757626383159,6.038233722281834,9.860488803392151,12.190933249291826,SAFE
96.41249320200836,41.458674099957946,25.32682225604806,31.120379823968364,8.33541702882851,-8.885595360425736,58.549831644145804,WARNING
20.56280814707704,27.222660772339218,23.56756078287287,71.68941656493209,7.771596962598291,5.115390114744995,16.599561218308168,SAFE
81.61276158975765,10.985089013230603,34.577847522994986,47.764075129588235,6.668447595683995,-7.559565427376505,46.90963877514431,WARNING
70.5586580064515,48.60538639503898,20.872007306374325,34.69144505835424,1.2363676733801388,-1.3887219011739749,44.7014463084848,WARNING
29.07801849330537,40.346007677034684,29.47574478401923,54.22686713442762,7.170381013253538,-2.7606203492850856,20.821160585606442,SAFE
35.32072474204635,37.84631938137402,35.600834916735295,30.719938626640975,1.4379047584073301,-5.738036377030404,24.77697059868798,SAFE
35.16004687578763,14.572404171597652,33.37040096776553,71.4067616901479,1.9208698235602417,1.2596012120389677,22.63208806532444,SAFE
36.7816251081036,25.288893752303093,32.41515683566788,74.67999093410056,1.9229266782728072,-8.259868258878793,24.459686907089353,SAFE
62.721191904535246,19.706542438631324,23.25805386585977,35.854358367742236,5.589097868740298,-3.9905881094360884,37.541144073114424,WARNING
99.7426379585978,20.295040966535698,24.245732175303655,61.44245225586389,2.442548896905069,-0.11827913537677759,57.619918422755624,WARNING
48.257618372100744,22.67788148578686,35.9217139253915,40.830650073309194,9.0430730507047,5.826810064270687,31.431547111227587,WARNING
33.312236424332376,9.030125314006925,25.590700490134825,46.631812345453916,5.569331688070466,-9.072636623726996,19.701153556421072,SAFE
91.43591298520532,4.933742833055549,25.585467882000696,35.46437189764833,2.5667282652566015,6.753476372176166,53.01821291208417,WARNING
61.51758113832423,11.366161254474033,37.435170595986754,70.03560296092424,7.536492823215806,6.952653967714259,38.36217986407492,WARNING
61.96496815183151,25.071868010561616,27.47870052342779,41.18820102038492,5.574116576468948,7.7898469142817675,38.98911947139544,WARNING
59.3981788992325,45.98034308603184,27.13834739186327,64.75689862637489,6.486654724626412,3.408676881254838,39.11786311657526,WARNING
64.50420122407927,11.082733746855839,22.87181796566298,78.93141281160294,0.452951288425012,-0.6452702594345929,38.16121135464743,WARNING
42.50803171418619,18.000947910753812,35.639677071534194,67.2675144156258,9.052249235299403,-2.0902494762615564,27.027484270000755,SAFE
56.41795279294597,44.615352367106034,39.87696125710769,78.46471811826774,7.178438712687342,-7.135448843796408,38.017415177234035,WARNING
2.3186011793026595,41.26091782014709,36.818840489836504,67.31804541317348,2.7992348599922012,2.7963571919705323,7.557399907175388,SAFE
31.624844181527422,22.532412305046236,27.64870169961021,75.68200433950278,2.3415733074387557,1.5522180914750034,21.490963115967297,SAFE
36.098152903385916,33.15355559571129,31.2912628235495,76.19888406829702,1.0161215170121318,-5.587183204864732,24.84465307687632,SAFE
76.63479638310558,18.43934199474217,23.31567572457448,55.166062962269386,6.521420616113862,-9.103465716930028,44.66166260287273,WARNING
29.16218893674447,40.471126884802146,30.404891332203885,31.768960758666,2.8195100527470087,2.782813119588427,21.965651258921604,SAFE
19.935946957802475,41.369570310970715,33.53151814167329,53.568953047389655,9.156237810667848,-2.1639845815067655,16.164563307874975,SAFE
23.507341056408528,33.070149626335045,31.46590374940297,46.76239504656125,3.4366456132397714,-2.0357938273179643,16.89306025946227,SAFE
29.11385674793693,35.51207031804612,33.0271681010241,52.03888262731964,3.9785467577923717,-2.6989746128058982,20.266058117476728,SAFE
28.346832139225352,4.284833157852969,25.36409371045001,46.06006743465325,5.476840062653433,5.4757701815609945,17.603438345593954,SAFE
39.57021448340316,47.23784529260459,36.54699926882325,79.24009239418726,8.762030410414818,2.334518986187584,29.431762396040984,SAFE
59.84792878167189,6.476306337710852,34.447984977831354,60.01034287963357,5.069321033959847,3.8657374511457725,35.56352139849103,WARNING
44.40478428379937,26.192983120414308,27.967046096065125,65.8685446685345,8.766109705478883,6.8168987826520535,29.785394448165423,SAFE
78.60252720494688,0.6893852272275458,38.23760927754918,43.743786036169695,8.879739429633759,-6.060637938212469,44.7190066189942,WARNING
43.96457514247373,37.469939716345685,32.80557890554345,50.79609690147149,6.786238567402783,0.97899020093279,28.892704058902567,SAFE
27.573630663553228,32.31647227485699,24.084941726890467,64.69941421295827,0.031108776232428026,0.975450275235394,19.374513210602068,SAFE
40.1067627556141,15.155188690097365,30.31415934469275,62.2655816267944,9.653122662134649,6.6612897977619525,26.26813952583097,SAFE
71.71498830838108,23.94834558395732,27.842882393287084,31.62648272929986,3.5909690305904816,6.96754277345233,44.47195511742468,WARNING
38.402458197628995,23.079249953107322,25.436688480498095,43.70663794066834,0.618717608917484,2.2760785123960154,24.25193111392325,SAFE
44.806940304534635,30.29804037453973,30.937738000577056,69.94222936485875,7.510119123114727,5.429077062757589,30.42894094192707,WARNING
49.92390069416756,17.694067567696525,38.668731810659054,32.7134886858277,1.5262130785023031,-1.6080181564672067,30.851624948728492,WARNING
61.39576525680111,0.4100187403360822,34.38645638622284,57.93632713949574,4.8470275867692525,-1.5300992234426367,34.917163320898624,WARNING
51.94870317406245,8.08928672408738,22.17423478553965,44.48187393759192,7.095047919853247,1.765757676709928,30.505813913321155,WARNING
48.01230176190126,28.576048294798017,31.185160260786866,45.35209627449627,0.9745594724472584,7.935647373261013,31.441881446114593,WARNING
59.99112626239146,34.88739998404258,29.2799444873391,67.82402899882813,5.844972639786672,-8.923977558056196,37.881306749017256,WARNING
89.00970353936911,15.276807339394344,22.75781554842671,34.40205038521579,7.2044031384211085,4.079367336087197,52.55111800804881,WARNING
70.01621248132707,45.7876386340783,26.97886043995303,58.05665281794616,6.194955829943495,9.589636571329251,45.8171314967957,WARNING
31.23461437185918,47.816559995197025,22.974686661647628,68.2000728013921,6.328859000204128,6.3379207454397495,24.555990310127633,SAFE
2.868557363984714,3.906552146952791,21.393915591382918,59.647972774864385,6.029360675755379,8.122097787099523,4.556952215268619,SAFE
46.76035145184449,3.402452750248197,24.190588032450307,30.403654740892144,7.76714525128405,6.31198873761549,28.72948144495947,SAFE
99.7940416284136,20.609722452654715,20.38596750803185,41.73649407451861,5.877688676632959,9.238859341054727,59.733228363808024,WARNING
10.35785514707943,6.07865100803714,34.035179705578855,63.36035275107748,2.5050635531183305,6.262895820290378,8.80229439624421,SAFE
12.87787554774632,46.28709223883799,24.020638606648426,34.06761863615025,3.3952208647385462,-6.243174229309101,12.72688895624127,SAFE
52.69412250360329,34.342326868586305,29.818431569565824,63.03036659054888,3.6492051439998443,-9.4415480552272,33.49090022904617,WARNING
97.4064124225149,40.97067522699977,21.468376481692562,52.458819807816724,6.350190700718747,-6.188114588547242,58.28762605642533,WARNING
57.79886113627715,26.682430905884353,24.165303770694095,37.06051546387266,7.589622896186374,-3.5482710770073256,35.525806898621845,WARNING
24.404053384224333,36.893917640299435,34.72137384045964,43.82008281681146,8.725684612518537,3.765003301446848,19.095970567451037,SAFE
34.57642178215381,21.374482509232944,34.53419371861236,40.579191644774596,4.687607924752241,3.071166845161992,22.95084410006979,SAFE
53.94985480087132,30.41641729522466,30.924249989535593,39.961372189501006,4.102053449726214,0.6397099095509144,33.84525041439992,WARNING
78.00627423459461,32.69521185847713,28.531818903718694,78.71999160795727,1.0779552167972517,-5.863902628900632,47.839460301298416,WARNING
34.1312610031664,11.428603849395508,32.508839936120225,31.97753646681276,1.7743678427341592,-4.1330552468279125,21.280337502283153,SAFE
68.33457750793166,43.793244129056404,35.96983541106109,39.104046662512744,5.654057584410691,-9.399547093106255,43.339334358916005,WARNING
31.053677535286116,40.299189741416335,29.13331427486679,37.49706611379173,4.385533814883127,-6.039341490755435,22.16053071734691,SAFE
39.319145786396284,24.39167363739217,26.99116225022057,76.84844752169305,5.6253029755638195,6.857853478937933,27.159513879418636,SAFE
76.07285470555803,33.05831546338883,29.937774966051645,30.108689189079374,6.134676005520838,-2.8808509399500455,46.694089723520456,WARNING
11.77621668013188,22.231313180603884,34.71106644566609,78.0838897349352,3.74104891122082,0.8544659740995346,10.947743941543937,SAFE
85.1244383363585,16.699970997500742,22.845144899416308,44.09409156163446,8.991228298083879,-6.812137830763245,49.34103777659891,WARNING
32.92210610067821,23.23201552501703,36.9422644698184,76.88566418264872,4.258103096332548,8.639080967070313,24.312477688728766,SAFE
16.145909485775455,7.84261459481852,38.985016392695954,55.484006676416556,1.8590783535395394,-0.2401925884887639,10.730916747790957,SAFE
78.32111553790514,41.34601828617618,37.27938513298484,58.47854515437093,8.669460143678803,0.2006041760650934,48.7227057312302,WARNING
60.705990239107734,37.935990113582264,28.50870585421017,33.67907435693874,3.501663568576976,2.478884335919208,38.84423526334374,WARNING
19.233236963947686,7.419268174982002,25.861610891828754,31.60557311389107,7.4342289808691975,-4.825687956233224,12.654720485609774,SAFE
12.423839663659953,34.956470798171765,36.85856025086576,30.993779793088923,2.3359977074122487,8.904646497391667,13.769727102567941,SAFE
38.52541359327753,46.92960316909656,25.48425076741355,40.9033817785966,2.141084117279959,-8.295426791501235,26.468035448517146,SAFE
89.64322885091256,48.99175113164505,39.09017614543276,72.6014069913637,8.468879076509753,3.2217093433797537,57.10531596050768,WARNING
82.62137119506136,10.417118217152389,27.75825260774257,62.041814664737394,8.747713325615964,3.2093892473756735,48.302732858378924,WARNING
83.90219583342059,23.69747579246487,34.34607475410088,78.99904031875434,1.5348855712975773,8.538413846317798,52.217638089099026,WARNING
52.236394784190274,32.1609015365029,37.557380138210256,50.48270862761585,4.1869257489005065,0.5436367269420082,32.91618535607967,WARNING
1.910208449685058,24.83330904716754,25.821745299884604,76.39770911958907,0.8773529875303132,-0.8135907596039633,4.938785922393736,SAFE
94.7468170377361,45.051762515923876,34.026968847491005,59.468052599803734,2.8073093713284014,-2.6608577449509045,57.681042163278406,WARNING
9.013486475412725,39.30541488791188,26.477395358076237,63.389094951510366,3.5759477719861343,-0.713391172074747,9.810080954346823,SAFE
55.5002472376395,40.09262041953018,24.223127550813608,49.93826934149282,1.3008157189181757,-8.484789901574814,34.64136896398533,WARNING
60.467435616879186,9.454552217945134,21.195986838521975,74.85489656032027,5.343144197853959,-7.307435851940307,35.90264750706067,WARNING
5.342612744754971,5.993002670682807,29.42674480641228,63.423262758444885,6.412800749860455,-7.11153827471003,4.7508776924193965,SAFE
63.34889518377088,20.24328121087997,29.2948756859893,70.07152031226585,3.3249937267963836,-7.060019056732925,38.25078995841456,WARNING
87.34531335663405,10.6065287933169,25.880597411092854,65.32950294513111,6.8355031705760725,6.008000425676574,51.45445548695575,WARNING
18.386664144794107,17.613994665710166,22.517664779125223,57.051957358430215,2.925705925387012,3.778712820171254,13.252807235476627,SAFE
0.03443679845410719,2.9841499229789625,28.651206010386865,77.90920779877843,8.90851387359183,9.880180561239666,4.316837727833445,SAFE
41.68302248640449,2.3284243136875773,26.11912284039525,63.788542608697576,1.3516380976741527,-4.00055642479998,23.971469976229578,SAFE
5.616616454485868,23.748351919511713,24.17841355390176,34.56240134495012,4.112158094824791,-2.975491912516901,6.482541401717045,SAFE
53.75177369454923,37.45193276568195,22.251374728530106,69.55627951050042,0.26289979875180114,-1.137961950083044,34.43705903760638,WARNING
58.7430286885882,47.849933656989876,31.478460537392994,37.93745966356943,5.175418053439092,-2.0843210561716763,38.27948009078563,WARNING
47.93555676002437,9.854850732954363,30.01654084622544,37.50198821454384,7.440430806908699,1.8781252045119583,28.97341550414075,SAFE
7.8527691591783295,44.48072339644899,32.32759209231277,45.80535275639157,0.45642399527310307,2.6445339154326604,9.894935326839226,SAFE
37.34402613483368,45.38090524392438,20.697556654283492,31.955121767112168,9.492992869069354,9.297478913590126,28.528816403652673,SAFE
2.77422267726386,35.801661747066376,24.42989704657681,65.06963831430363,8.687327966579836,-7.983370422754492,6.322342108917094,SAFE
23.8766416762042,1.2038834163247414,20.876596908888814,31.48089291088871,8.006823564264145,-4.034146431384467,14.785007950769117,SAFE
49.32114395719891,39.39221317985081,29.89887325413436,51.459803131229805,0.1157320648945881,1.3607900507351225,31.661728927104445,WARNING
12.474307813708641,38.23241203955131,25.15475447630039,63.70937054043275,6.462235278246794,2.3335120586004017,12.167130927963962,SAFE
26.695200753719263,13.354488858778407,37.2609608688266,30.64036663152135,1.8152263345395792,2.2034183528397016,18.130283999583618,SAFE
81.70462544031697,17.91727543364293,33.068869172216004,57.85782098101181,0.645401044820354,2.435003938613562,48.04487688316376,WARNING
81.39034722724935,49.62241601497047,20.592801453034458,63.0029086291934,4.145495531479622,-9.804242225875894,50.804712711866124,WARNING
61.43609437085114,6.121364927781775,27.57133700378273,43.06835462442012,3.6116340227109935,-0.14608836998100827,35.05771921684999,WARNING
35.92095324895145,27.63659352947696,24.772993804657077,61.76808837141908,8.537630041248534,-5.518659061695752,23.546819870271516,SAFE
50.78772158556225,32.43448922749443,31.292522624268322,48.28247230961129,6.4219970800574835,-9.435075875798475,31.898298164544407,WARNING
36.9906231996433,26.630610732050158,20.412263176717293,55.38244148421499,6.542544607656283,5.184153954260902,24.87037076961871,SAFE
11.33740814094304,49.52824374458474,32.12335402670191,48.1596896306165,2.4909285445671383,1.4579372336682912,12.052715945743433,SAFE
88.17116471665707,26.028269807068238,33.22944111209921,47.88482197702801,3.881522880889726,-4.27649788456216,51.80827467566626,WARNING
70.56372943682398,17.959377670828253,23.814328080824787,48.470028558311895,8.538272078327562,4.765040871538469,42.12169290360325,WARNING
33.46408444635639,45.34044824183512,21.49665270234934,32.487689570682164,1.2747035478524127,-7.670904882827938,24.053809333420574,SAFE
8.783431501234052,33.06713059989962,32.01684759310848,62.380275529085736,6.8836605416203,5.137595049613598,10.479158578782137,SAFE
20.717692748641035,31.11517566173999,31.600973186727465,77.18300129017368,2.323677242396486,-8.825541312513373,16.31163116389145,SAFE
65.34950697145432,37.00864201183559,25.66392011615101,58.54242154698345,0.5953606553415058,9.200896823365781,41.973357516080384,WARNING
10.992497329916862,3.378526807599785,20.88220318989238,51.36359532516764,0.9715974345719003,4.892964819111505,7.684968654528912,SAFE
89.88741606264057,13.010946616242853,32.575462385027976,32.11692235059089,3.865644716927954,-4.141157731445433,52.20538273364485,WARNING
22.861909644035883,32.23617448143495,22.604558927170725,73.03552616484941,6.648359063687347,4.21470357376116,18.244574782183765,SAFE
93.53443086576682,47.11864357512574,31.033046476384715,54.76899086429903,3.353816082269101,4.311432204049366,57.72588044564184,WARNING
53.820888697981296,46.64375398700623,24.772518974252108,45.51263431252454,3.160904474199687,6.119969091134141,35.88364556018832,WARNING
9.904033184215233,22.782456049448985,28.551614739460945,33.65698105068793,4.1079699854434715,0.2675596656796273,8.979105973110027,SAFE
6.510469250491324,25.493106422233367,39.18475809366802,78.9457161580766,5.316797785898112,0.3019386520591798,8.61282006228754,SAFE
28.550816641639145,49.85577358560508,25.48458342050452,52.64506502199782,0.029340578026765263,-3.015354181817262,20.846475962488494,SAFE
7.14403006088239,37.191238519256615,31.220289060598645,58.608593864382826,2.86511285899703,6.297925805059471,9.792625335621796,SAFE
0.3270925331250174,16.680058958209603,33.18994980917736,75.39612687084605,2.3461595692523307,0.8220010345483608,3.8089188084131793,SAFE
53.799142053332105,43.70871845218499,21.010337791196847,51.22377805353536,1.8246567479193154,-9.569347994028039,34.31230482506405,WARNING
14.703094052048282,48.823533642409956,24.296970190405357,76.75153866679,2.0525434263094167,8.62590454768969,16.169591597540194,SAFE
65.46209352003144,5.660928875096339,31.638303102531555,45.925701877013935,3.831531559780702,-1.1965808433005378,37.29745096279184,WARNING
42.270702253033456,33.205444524151446,35.367361371815264,46.45888446005607,9.243639616856898,8.76932628037753,29.480901774089862,SAFE
4.06904371511434,0.7454394441509249,28.50132660302122,59.53226254938293,2.779047474520616,-4.811724978284513,3.1031498190742175,SAFE
67.83338297091906,30.08521423277849,23.34293749986219,74.22504816325794,6.7997607016106985,-2.7484750166198335,41.950975625533665,WARNING
68.362468999115,5.632654338390797,29.365122491481124,38.44922047797797,0.4143124612843663,-3.2334745942340053,38.9791341070917,WARNING
15.073548348078326,31.675897847691235,33.48135788035421,37.43461531133017,0.24613005603426275,5.856211232703208,13.69392725400576,SAFE
0.20570207285622866,17.195654459189434,29.891665960913397,70.93210942692164,8.385586427461407,4.49878881220911,4.442927439196514,SAFE
24.719762253989785,36.00934671595854,24.930783957538836,40.73040958658508,5.471279542305324,3.577088876681252,18.652725986535554,SAFE
5.30517659116806,3.001130056230422,35.683413736335794,72.97486254827399,6.0444091634189405,-1.4234398058622801,5.2030944031669115,SAFE
84.53164795991859,36.44085163876651,31.59188396862537,45.98785609743817,1.9799506165681624,-1.6265392145696858,50.765690466219645,WARNING
28.682257596021156,16.962929386723047,30.31262110624065,38.45469784758049,8.061766800738255,-7.089410765704651,18.71751911945386,SAFE
48.09936394209524,37.29856690402183,29.700414153791925,48.051103179431934,4.74891305822751,6.97341397748281,32.1491008556805,WARNING
99.04316982839576,31.557164464471775,35.868880852974016,30.724434307964433,8.803644095245726,9.080995198558362,61.39306342378929,DANGER
57.51693417575705,37.69024310301099,30.2548948592015,44.31018702277949,8.522479719830129,1.9367342399188363,36.76404433276385,WARNING
57.9383083791407,32.95661019206032,37.12006331657697,66.59530628854822,2.111241942157452,-0.6635291118536095,36.70306120509755,WARNING
98.02983319862062,27.728035688138732,38.76490706941597,70.66847431565279,6.6602344180875885,-3.012695946804895,58.74389261821303,WARNING
30.4319347525439,32.1710532648794,28.651224816928217,69.93768114083636,7.604567395401959,-3.7573902652297146,21.514343108045413,SAFE
70.2728783061762,24.727509504859203,26.465842016279943,50.648329638232,8.95351867212262,-2.8096461575491904,41.676218535214545,WARNING
28.739927331945804,17.59036103550689,24.292368724173834,57.231749369816434,1.4743643632253223,6.348875728738328,19.306458532311943,SAFE
22.558024724562607,29.902751376982284,22.500509978397872,78.92265741071631,4.545754588936472,6.443426815176288,18.484269200305665,SAFE
76.86478356499838,35.684652357283944,36.54729742409219,35.02318043298529,6.784971974719621,-4.683455294524377,47.50955064476883,WARNING
78.58716640665898,47.84343799239444,38.029790596853914,35.747611123683306,3.6955242067282104,-2.7135448560480047,49.55617050689683,WARNING
12.22962663595306,4.9063026673413725,27.697802699383633,79.60357752482557,5.689426510662752,2.435632572085124,9.603591767668943,SAFE
47.10189100186823,33.11652761520114,39.13324161489539,59.43489768071959,0.6503845972119326,-0.14218861663602667,30.42861900718899,WARNING
99.27512732519513,19.370136029713166,31.87762474428944,35.33183817144085,1.411804987365669,7.493629063079251,59.184939022455204,WARNING
30.034462825161146,15.27256366772965,27.744259920046563,78.32393364522613,0.8439049603687643,6.375282051026698,20.916872257099012,SAFE
34.15578764659865,42.473401299273746,39.83511299009085,47.433370510587395,1.2935636621235524,-7.112490040341434,23.967788642637988,SAFE
75.87408909491859,7.246077616906827,25.208431370692733,40.21991718310399,3.5567856403098252,-8.512668497006251,43.13262175529084,WARNING
85.6742482407258,43.00731559004968,28.258657969653797,60.604378451173766,6.419515709043047,4.985162306918575,53.43272815928141,WARNING
52.06900875440511,25.5168022720843,32.626075546564216,65.15241978349388,3.4669037702925176,-3.3925905346236984,32.50190499714878,WARNING
26.971840409590918,27.442327765637426,27.20311379111545,57.01566338538159,4.059847658269216,6.734683651053217,19.589612973787702,SAFE
7.3130239745460734,28.610529680233732,31.512475011743955,49.18586552693499,4.2102089456314316,6.002627217658571,8.660582519077447,SAFE
28.067371026033484,43.57018957130814,37.92686608269386,62.5309652201098,7.728577137080984,2.2589505670897676,21.905183556861417,SAFE
52.52591137465916,48.33388771251148,25.653099284549285,37.707547332155606,2.874853631425153,2.292512167588903,34.972162740022405,WARNING
18.518343810114366,45.440702161315706,28.220488013307854,72.49814391459218,2.492365445288167,-3.736632898345049,16.139709180353883,SAFE
5.922339717249658,12.888384609278697,29.806276379266027,77.30684588616211,3.889029738914982,2.7948775896669176,6.905208423565721,SAFE
42.7710117468788,2.3395925383970617,30.070652517934054,33.29568233519604,8.83699924597536,5.060739239018279,26.300762033862377,SAFE
37.86514712523662,32.010933309564486,22.24056310626664,65.12774934813254,8.227324089914696,6.434912970764689,26.619632360578557,SAFE
28.427754769065583,13.187309763841332,30.42795375805357,78.38860809649242,9.205229776060852,-2.8072303648803647,19.105085680900544,SAFE
77.98295061830441,46.06588820457287,25.2185293143521,71.51478248014699,2.6789562690917657,-3.134357482255787,48.71782506370426,WARNING
19.882069085075415,25.353989953635676,36.86621788522483,56.40260687177562,1.2344000969309754,-4.9644813554566,14.44569823485162,SAFE
56.28618672813389,29.15937277852801,31.538118070897397,33.8501746253108,7.536958926347542,8.188563979780131,37.02229789287917,WARNING
51.05189477298999,35.94146433859314,38.28030984073102,62.13113774740079,6.743257244310511,4.42808826767909,34.16604145416175,WARNING
26.050245145406514,29.133893735841372,36.84350229088913,44.80813651303753,8.971704995968603,2.40763899531264,19.02290554131126,SAFE
42.317485143305625,31.15914807001465,28.03719811378153,71.90178009240873,4.8231858006759705,8.024267195086733,29.483493275180223,SAFE
50.980808084782645,33.01841948186936,39.95488842013701,37.348292050427055,7.3672914873340565,-7.222555441681329,33.089980787669596,WARNING
83.88663657643963,29.82266905810058,38.763191212129186,73.29783009724342,0.7487203746882343,-7.253949166422782,51.010404107054896,WARNING
60.11709286068252,25.91573199710374,23.37130261226889,36.467961413582486,5.639907834416132,-9.02156904050001,36.696006463513996,WARNING
87.3735302953439,40.35414599013102,35.707399434221784,30.799857352037055,0.47640943412737946,0.9967824230145723,53.80941032187078,WARNING
99.44256888941777,17.115810048567585,26.887496328106877,36.71389834309917,6.743358037395014,2.933533779880113,58.08754845113269,WARNING
10.132241637915907,23.370614353417558,33.34149817643949,54.675806816096355,6.743635818647555,6.325407948629795,10.162922966480634,SAFE
68.58154331217676,30.805711791526193,37.071805138889864,75.02942839348941,3.888864371758042,-6.535002245522281,42.849924896056706,WARNING
81.78604040080506,10.687655364974159,38.579013394981715,31.143897261095173,9.212711826193035,1.7836598522412555,48.490211125392435,WARNING
77.47421165128814,19.924629353220226,39.834325838177605,41.37757137831452,2.6434366263817477,-8.971351119250542,45.908288897842745,WARNING
94.04733630614382,22.801465179933807,33.497048294386985,64.37203637314204,8.745020922826775,3.298505012928185,56.246587768475905,WARNING
56.20211823041872,35.51592620955218,35.01941598006253,39.2963973124241,1.09667038976753,-8.503022990288738,35.553742100555816,WARNING
37.40534945225367,24.90001199188726,32.312997965797216,77.9017259844805,3.3078782020700626,5.217481041545488,26.03256971385473,SAFE
53.13576195948849,11.004496604345842,32.30610858257518,78.35880891448518,1.243082992512724,0.1455952909845788,32.19963782082883,WARNING
5.160835415052823,16.060814944818112,32.41205355187982,72.05284680153773,7.30328421726071,-0.7428644356905227,6.282950201294777,SAFE
90.92227571041465,15.135733251188533,35.07966820450333,53.70045108738312,8.986357546727756,5.948656433075204,53.848880094392676,WARNING
90.14696613070952,10.71239244710367,33.36300864232416,66.923170404082,7.424142652825937,0.08000900934675137,52.303588503431556,WARNING
1.125052234795254,13.071539193453747,26.466017500087624,72.60183086408807,8.408858171042203,-7.906397919244334,3.5497679752436593,SAFE
94.98358817712575,9.122874332574549,28.287189026018424,40.75784830553777,8.603324688293574,4.988040637186238,55.20750232855258,WARNING
35.352880688780395,34.093931301302774,23.687337683430847,49.11485461880008,3.771075883381082,-5.241266365572043,23.15192168801701,SAFE
87.63120495828825,33.94228677395631,25.598786211275986,42.10603803145187,0.17953470999239052,-3.0683549241529073,52.025005548944996,WARNING
52.67712833153182,13.88554709541882,34.0091655285954,50.587476450563315,3.1631783701066785,8.781153175806622,32.755196944508974,WARNING
26.280087728813907,19.912881004832816,27.64581577041544,42.05991728356241,2.174767398104167,-3.952399623731928,17.083369645578795,SAFE
86.42361699311809,38.35414436146453,33.61999028320105,52.85514963212467,5.077539846326035,-4.657223090130794,52.196037770443986,WARNING
7.431591383591762,16.552027836024113,29.911675119847324,32.86565232596662,0.8823330205710644,-4.739495342308655,6.88899583530047,SAFE
36.708037359276155,19.66584055593526,22.357721325760103,41.29106772673944,2.616472520636087,-8.647302475975076,22.854388776602242,SAFE
32.60997005896973,3.6110786377753614,34.0691568621934,49.30238832786552,3.267523893783747,-7.469556569927862,18.948306017616474,SAFE
22.65036554448958,11.635260446956181,39.70408429746606,71.76746897542466,0.15262291633431624,2.3367318153695944,15.919782266700059,SAFE
25.591009642192375,5.218846440979213,34.1119952623951,36.58027747341746,4.437407795297357,2.6433032967984857,16.47405688587718,SAFE
55.44947561549887,48.88145491513715,35.71485226245045,68.70966880637448,3.5559539408103125,-9.832090158317166,37.03438083051986,WARNING
73.44109296706883,49.98660421478362,28.11758215487231,79.27592494785587,1.4170810953434643,-4.069752967265652,47.0817909632698,WARNING
17.072693174247068,23.75879864634079,35.939628030144405,47.03308457689769,9.062289371518714,0.8966082665957025,13.09362440502738,SAFE
46.542441374187725,39.351792109763814,22.02886994083569,68.68762356053374,2.429520001728267,-4.383749056335249,30.73793564785095,WARNING
59.945377332007986,45.09672125231026,31.568138995417296,62.44746743972435,7.765945896052742,-4.813504820150265,38.81870727439514,WARNING
82.72336728041425,20.898007453357486,23.51311386982325,47.50590397305625,2.4613111171822535,-5.425727897287082,47.90976741327873,WARNING
28.256319871916613,9.046540737104475,33.35403514165286,58.99958785175586,6.484418929834285,-3.125505523436791,17.637532099426735,SAFE
76.97334025740443,6.480437047708238,31.422734189227203,43.77264861232369,5.276099006976114,-3.527256495195217,43.87969007553724,WARNING
79.05117650912953,44.563591941904726,34.85162446743263,38.77918564246234,2.748668983883623,8.387161310368317,50.80299392672808,WARNING
43.722012765820125,47.05902046746334,27.849033777245335,77.58873302953319,9.25738987733331,3.2105377997323252,31.379874462099462,WARNING
0.882704846150284,20.016734098796846,38.224702593911914,74.25551445540574,1.8738780009611367,-2.016350080617948,4.454865827776281,SAFE
83.55099278794717,28.89389266250272,36.94598466892401,71.32836922242815,9.074820069524831,-7.6555882361083665,50.95989399766506,WARNING
14.521514145351567,4.140451448452626,38.70537682190863,53.758119218894656,0.6432528348244815,-3.5694019497191753,9.306215368570014,SAFE
35.14126411299669,40.477991173837864,34.70953784341846,64.46935247812846,0.21863552591378732,8.213915928527577,26.238153857610513,SAFE
21.555526691574155,31.45307023463389,21.236380860228383,34.07630459360273,0.09577296130122148,1.3185528909066129,16.253711657384002,SAFE
62.93796696169047,2.523115161661438,25.80969769528078,72.57272070890083,1.013083668229141,-5.669056708933375,36.087968448716445,WARNING
42.439120847242705,42.1137051316558,25.096981089504084,79.8568507681671,3.5526181313852834,-2.2710268303275383,29.22820947860189,SAFE
12.210620423079433,34.009895042826535,24.86930365568963,61.443379764752315,2.2315772840292656,-2.2425546554706415,10.807113406630942,SAFE
85.66720919544176,36.945295573703504,23.09181799887447,60.38540836870507,6.286406516738094,-8.18863052996278,51.74049445919176,WARNING
46.58056543359358,13.033419783380396,29.34260285526966,68.85354956614376,1.582595598103197,-7.533915888239124,28.161590367790343,SAFE
26.931649510577294,47.61377251732916,34.95648422369933,30.97279314072733,4.010048424833767,-4.852040418392296,21.223471457940715,SAFE
